player,Position,Team,Team_s,pas_att_pred,cmp_pred,pas_yds_pred,pas_tds_pred,rus_att_pred,rus_yds_pred,rus_tds_pred,tgt_pred,rec_pred,rec_yds_pred,rec_tds_pred,int_pred,fl_pred,fpts_pred
Caleb Williams,QB,Chicago Bears,CHI,493.0522165315329,318.9983198384172,3422.6862723244835,21.590454758492367,0,0,0,0,0,0,0,15.766666666666666,4.804999755532469,197.89260374921724
Bo Nix,QB,Denver Broncos,DEN,482.49793460555964,318.5786491210235,3427.477203335191,23.195491188741507,0,0,0,0,0,0,0,15.766666666666666,4.804999755532469,204.50438671064205
Jayden Daniels,QB,Washington Commanders,WAS,520.9755085759255,330.5760883834547,3496.995719516815,22.280789595627926,0,0,0,0,0,0,0,15.766666666666666,4.804999755532469,203.6263209854527
Dak Prescott,QB,Dallas Cowboys,DAL,587.5275752163739,406.3189499645403,4246.324776389457,29.792002888050025,50.28288984098302,226.48921511795294,1.7190636509005484,0,0,0,0,9,2.6822557117574237,307.61979460146216
Tua Tagovailoa,QB,Miami Dolphins,MIA,552.7603125457396,383.8493963438548,4284.892422198631,26.119755357477466,28.643774061467767,58.4238163077134,0.22403443582826055,0,0,0,0,14,5.469240636380539,258.12282529083495
Brock Purdy,QB,San Francisco 49ers,SF,477.6844046039196,328.2599096298319,4239.151085928598,28.137001485178743,33.36218395202662,123.61595006093748,1.1995572726307824,0,0,0,0,11.34375,3.277710066866301,283.7738178860048
Lamar Jackson,QB,Baltimore Ravens,BAL,486.85344988868025,326.3095753301613,3763.10906119718,24.486446652739012,128.67888068955492,681.4108463161009,3.27080865802379,0,0,0,0,7.21875,5.443430334873001,318.1304749688501
Jared Goff,QB,Detroit Lions,DET,595.7277164253609,402.27701286168804,4267.075702601363,26.750558660629327,26.688683280773013,17.236096293261163,1.0537551060834156,0,0,0,0,12,3.5815856950070044,266.5682316223845
Josh Allen,QB,Buffalo Bills,BUF,570.1218932079538,381.70795035985844,4074.20007816843,26.15237770824837,96.16976922269663,447.3115920572892,7.919861564889943,0,0,0,0,18,3.8212506866317955,334.1853411815357
Jalen Hurts,QB,Philadelphia Eagles,PHI,538.7901381818829,351.77994908795904,3783.36320605458,23.136494820284312,126.07463677771393,494.7969626125078,7.331968768087538,0,0,0,0,15,4.510580669881376,313.3308550533337
Matthew Stafford,QB,Los Angeles Rams,LAR,577.7514424461327,365.7546332440793,4157.590482765527,24.501354181631065,20.160925969263587,61.08262380048667,0.16253950045249774,0,0,0,0,11.733333333333333,2.136595745258261,255.38601059605912
Derek Carr,QB,New Orleans Saints,NO,547.6806793592307,372.5528951425877,3791.8607136439487,24.41108359129621,27.905884643007955,35.92489640777025,0.22466273386316485,0,0,0,0,7.999999999999999,3.611250686631795,239.03672758163523
Anthony Richardson,QB,Indianapolis Colts,IND,416.2027181286826,234.1621496139798,3186.989123687289,19.51037770824837,98.14985435799777,517.0534425427485,9.279117115004862,0,0,0,0,10.008333333333331,5.251824388474341,292.389140614507
Deshaun Watson,QB,Cleveland Browns,CLE,504.8120013452167,302.40902106061066,3407.2322405026425,22.09345293783235,59.828057125817004,315.5950929078352,2.096383478029415,0,0,0,0,13.549999999999997,5.888849793276128,243.47321194384287
Jordan Love,QB,Green Bay Packers,GB,566.3794816229238,368.0218572435672,3916.0375948874344,27.45608883240962,39.750515601117975,196.86075000439155,2.412950183421927,0,0,0,0,11,4.090580669881376,281.4484738863438
C J Stroud,QB,Houston Texans,HOU,561.4259548767387,359.7324143548842,4252.439346200874,24.730831354853542,35.46990950026408,159.37596436676264,2.04761645703,0.9066666666666667,0.9066666666666667,0,0,5.333333333333333,4.428558335989695,283.507077774326
Trevor Lawrence,QB,Jacksonville Jaguars,JAC,592.0831270263559,389.8225767144876,4041.8181673793015,22.7192854805527,66.73589041236578,332.18775730203294,2.921061344984567,0,0,0,0,14.4375,5.921199388474341,277.0151136405448
Patrick Mahomes,QB,Kansas City Chiefs,KC,619.689084960157,419.09519281041133,4144.712923171647,25.891579756817084,70.61988549136689,372.36136693481797,0.7045500350111117,0,0,0,0,14.4375,3.246191013264961,289.8883908311528
Joe Burrow,QB,Cincinnati Bengals,CIN,606.896169699914,409.1301354193152,3806.64770167257,24.40158128124248,57.418158505757376,168.86321124738674,1.052528201754611,0,0,0,0,8.1,2.4754567167825487,260.02281009357387
Geno Smith,QB,Seattle Seahawks,SEA,563.1472597159549,364.626494422182,3944.1360668534962,23.037606279676943,40.36564753337633,168.84365430290757,1.2106922080857736,0.9066666666666667,0.9066666666666667,0,0,9.6,3.375697364465408,258.1663250760555
Baker Mayfield,QB,Tampa Bay Buccaneers,TB,562.3574174022764,362.5596822694199,3906.963374911295,25.75122047774939,55.34006068348452,151.06257578477585,1.170253280896001,0,0,0,0,10,3.850915678256586,263.70936281478976
Justin Herbert,QB,Los Angeles Chargers,LAC,585.2767620852229,383.52721740991103,3848.610031197076,23.879452730770318,60.59898363906618,289.5766188238283,2.999341782668813,1.0461538461538462,1.0461538461538462,10.461538461538462,0,8.076923076923077,2.831843393757166,284.2445456541534
Sam Darnold,QB,Minnesota Vikings,MIN,376.425433062421,203.27135840107272,3067.1128913562507,21.174317102187764,89.25281452066774,62.605370001038075,2.470066179926451,0,0,0,0,10.919047619047618,6.658595745258261,204.22647903309942
Gardner Minshew,QB,Las Vegas Raiders,LV,580.7194682205142,369.36438002721917,3758.1411427018675,20.860835482033373,35.829234525130076,101.95353499783283,2.3068196793399083,0,0,0,0,10.043478260869566,4.958989865618515,237.84380121992433
Kyler Murray,QB,Arizona Cardinals,ARI,557.407477348077,369.51042409338345,3641.2631977078795,21.59354072224587,75.95725483144852,408.93424299700047,3.4625803989352795,0,0,0,0,13.195833333333331,4.868612495677021,270.76053916592303
Kirk Cousins,QB,Atlanta Falcons,ATL,628.3314932879791,444.554411243283,4352.174501154796,27.747241367396242,30.879410038375326,57.470177995736876,0.3438756065509383,0,0,0,0,13.195833333333331,6.653612495677021,266.3831586299688
Will Levis,QB,Tennessee Titans,TEN,488.23575329647355,288.60487616230523,3446.952755125482,19.621721870745965,47.76620223592558,112.39823395780724,1.8696928443363572,0,0,0,0,11.661111111111111,6.0591661900749365,215.04353465854103
Russell Wilson,QB,Pittsburgh Steelers,PIT,505.8736682883267,335.63784526329124,3471.8401423597384,23.918955050296304,77.5084294632625,333.89424089125004,3.2108471361792423,0,0,0,0,8.533333333333333,5.209798983672555,268.2510015010967
Aaron Rodgers,QB,New York Jets,NYJ,213.23525193200763,63.53976440824447,2309.8625904586447,15.828858480086557,0,0,0,0,0,0,0,7.883333333333333,2.136595745258261,143.55341271484218
Daniel Jones,QB,New York Giants,NYG,470.54861545164397,309.9812455928884,3138.534714252931,17.731030522101186,99.32041409408626,496.25621575880615,2.752933073429787,0,0,0,0,16.383333333333333,4.6147989836725545,236.99579937430286
Jacoby Brissett,QB,New England Patriots,NE,587.2550974866398,471.3741900223195,4238.349452560572,36.054735657852184,58.55834399271761,363.8496951505402,0.20978102961737882,0,0,0,0,7.883333333333333,2.136595745258261,339.24005160274004
Bryce Young,QB,Carolina Panthers,CAR,555.1601881754611,334.82285629428054,3156.2716775919785,17.449817541101858,40.63312987625418,266.35825948183196,0.45546905657096987,0,0,0,0,10.312500000000002,5.443430334873001,204.2194168859496
Rasheen Ali,RB,Baltimore Ravens,BAL,0,0,0,0,73.67571784201253,300.71296631090115,2.3797407575422262,25.472206716166,15.837445514821733,181.6293462760707,1.1865787548185383,0,1.3526836500442823,74.84550379018407
MarShawn Lloyd,RB,Green Bay Packers,GB,0,0,0,0,90.21501909024681,393.6946416033459,2.814712309595284,34.6054428341715,21.829750913166514,215.6020077899538,1.6556598927553234,0,1.6931714037678198,95.28043080248123
Will Shipley,RB,Philadelphia Eagles,PHI,0,0,0,0,83.47769035223585,384.63499795069987,2.6535645966158494,30.849935306750528,19.1024128414671,194.397577369521,1.2387215798524491,0,1.550145511636453,87.70788998829254
Adam Prentice,RB,New Orleans Saints,NO,0,0,0,0,1.778846621768447,11.695571476851583,0.034133867814993474,3.0336216348491964,1.9039545941036509,11.67515322108034,0.06146754974009866,0,0.055652876116270594,3.7513525199430293
Khari Blasingame,RB,Chicago Bears,CHI,0,0,0,0,6.6166473018397545,20.005237435909432,0.11902792937015377,3.995999137412249,1.8449092839834524,1.3303483290682954,0.060491802466833375,0,0.12786733055048144,3.8773969484104596
Andrew Beck,RB,Houston Texans,HOU,0,0,0,0,2.8685607372641244,2.0576031901240572,0.41111961481811304,8.926028422552898,7.218890331262771,35.67305103885459,0.8058773627292185,0,0.15243713459911215,14.379618184615014
Jawhar Jordan,RB,Houston Texans,HOU,0,0,0,0,42.81322627877283,189.86062651440778,1.263536487148867,18.534703809066897,11.13191109677765,123.41699869041976,0.7611097502870885,0,0.8151952471661654,47.411204999154975
Nick Bawden,RB,Houston Texans,HOU,0,0,0,0,1.2309674297795774,2.572003987655067,0.5196629485747107,1.9021934370344988,1.9286935671817333,18.255024769269994,0.05056602860538789,0,0.04774741065997489,6.372928701044016
Ray Davis,RB,Buffalo Bills,BUF,0,0,0,0,109.22400217471801,449.3035648682856,3.4674654004311996,35.59726306651637,23.46476129225873,246.09730706392574,1.7538982878123528,0,2.00513437527475,108.59038121826234
Trey Benson,RB,Arizona Cardinals,ARI,0,0,0,0,121.73176382277309,543.0610844994679,3.7320733579550875,33.92439809075676,21.69807429112538,207.88566196230823,1.3790808026226893,0,2.1674487826080813,112.2757391899908
Keilan Robinson,RB,Jacksonville Jaguars,JAC,0,0,0,0,82.88436252570857,326.4645244659351,2.7235163296098284,29.00529829680812,17.850989117634256,180.4606014000929,1.1432248511105714,0,1.5222684356066574,79.773917358529
Alec Ingold,RB,Miami Dolphins,MIA,0,0,0,0,1.0919677230668223,0,0.016559216728953847,10.719208868372851,8.238695505875388,70.11776510642306,0.25877821064408013,0,0.14100088881392303,12.501147050190358
Jaylen Wright,RB,Miami Dolphins,MIA,0,0,0,0,84.17433817332318,369.69652622772446,3.19116829047296,28.726552830136253,18.86826565300898,201.49626049394354,1.3367914902601041,0,1.5571346182709567,90.60690094652777
C J Ham,RB,Minnesota Vikings,MIN,0,0,0,0,1.1339289181497614,8.40606432378569,0.022247572345936925,6.9184295327211345,4.923508534162941,16.220455872346697,0.14631735947378943,0,0.0915373370310423,5.7527212035509825
Tyrone Tracy,RB,New York Giants,NYG,0,0,0,0,77.74139329034641,290.5704013577345,2.4710537365274248,25.251728418807282,15.585029096602371,147.92618355005692,1.0973677173901666,0,1.4103079474099929,70.2320858677659
Jase McClellan,RB,Atlanta Falcons,ATL,0,0,0,0,93.1809665234554,405.0676362617903,3.1566128550305295,35.110292970925265,23.242687024381798,223.78027839190096,1.6606925845191758,0,1.7593431706215705,99.89128127361512
Michael Burton,RB,Denver Broncos,DEN,0,0,0,0,6.478799762195885,8.764585713104415,0.09393282928183175,2.5046531346879544,2.525283325759656,6.998826454965622,0.05537113297427564,0,0.13606575301293702,3.462675147197602
Audric Estime,RB,Denver Broncos,DEN,0,0,0,0,117.61371067847551,496.6521851507659,3.9469402660304933,28.734341739810603,19.031644196491516,191.45942354665587,1.2209657928379194,0,2.064924648646712,105.204570023905
Dylan Laube,RB,Las Vegas Raiders,LV,0,0,0,0,70.33893741689414,269.43010294991007,2.8476608266920014,22.968291738916335,14.302308511089144,144.35376763435912,0.7602632640490128,0,1.2790613714515624,67.61896311551445
Kimani Vidal,RB,Los Angeles Chargers,LAC,0,0,0,0,70.26929104382819,341.32894694802957,2.246356378397937,28.12631388482218,17.975548327014565,157.8319461835803,0.9837852959970259,0,1.3335172944550995,75.61767893412785
Bucky Irving,RB,Tampa Bay Buccaneers,TB,0,0,0,0,104.9612993051422,402.9409744410581,3.1309131999951507,34.67217215559441,21.780185530294982,226.27600670107964,1.544297538649333,0,1.9152617100101827,98.0325318912078
Blake Corum,RB,Los Angeles Rams,LAR,0,0,0,0,127.88725093375766,508.51334413903544,4.277393364741382,39.44830067784231,23.46676790446332,271.1526028032774,1.4753636617870987,0,2.287195524917448,119.64212975579892
Sione Vaki,RB,Detroit Lions,DET,0,0,0,0,91.2058524762758,397.67685554178746,3.1804918693060356,40.696477115055906,25.41155854537969,270.3536292990633,1.8407300879422743,0,1.7622711485532978,106.11161720315818
Braelon Allen,RB,New York Jets,NYJ,0,0,0,0,0,0,0,0,0,0,0,0,0,0
Isaiah Davis,RB,New York Jets,NYJ,0,0,0,0,0,0,0,0,0,0,0,0,0,0
Kyle Juszczyk,RB,San Francisco 49ers,SF,0,0,0,0,2.5640072253473947,3.119210790287968,0.043304254805328415,11.743756230414691,9.340435760899101,75.4320653352961,0.8953545684991867,0,0.1798947192402012,17.797508994354647
Isaac Guerendo,RB,San Francisco 49ers,SF,0,0,0,0,81.41444340435795,395.14937200358725,3.2348754079757964,24.676013783378615,16.308491259143022,202.16919812962473,1.3592025762204287,0,1.4767461119289218,92.49707832421221
Patrick Ricard,RB,Baltimore Ravens,BAL,0,0,0,0,0,0,0,5.83388631981176,3.9021287515527514,41.99574101296802,0.4943887992109442,0,0.058967257603795946,8.99903675713125
Devontez Walker,WR,Baltimore Ravens,BAL,0,0,0,0,0,0,0,36.04017893332153,22.408124139423542,256.9841793556661,1.6788694877777266,0,0.3386217402543243,46.29845345143609
Jared Wiley,TE,Kansas City Chiefs,KC,0,0,0,0,0,0,0,24.924486346673444,15.076897190925624,156.0382249818123,1.1093151883145689,0,0.22783545524208726,29.342491313047283
Xavier Worthy,WR,Kansas City Chiefs,KC,0,0,0,0,0,0,0,91.98725176203006,55.643366864289256,575.880573274801,4.094080579700902,0,0.8408581460884458,108.29250794565326
Tyler Davis,TE,Green Bay Packers,GB,0,0,0,0,0,0,0,11.00949582911133,6.944992808811135,68.59237192502043,0.5267373913134045,0,0.10494968415655578,13.282258576474925
Ainias Smith,WR,Philadelphia Eagles,PHI,0,0,0,0,0,0,0,24.331726738326132,15.06631001587753,153.32378120458426,0.9769950791190859,0,0.22767546649796677,28.272152670115773
Johnny Wilson,WR,Philadelphia Eagles,PHI,0,0,0,0,0,0,0,17.149707633344157,10.619172846398637,108.06705373505845,0.6886145050986596,0,0.16047228080919934,19.927034265678728
Xavier Legette,WR,Carolina Panthers,CAR,0,0,0,0,0,0,0,84.77121221612575,49.09282236957967,401.5465492462758,2.736990240756661,0,0.7418691917872937,79.63926917038279
Ja Tavion Sanders,TE,Carolina Panthers,CAR,0,0,0,0,0,0,0,33.7357030627458,19.537067297678856,159.80018212675384,1.0892175260204129,0,0.29523558896064084,31.693385839716008
Bub Means,WR,New Orleans Saints,NO,0,0,0,0,0,0,0,22.41850019599707,14.139901931341305,142.01951032664653,0.9874633205697354,0,0.21367599399328605,26.769329933767146
Jha Quan Jackson,WR,Tennessee Titans,TEN,0,0,0,0,0,0,0,14.40788320837956,9.139641968024495,91.21873556026026,0.5866901854477171,0,0.13811425933101462,16.935607134062543
Rome Odunze,WR,Chicago Bears,CHI,0,0,0,0,0,0,0,84.76740068883963,48.977448836897274,510.9444550841646,3.418419247625183,0,0.7401257175824418,94.61343397745131
Cade Stover,TE,Houston Texans,HOU,0,0,0,0,0,0,0,22.944816190636928,13.78061697652418,152.78260601966005,0.9422067652732559,0,0.20824663739518842,27.405316407077255
Anthony Gould,WR,Indianapolis Colts,IND,0,0,0,0,0,0,0,26.679172941800733,16.241075995025252,168.85916629124372,1.1341849741571357,0,0.2454280145370375,31.32070844250574
Adonai Mitchell,WR,Indianapolis Colts,IND,0,0,0,0,0,0,0,69.26108617221833,42.16302231238006,438.3707580808308,2.9444272279990136,0,0.6371490938271519,81.31085214461288
Tip Reiman,TE,Arizona Cardinals,ARI,0,0,0,0,0,0,0,35.854950392432,22.93285720908866,219.71591292543334,1.4575608278416126,0,0.3465512761723436,41.49028231179265
Tejhaun Palmer,WR,Arizona Cardinals,ARI,0,0,0,0,0,0,0,13.448679674140635,8.601787124015612,82.41230011209902,0.5467102440435838,0,0.12998643291639392,15.562412171646423
Reggie Gilliam,RB,Buffalo Bills,BUF,0,0,0,0,0,0,0,0.841295011213012,0.833999288706223,2.432046606188898,0.02144678225563345,0,0.012603031327183416,0.7636789358514351
Marvin Harrison,WR,Arizona Cardinals,ARI,0,0,0,0,0,0,0,97.6198579902292,62.43774540360172,598.2057145029991,3.96840267435015,0,0.9435318134875326,112.9627965712266
Keon Coleman,WR,Buffalo Bills,BUF,0,0,0,0,0,0,0,99.56545103672613,65.63087553015873,688.3335196573402,4.905648891384503,0,0.9917849949491142,129.0991130892222
Jaheim Bell,TE,New England Patriots,NE,0,0,0,0,0,0,0,7.13150898212519,4.473375570874247,44.0231911741381,0.316770053365513,0,0.06759968889834914,8.404427845247312
Jermaine Burton,WR,Cincinnati Bengals,CIN,0,0,0,0,0,0,0,63.76811295760785,41.12318615602686,356.4652567399037,2.3235613432032203,0,0.6214355460686315,68.90661571908585
Tanner McLachlan,TE,Cincinnati Bengals,CIN,0,0,0,0,0,0,0,14.620928724372671,9.428837483494082,81.7313367101533,0.5327525499816254,0,0.14248445507398488,15.799098802504151
Javon Baker,WR,New England Patriots,NE,0,0,0,0,0,0,0,34.50561769240776,21.644309448397408,213.005046766682,1.5326835295630175,0,0.3270793077732383,40.664601962698526
Ja Lynn Polk,WR,New England Patriots,NE,0,0,0,0,0,0,0,74.80779886493777,46.92462433855945,461.79259382580614,3.3228410001302735,0,0.709104334456449,88.16040888372909
Erick All,TE,Cincinnati Bengals,CIN,0,0,0,0,0,0,0,35.983265261935664,23.205116903051373,201.14730223337517,1.3111462812212014,0,0.35066554521142684,38.882835271767554
Malik Washington,WR,Miami Dolphins,MIA,0,0,0,0,0,0,0,15.639008739622277,10.272063383092759,109.69648177069645,0.727762008997419,0,0.15522691489672696,20.161798092807086
Brian Thomas,WR,Jacksonville Jaguars,JAC,0,0,0,0,0,0,0,107.50366991334057,66.16194124574712,668.8494193977451,4.23718679852513,0,0.9998102270338276,123.3894128997312
Malik Nabers,WR,New York Giants,NYG,0,0,0,0,0,0,0,111.56875951902667,68.85874640093218,653.5766790035528,4.8484584078712185,0,1.0405631632945196,126.79666522145962
Theo Johnson,TE,New York Giants,NYG,0,0,0,0,0,0,0,31.47651732791774,19.426885569145426,184.3913811578223,1.367879196174272,0,0.29357057102214335,35.77271493535629
Jakob Johnson,RB,New York Giants,NYG,0,0,0,0,0,0,0,1.9250681339295592,0.9508424627466517,11.150383210578951,0.03922878523875211,0,0.014368714107421117,1.7970948356488914
Roman Wilson,WR,Pittsburgh Steelers,PIT,0,0,0,0,0,0,0,55.9914464124521,35.55418725024515,364.70091418215617,2.5499267343602705,0,0.537279278046513,68.47218689340679
Casey Washington,WR,Atlanta Falcons,ATL,0,0,0,0,0,0,0,24.91925523017719,16.496314931787197,158.82629852578324,1.1786635448119236,0,0.24928507336129374,30.704198440620875
Devaughn Vele,WR,Denver Broncos,DEN,0,0,0,0,0,0,0,10.287601746558005,6.813797157720698,68.54718712225309,0.43713581249311584,0,0.1029671130404005,12.678497939963554
AJ Barner,TE,Seattle Seahawks,SEA,0,0,0,0,0,0,0,37.08533428585363,22.25199305092355,218.67048167248595,1.4645172346941675,0,0.336262355748655,41.10762338937807
Troy Franklin,WR,Denver Broncos,DEN,0,0,0,0,0,0,0,42.129131299847565,27.903428046695804,280.7100738979155,1.790130731542912,0,0.42166436179322797,51.920177078810475
Brock Bowers,TE,Las Vegas Raiders,LV,0,0,0,0,0,0,0,100.99407232536379,62.88880325136243,634.7391880346719,3.342960109897392,0,0.9503480017777155,113.07538508497734
Brenden Rice,WR,Los Angeles Chargers,LAC,0,0,0,0,0,0,0,13.046919442585022,8.33829601416096,73.21331532301517,0.4563473037467314,0,0.12600467087306652,13.976554020116252
Cornelius Johnson,WR,Los Angeles Chargers,LAC,0,0,0,0,0,0,0,9.696374452557327,6.1969601947317345,54.4115968071351,0.33915395561502026,0,0.09364574349777853,10.387272024773942
Ladd McConkey,WR,Los Angeles Chargers,LAC,0,0,0,0,0,0,0,98.80537912562903,63.146592003304356,554.450374999899,3.4559551439002894,0,0.95424359229022,105.8455771804634
Ryan Flournoy,WR,Dallas Cowboys,DAL,0,0,0,0,0,0,0,17.83818851324715,11.320557801063623,113.6722003010187,0.7824946227338965,0,0.1710713025059333,21.380324062025196
Jamari Thrash,WR,Cleveland Browns,CLE,0,0,0,0,0,0,0,23.776869698641626,13.523343359363837,132.81037029278468,1.0137924098751565,0,0.20435883137348357,25.71674550546436
Luke McCaffrey,WR,Washington Commanders,WAS,0,0,0,0,0,0,0,42.40783827791661,26.666211612971022,251.51827748930322,1.9080993083113513,0,0.4029680898852167,49.12759322551351
Devin Culp,TE,Tampa Bay Buccaneers,TB,0,0,0,0,0,0,0,7.368282138289917,4.6285693117619955,48.086559186921846,0.32818307197978563,0,0.06994490861817079,8.952149189215556
Jalen McMillan,WR,Tampa Bay Buccaneers,TB,0,0,0,0,0,0,0,51.19203136700303,32.15754512992356,334.0871861347411,2.280091587101977,0,0.48595071262764866,62.19613927579246
Ben Sinnott,TE,Washington Commanders,WAS,0,0,0,0,0,0,0,59.97536641879736,37.712740791174696,355.71020514151013,2.698533097335919,0,0.5698983920747032,69.47879270960448
Jordan Whittington,WR,Los Angeles Rams,LAR,0,0,0,0,0,0,0,13.370321584927852,7.953656508650896,91.90250114135775,0.5000490838351921,0,0.1201921674294056,15.926988536613566
Jacob Cowing,WR,San Francisco 49ers,SF,0,0,0,0,0,0,0,23.51593184853041,15.541787760739831,192.66471184623228,1.2953030190101567,0,0.234860677558727,34.33946182393663
Malachi Corley,WR,New York Jets,NYJ,0,0,0,0,0,0,0,0,0,0,0,0,0,0
Ricky Pearsall,WR,San Francisco 49ers,SF,0,0,0,0,0,0,0,70.81551693581319,46.80230158313994,580.18756188618,3.9006556691248484,0,0.70725584664662,103.40932930164384
Derrick Henry,RB,Baltimore Ravens,BAL,1.8,1.6,4.200000000000001,0.39999999999999986,242.48028254277165,1004.9426166603291,8.20950618846466,34.80056878609211,27.115414533455322,212.16720295023666,0.44891631869678145,0,1.6975049529100927,185.59221436493266
Mark Andrews,TE,Baltimore Ravens,BAL,0,0,0,0,1.3911230344816725,0,0.00839114495197518,100.24497175327085,73.14051397975143,889.215620341511,7.552802431341798,0,0.7407557011323329,169.3774690795248
Justice Hill,RB,Baltimore Ravens,BAL,0,0,0,0,73.03395931028791,321.2009714060062,1.9091631107987064,40.05690469649143,28.443533214347777,210.45314543928222,1.1185689782873003,0,0.9273892932022574,83.69879223981425
Deonte Harty,WR,Baltimore Ravens,BAL,0,0,0,0,3.530359187766532,0,0.022166061616301594,21.02312029234321,14.869312005064105,150.02630819138955,0.8622618278245476,0,0.4378474784018937,26.868159201512313
Rashod Bateman,WR,Baltimore Ravens,BAL,0,0,0,0,0.8694518965510448,14.939580065395631,0.01004253079265068,57.517606743680005,32.50689510211174,374.9335163894009,1.3002730318046432,0,0.21015362987880562,62.682343312361674
Zay Flowers,WR,Baltimore Ravens,BAL,0,0,0,0,6.95561517240837,46.47869353678643,0.5120395717315658,110.92681300566856,78.21971633945638,876.5475669267192,4.644433083388809,0,0.5363050993587208,161.2787099480836
Keaton Mitchell,RB,Baltimore Ravens,BAL,0,0,0,0,81.72847827579838,657.3415228774081,2.5247207667194362,22.59620264930286,18.285128494937858,190.02080122187618,0.29932846655891737,0,0.6297340599012766,109.56362393726492
Clyde Edwards Helaire,RB,Kansas City Chiefs,KC,0,0,0,0,70.30601933362748,227.69243482835142,1.4238371383220796,23.298364524337345,17.776359268569593,197.64099563356683,0.9321012371523527,0,0.5546092744167773,64.44793438448966
Kadarius Toney,WR,Kansas City Chiefs,KC,0.7846153846153847,0,0,0,12.747794714339046,36.52189796315399,0.11367210463341315,46.433803422630376,32.576585989912616,204.99996887524222,1.2157289666300517,0,0.48433418210618756,47.448217742164346
Noah Gray,TE,Kansas City Chiefs,KC,0,0,0,0,0.8862103277347987,0.9009196841005727,0.007181453426155603,38.31148177130339,25.834155338405637,282.9185090812166,1.5877354897720037,0,0.1682443509067484,50.53203350311
Skyy Moore,WR,Kansas City Chiefs,KC,0,0,0,0,3.2283376224624853,25.161399748808847,0.035789978162657776,43.11710317815678,23.527534326047995,274.83512310746755,1.1240896622371568,0,0.1684679156402966,48.38576145976994
Keaontay Ingram,RB,Kansas City Chiefs,KC,0,0,0,0,63.47135760772822,130.04480027884568,0.49380689457680765,8.107326867088991,8.036330470672493,53.59102016933161,0.10460243577665104,0,0.4502470032001819,25.07170925587436
Isiah Pacheco,RB,Kansas City Chiefs,KC,0,0,0,0,220.60307086826987,1022.8655984841861,8.029308765241545,55.598369887623214,49.29578620695769,274.83512310746755,2.030292747723478,0,2.046168272965957,210.68323779450245
Rashee Rice,WR,Kansas City Chiefs,KC,0,0,0,0,0.9415984732182243,0,0.005945224645999409,101.26845943817086,77.44480048990798,924.4710134854674,5.587110238061085,0,0.9700498335098563,162.7877347027235
Mecole Hardman,WR,Kansas City Chiefs,KC,0,0,0,0,1.3313796349319937,4.081402772978115,0.011292161219138739,35.2045566607402,21.78933715512738,180.8258574540612,0.35074516451940985,0,0.5501917637156661,30.45723502726758
Josh Jacobs,RB,Green Bay Packers,GB,0,0,0,0,246.26187521902952,887.8241011378765,5.734725163374172,66.52126547287625,45.64584874197661,366.1033103164989,0.7266959595963516,0,2.5527545489608596,181.87868315632724
AJ Dillon,RB,Green Bay Packers,GB,0,0,0,0,160.38008027864396,553.7073888787488,2.242597276012292,29.707337991319164,23.27345200940139,233.5780837314196,0.3408998692042425,0,1.1563715002107173,103.55351313659531
Christian Watson,WR,Green Bay Packers,GB,0,0,0,0,6.006744579724491,16.560036100234463,0.03730080071330676,93.71957818689974,49.36792850479083,736.6961983158376,6.411370592056431,0,0.3486657348250044,138.00428458097105
Bo Melton,WR,Green Bay Packers,GB,0,0,0,0,8.109105182628065,56.906305871714814,0.06104130184489056,76.39029769196357,50.778440747784856,685.0227208984234,2.821687623064574,0,0.3707844819694312,116.13692763642418
Dontayvion Wicks,WR,Green Bay Packers,GB,0.68,0.9066666666666667,4.760000000000001,0,0.9010116869586724,0.9032746963764255,0.00510625379213664,61.53662869630398,41.25748310757519,608.5599401253577,3.3284440020930415,0,0.9477678742019799,99.87122882286812
Emanuel Wilson,RB,Green Bay Packers,GB,0,0,0,0,27.03035060876022,164.52503398284895,0.1956890525661596,11.367603823208864,9.06757870496158,51.62359954345916,0.11954667703661617,0,0.5525310036603623,26.93500507540753
Saquon Barkley,RB,Philadelphia Eagles,PHI,0,0,0,0,248.3605531591662,998.2717098817752,6.165063067801087,70.10748614006911,47.49445481923963,334.3963777134553,4.281076281232842,0,2.520461898748705,214.64994846584904
Dallas Goedert,TE,Philadelphia Eagles,PHI,0,0,0,0,0.9750995565155306,0.9930989804501337,0.005804962058596402,95.67490828784116,67.41892227828237,674.3898353826394,3.163345986738728,0,0.43064185398027305,119.40137656027353
Kenneth Gainwell,RB,Philadelphia Eagles,PHI,0.6375,0.8500000000000001,5.41875,0,71.66981740389154,316.3020252733676,1.4205853682710456,37.318977780950085,29.995706945845964,182.40991957879243,0.3592782136609239,0,1.226761178464648,73.3114570928015
Tyrion Davis Price,RB,Philadelphia Eagles,PHI,0,0,0,0,82.36485972169409,285.49288805049105,0.5570203331649215,0,0,0,0,0,0.5186090091185274,30.85419278580158
Jayden Reed,WR,Green Bay Packers,GB,0,0,0,0,9.291683021761322,100.77158331449498,1.2173481842735145,93.49854144589291,63.47305093473106,778.702720287342,5.946704326581187,0,0.785965719531995,161.09633945361347
Adam Thielen,WR,Carolina Panthers,CAR,0,0,0,0,0.9805883529714416,5.94522039299136,0.010752527208764575,128.78739564042587,96.38723485366243,955.0167610310007,3.932617700494623,0,0.930566879251539,166.08890317694767
Miles Sanders,RB,Carolina Panthers,CAR,0,0,0,0,134.40189112914845,454.8093600638396,2.273249223093255,40.95110162471571,26.84571650353826,154.10711787346892,0.2929296220230398,0,1.6750509568686227,86.3614772024605
Chuba Hubbard,RB,Carolina Panthers,CAR,0,0,0,0,233.38002800720352,893.7647990797022,6.9026588505518545,41.362375242180576,36.496137468862464,219.4466521895692,0.3496675083905546,0,1.86545763127432,169.35225675246417
Ihmir Smith Marsette,WR,Carolina Panthers,CAR,0,0,0,0,7.844706823771545,73.32438484689351,1.0191453545103673,9.400539827768311,7.486387173099994,48.033387389133175,0.07596068494420972,0,0.36482613071304143,21.719954785454043
Raheem Blackshear,RB,Carolina Panthers,CAR,0,0,0,0,19.44833566726696,64.5716992683229,0.18682856201973427,9.322201995870243,7.9542863714187435,60.04173423641646,0.08107930222684553,0,0.172540167138647,17.700853387385493
Alvin Kamara,RB,New Orleans Saints,NO,0,0,0,0,205.26924761443357,815.0806304209103,5.837909151166933,107.36199480903284,92.74119791731589,578.1847156580831,2.024737474287964,0,1.8764179576874127,229.12017740391187
Jamaal Williams,RB,New Orleans Saints,NO,0,0,0,0,120.88077915072195,359.38713675619397,1.8566561672846127,24.96790576954252,22.257887500155814,76.92586345665482,0.26648647895720234,0,1.0973007449713765,65.30449815887091
Taysom Hill,TE,New Orleans Saints,NO,7.012499999999999,5.1000000000000005,26.45625,0.21249999999999997,75.05156865902727,382.65627939339026,3.2889953377261203,40.5728468755066,33.154978255440426,293.3574006618198,1.793471471336551,0,0.9835362783879789,114.6148354308413
James Robinson,RB,New Orleans Saints,NO,0,0,0,0,15.234014929630453,29.668868299729862,0.13345221247662875,16.34226864478967,16.28691774002115,0,0.16441823318117518,0,0.1984710435194754,12.500626286891434
Rashid Shaheed,WR,New Orleans Saints,NO,0,0,0,0,6.918333901079055,37.66126640081247,0.06995427959429841,81.1456937510132,49.29709898182658,773.1462857304866,4.445571112723043,0,0.6883261282343929,131.44580480147846
Kendre Miller,RB,New Orleans Saints,NO,0,0,0,0,75.97813123506464,297.7275789793959,1.9822768220103597,22.315065781528627,20.093926215418442,235.89564176929838,0.2938226878212613,0,0.6049161582588134,75.85604992505074
DeAndre Hopkins,WR,Tennessee Titans,TEN,0.5999999999999999,0,0,0,2.0230391535215526,9.395518008856941,0.02777464351654695,128.56997287435632,70.70507650212362,994.8513168097886,6.065577528550679,0,0.4579314057314833,171.42147195386676
Tyler Boyd,WR,Tennessee Titans,TEN,0.5999999999999999,0,0,0,2.1541237184427398,12.503586457676578,0.034080899974308444,89.29993860059747,60.52193645064298,607.7609581294456,1.7854127464620166,0,0.3946388006921041,102.41510696126744
Calvin Ridley,WR,Tennessee Titans,TEN,0,0,0,0,9.030093220167911,25.25144482381858,0.11336700689043913,123.80445794196794,68.8042099516202,919.4403211959765,5.614500969524063,0,0.6450172969016132,161.94845484247338
Tony Pollard,RB,Tennessee Titans,TEN,0,0,0,0,249.58483419788428,1031.9701895585467,7.6478666433939395,61.06413564511099,49.575977542539164,279.4309794245406,0.44812725379149576,0,2.528185549224457,199.44769795424205
Treylon Burks,WR,Tennessee Titans,TEN,0,0,0,0,7.8162876386060045,29.040692027376036,0.10274050611159524,43.51074065422808,23.311249464942577,321.4635243187732,0.39106889076169443,0,0.19599403469049573,49.276914678944955
Chigoziem Okonkwo,TE,Tennessee Titans,TEN,0,0,0,0,2.0230391535215526,6.263678672571293,0.02580300499789199,72.26195555711998,50.907655081529,496.9550570251356,1.390548636046989,0,0.333277261467431,83.60725643386962
Tyjae Spears,RB,Tennessee Titans,TEN,0,0,0,0,101.15195767607773,472.9077397791333,2.748963127978705,65.69268687010907,49.02218637480571,362.3630624141614,1.313740406087784,0,1.1135965470497475,130.18720151703175
Keenan Allen,WR,Chicago Bears,CHI,1.569230769230769,1.0461538461538462,19.223076923076928,0.2615384615384615,2.578201580348364,8.028282872265514,0.032194006903595355,176.88361789184506,125.8157738187476,1459.6077128984812,6.471654195232299,0,1.377966094011181,247.75372043431838
D J Moore,WR,Chicago Bears,CHI,0,0,0,0,3.64548655093454,18.68304052349825,0.6892123634278593,125.84959631962562,87.91286533411211,1261.985423138744,6.045500855351595,0,0.8676596553000158,210.69623903535697
D Andre Swift,RB,Chicago Bears,CHI,0,0,0,0,225.31331685811537,1022.4024123609087,5.610533762725264,47.59715395601728,37.32279481954632,204.88941844898866,0.9543011240632839,0,2.301553467514894,176.1764828764644
Cole Kmet,TE,Chicago Bears,CHI,0,0,0,0,2.734114913200905,1.7793371927141193,0.025826895888792174,83.28282109386988,66.85040801448108,665.2254539858923,4.415862962056361,0,0.5928407386586082,125.59014079545489
Khalil Herbert,RB,Chicago Bears,CHI,0,0,0,0,170.42649625618986,770.0823091967316,3.7833376999628547,40.63893214487911,25.946505393748367,175.6355568126869,1.1739699053481654,0,1.6487006294486188,133.99148367078496
Velus Jones,WR,Chicago Bears,CHI,0,0,0,0,8.85332448084103,55.09590521725506,0.10924540184754654,7.865599769976601,4.447972353214004,22.46936760929896,0.05599206650619838,0,0.08375140071153155,10.804435467961811
Tyler Scott,WR,Chicago Bears,CHI,0,0,0,0,6.3796014641354475,36.47641245063945,0.07704643318700324,29.61166972226485,15.567903236249018,155.4351547560917,0.22536224541066127,0,0.4201642379785601,27.94923193442649
Roschon Johnson,RB,Chicago Bears,CHI,0,0,0,0,83.66391634394775,354.9184587067097,2.411278275694263,41.949865439875204,35.287247335497774,219.1512320826959,0.37151525141218184,0,0.9245185986830364,89.89831671196204
DeAndre Carter,WR,Chicago Bears,CHI,0,0,0,0,3.007790226753713,18.911847813158595,0.04513507363557134,6.4082308108535155,3.6271108443785893,35.67285983000409,0.0468374712305277,0,0.15788731619145746,7.508086823319243
Gerald Everett,TE,Chicago Bears,CHI,0,0,0,0,3.3516620544528735,11.596408593272415,0.04261709478513425,71.53959656959067,51.49127039619114,418.2721378394522,2.411811859520647,0,0.8574188442173044,81.7442258787681
Robert Woods,WR,Houston Texans,HOU,0,0,0,0,0.9744480631940666,7.1576031901240675,0.007475911436580881,83.89206810480441,44.482252206178785,473.03657042552754,1.306887872683114,0,0.2862173791608866,77.57429141105095
Stefon Diggs,WR,Houston Texans,HOU,0,0,0,0,0.7755938833656163,3.9011999931215615,0.004677153825539246,147.82213237484373,97.57336109780887,1082.4243114439696,5.649388805070839,0,1.0635178983360742,189.21659164931967
Joe Mixon,RB,Houston Texans,HOU,0,0,0,0,214.5272729733193,890.3714255229332,6.00195543167136,58.66472497238018,46.93392721802701,346.90825291144915,2.1702438917665807,0,1.6462862246393208,192.93555494380072
Noah Brown,WR,Washington Commanders,WAS,0,0,0,0,1.4685861821034636,0,0.011148419168340534,88.13276387522768,52.88507474079994,886.7677783734292,3.0483345381144598,0,0.34223694823785195,132.79173905496398
Steven Sims,WR,Houston Texans,HOU,0,0,0,0,4.54742429490565,4.771735460082705,0.025302135901695336,15.659852712896823,15.568788272162575,129.54835653281273,0.1540130956274999,0,0.1266614075696303,22.038971909406744
Nico Collins,WR,Houston Texans,HOU,0,0,0,0,0.9094848589811293,6.680429644115793,0.0069775173408088255,113.79492971371693,83.03353745153373,1344.1937473844646,6.2056945809300474,0,0.7037915615421863,212.47263589516567
Ben Skowronek,WR,Houston Texans,HOU,0,0,0,0,1.5769562611454733,7.154629776338787,0.009831022233385365,11.076459859995868,7.354719553194692,60.55881500407558,0.6591379856198204,0,0.056238152526384186,14.350041996705249
John Metchie,WR,Houston Texans,HOU,0,0,0,0,0.8526420552948087,3.578801595062027,0.005642786494288065,29.36222383668154,15.568788272162575,153.51480249138308,0.21507244124935457,0,0.10339727086536273,24.611251369456927
Dameon Pierce,RB,Houston Texans,HOU,0,0,0,0,141.29496916313988,425.3661324416591,2.171348316906426,19.015535437088996,14.456731967008105,112.15186294126359,0.159252032728224,0,0.9806880709147365,73.00239147777474
Tank Dell,WR,Houston Texans,HOU,0,0,0,0,13.642272884716952,66.3705023084232,0.09333450007299293,106.77172304247836,66.52118625378554,1001.9976521647005,7.020985295355102,0,0.7373432620114474,181.30864082275082
Xavier Hutchinson,WR,Houston Texans,HOU,0,0,0,0,4.263210276474047,43.840319539509935,0.03690074726106893,18.596075096564977,7.784394136081287,87.44514065964859,0.12587101293559205,0,0.07585754662557459,17.84565855588531
Jonathan Taylor,RB,Indianapolis Colts,IND,0,0,0,0,265.39720618402595,1126.872355659343,8.12014674782902,36.926369293178624,30.431145112067075,245.30241820089577,1.5785221741108721,0,2.130628925368735,206.36380562295932
Trey Sermon,RB,Indianapolis Colts,IND,0,0,0,0,39.25994174319911,173.7994764849575,0.3327973770768619,6.880689930405955,3.4320840351955346,14.887635091557625,0.05436986494663436,0,0.2688096508754727,22.370137325639313
Kylen Granson,TE,Indianapolis Colts,IND,0,0,0,0,1.0469317798186408,2.0276605589911654,0.007826134500379141,53.51647723649077,32.03278432849166,393.33895380361497,1.3191921073014612,0,0.20828589826802582,63.09859125478143
Tyler Goodson,RB,Indianapolis Colts,IND,0,0,0,0,34.025282844105895,220.5080857902898,0.3165290057975031,24.082414756420846,16.01639216424583,90.85274748181324,0.22112563954825565,0,0.315086598561609,41.74003408428456
Evan Hull,RB,Indianapolis Colts,IND,0,0,0,0,15.703976697279643,15.20745419243377,0.11127598787927626,16.05494317094723,16.01639216424583,96.19702674544934,0.18362301297892683,0,0.19972679028089235,20.518584600498663
Dare Ogunbowale,RB,Houston Texans,HOU,0,0,0,0,9.0948485898113,41.752685275723735,0.0613879039560331,9.134914082523146,2.5947980453604282,23.318704175906284,0.05250192326345147,0,0.07360367126097797,8.340669588638168
Cam Akers,RB,Houston Texans,HOU,0,0,0,0,116.1297782590668,327.7706169096403,2.916175302723594,26.966734507370298,24.490391641381827,157.81743318828512,0.24881472135355026,0,0.8854126288876858,78.02311571717095
Chris Moore,WR,Arizona Cardinals,ARI,0,0,0,0,1.6505837561117802,32.82770931945777,0.021008093999388782,32.976515381902175,20.85119032231921,398.704350865352,0.3631374641934591,0,0.29576455698837795,55.29214541482092
James Conner,RB,Arizona Cardinals,ARI,0,0,0,0,220.96655950966843,1072.6144078609846,5.739382390096871,39.98456237540076,32.71437105106996,202.15491707150952,2.021574424300925,0,1.5972978825546225,187.20526314006193
Greg Dortch,WR,Arizona Cardinals,ARI,0,0,0,0,0.8631506230846404,4.189900030706968,0.006048162116594392,40.363204064561764,23.627045759106085,278.72874929556616,1.697081294411077,0,0.15420212602560657,50.01576029929517
DeeJay Dallas,RB,Arizona Cardinals,ARI,0,0,0,0,8.618575755414021,31.76760549389623,0.06842460089822681,8.299408068965818,5.526558582199245,23.662155543782806,0.05999593673826953,0,0.33660446083369405,8.403569699019116
Tony Jones,RB,Arizona Cardinals,ARI,0,0,0,0,51.723653444873925,192.18487219258031,2.706157678409215,22.40899639009146,15.669740279101463,82.27787121327412,0.17074786287348834,0,0.4243414152397319,51.69389489735293
Michael Carter,RB,Arizona Cardinals,ARI,0,0,0,0,27.851198008778262,176.5403492632194,0.21929539294677353,32.41834811099898,25.07158444656234,104.81163053654917,0.9118621994911648,0,0.3332274450742555,46.79148086773715
Emari Demercado,RB,Arizona Cardinals,ARI,0,0,0,0,57.21455558732486,271.9843677076068,1.5111654286412122,33.75320200520844,23.627045759106085,135.38253537213214,0.27223036084865965,0,0.509017837357949,62.23255224975027
Curtis Samuel,WR,Buffalo Bills,BUF,0,0,0,0,7.288209081784456,39.4663437656713,0.6888071780884388,92.16051254675004,63.093997892017796,638.8133801069067,4.1236963171405625,0,0.443160429600595,127.36367144543951
Ty Johnson,RB,Buffalo Bills,BUF,0,0,0,0,44.18611018340115,191.55862835430477,0.3787881525213365,11.522282126686969,11.504918307120818,101.40918081948733,1.2793642886231038,0,0.601544689288656,43.795065339228955
James Cook,RB,Buffalo Bills,BUF,0,0,0,0,205.33545320521716,957.7931417715239,2.7318145738068256,52.28598612110054,42.5391937406148,428.150715983604,3.329986509622112,0,2.426328510056219,191.3821321262814
Khalil Shakir,WR,Buffalo Bills,BUF,0,0,0,0,0.8663943173215902,8.53648076445208,0.009345577839325526,43.57165510091712,37.70519445190856,587.8653650920943,2.0069646908294945,0,0.40391520285019605,89.78281301792146
Darrynton Evans,RB,Buffalo Bills,BUF,0,0,0,0,69.851364852784,262.400688881706,1.9873725051080733,28.274861119959382,16.558550322266804,116.73528072033803,0.3288644598098275,0,0.5440786354565454,59.002136639932125
Kendrick Bourne,WR,New England Patriots,NE,0,0,0,0,2.0923028594535,8.255600298239903,0.020979556672378222,109.52417202387112,73.63041799903337,822.7248546494491,7.264931831297642,0,1.1004106370279996,161.4279015480497
Jalen Reagor,WR,New England Patriots,NE,0,0,0,0,1.5216748068752726,25.517310012741522,0.025335742778689795,33.30983083040047,10.130966604289606,203.37846832355388,0.28011883874355764,0,0.07337066846562024,29.641047287976587
Rhamondre Stevenson,RB,New England Patriots,NE,0,0,0,0,217.5994973831642,851.7027641017502,6.447606817700386,67.70585179657488,50.413619530869695,321.52465584001453,0.6759157622339662,0,2.128991236734283,181.01270476574888
Tyquan Thornton,WR,New England Patriots,NE,0,0,0,0,5.5794742918760045,93.56347004671892,0.0928977235218629,40.71201545937835,22.995686101800214,163.9145304282427,0.36221728606337206,0,0.17992303595539474,39.616487083996894
Kevin Harris,RB,New England Patriots,NE,0,0,0,0,66.95369150251206,268.3070096927969,3.875442191224155,11.948091493513216,11.940067783627034,235.06424418555687,0.1954196934769427,0,0.4967532812812354,79.738824025293
Trayveon Williams,RB,Cincinnati Bengals,CIN,0,0,0,0,16.342929365965098,77.88476989351392,0.32766771513191484,8.702742874980267,6.703695377750548,9.473748797335544,0.07201193168548208,0,0.14511270051634434,14.195552037831915
Zack Moss,RB,Cincinnati Bengals,CIN,0,0,0,0,220.30735458424468,956.5682346364986,8.1877090069676,43.98048697587235,32.34442066463785,223.01997722350183,2.175219013141687,0,1.5908178227534637,193.12696399346774
Ja Marr Chase,WR,Cincinnati Bengals,CIN,0.6375,0.8500000000000001,0,0,3.4728724902675823,0,0.047264250492372234,148.97403601962748,101.75251912657082,1224.008344615753,6.022333852231575,0,0.8357563155614173,208.02317001008157
Charlie Jones,WR,Cincinnati Bengals,CIN,0,0,0,0,3.367633929956442,22.677910601405245,0.07376275254677876,13.449693534060415,10.360256492887212,93.70398810455525,0.13534208471353512,0,0.0864374403542326,17.900072259893072
Chase Brown,RB,Cincinnati Bengals,CIN,0,0,0,0,67.9139509207883,286.23593573183916,1.3263993568227965,20.548142899258966,18.993803570293224,209.36984842111562,1.1013174231361371,0,0.7993772708813415,72.025026338433
Antonio Gibson,RB,New England Patriots,NE,0,0,0,0,72.14327247041534,275.7648277785511,1.4007894389320432,57.677192184397896,46.80259255089032,382.9572056731421,1.8554650704871454,0,1.7764213089980772,105.25818405913347
Christian Kirk,WR,Jacksonville Jaguars,JAC,1.7,1.1333333333333333,0,0,1.2711598173783927,7.839239110372455,0.013686388498971204,114.708496079624,76.0121257031588,1050.9909720691624,3.9549210150092344,0,1.328055766398868,165.0446168577844
D Ernest Johnson,RB,Jacksonville Jaguars,JAC,0,0,0,0,36.78886059706886,99.6044498729677,0.3311736624298371,11.431158086827583,9.413266340948459,131.97285545079546,0.13281826747002068,0,0.2909109461420297,30.066493389965636
Devin Duvernay,WR,Jacksonville Jaguars,JAC,0,0,0,0,4.4405657712321664,15.679375228230905,0.035658836959395,11.669402783614453,5.113181749718856,22.64243670156363,0.10063514387852825,0,0.060155016981155475,7.08622591890411
Gabriel Davis,WR,Jacksonville Jaguars,JAC,0,0,0,0,0.8630313381513033,0,0.005349912070891525,78.03557270012682,42.80570336654141,702.5094180929341,4.938440093968383,0,0.5733835136358176,120.16976650152813
Travis Etienne,RB,Jacksonville Jaguars,JAC,0,0,0,0,239.5762385223752,929.6415321476989,8.105470628462099,69.5395450282011,54.596944777501065,448.70770853270466,1.3488311208712649,0,1.8522566980127901,218.1546935567655
Tank Bigsby,RB,Jacksonville Jaguars,JAC,0,0,0,0,44.864464142766906,121.73877206696054,1.4595453443962534,3.8103860289425264,0.9413266340948452,5.655979519319797,0.02374319356759944,0,0.8542742275643515,20.40132124832987
Raheem Mostert,RB,Miami Dolphins,MIA,0,0,0,0,193.8501509340857,905.5165187008122,10.317173593379096,33.87270802032903,26.25789291281748,182.03925503547435,2.2905663585906204,0,2.1677652819779096,193.19543297789986
Tyreek Hill,WR,Miami Dolphins,MIA,0,0,0,0,5.217258846910199,12.582832059515972,0.04151019141358702,169.69432826590617,117.17584712344798,1754.4033204043842,9.771218701810117,0,1.08264108465336,291.99762999814953
Jonnu Smith,TE,Miami Dolphins,MIA,0.5999999999999999,0,0,0,0.790780567708225,0,0.005062932930921547,66.01639281521066,47.61657806118332,553.4536357480562,2.90145589883275,0,0.6037947028661294,95.38517619024704
Braxton Berrios,WR,Miami Dolphins,MIA,0,0,0,0,0.8695431411516983,9.22741017697838,0.009503747384959316,32.74802826184154,26.5861165742277,232.10005017022982,0.9516902455464918,0,0.33494703564248945,42.5230742081384
Jeff Wilson,RB,Miami Dolphins,MIA,0,0,0,0,57.04203005955152,252.3277255668271,0.495454203929648,26.992314203699696,22.05663004676668,132.6286000972742,0.2652166178434779,0,0.4980434359865275,53.091885648459176
Jaylen Waddle,WR,Miami Dolphins,MIA,0,0,0,0,2.98129076966297,11.504303597271745,0.025284374209058318,117.9496082850743,81.02435527383679,1130.1294159549245,4.03259385132188,0,0.5289401936965392,177.96493855793057
Erik Ezukanma,WR,Miami Dolphins,MIA,0,0,0,0,34.78172564606801,147.63856283165416,0.2998509674652635,7.938915942264615,0,0,0.03974963030049922,0,0.21900257383657923,16.363454722086832
De Von Achane,RB,Miami Dolphins,MIA,0,0,0,0,130.27337241981837,976.122729465482,6.4983427478455384,53.40725270250742,38.67071501705846,279.4420772102996,3.1801005664409363,0,1.477975319462204,200.00654742290183
Chris Brooks,RB,Miami Dolphins,MIA,0,0,0,0,29.371234990012983,158.07765313288226,0.26531991451747944,0,0,0,0,0,0.18493550679533358,17.029813786802436
Gary Brightwell,RB,Jacksonville Jaguars,JAC,0,0,0,0,19.597867496985725,40.746693693823495,0.16819996925059755,16.704955958037758,11.806111042266062,114.5948637583251,0.19631459010153898,0,0.19773464372611801,23.228829335008474
Aaron Jones,RB,Minnesota Vikings,MIN,0,0,0,0,220.3769641316444,1005.2915533646841,5.24136372276355,64.25980189047961,44.48489121069098,339.40380771104907,1.6852555745324995,0,2.421526711587589,193.42864407351996
Brandon Powell,WR,Minnesota Vikings,MIN,0,0,0,0,5.267857836299528,18.36589105739182,0.06557535864505237,41.96468665421622,27.27947849973501,301.2434216211228,1.0872747119071744,0,0.5036153637712325,51.51054021348987
Justin Jefferson,WR,Minnesota Vikings,MIN,1.02,0,0,0,1.7910716643418385,0,0.004418835009832719,162.1362893458354,108.74164532997818,1697.562466653846,7.27221092985573,0,1.2031378069530383,265.380572305661
Kene Nwangwu,RB,New Orleans Saints,NO,0,0,0,0,8.80492024875181,22.944806590928316,0.08682968652566866,0,0,0,0,0,0.05544003815464658,2.7045787019375505
Ty Chandler,RB,Minnesota Vikings,MIN,0,0,0,0,107.46429986051037,498.0397516151548,4.588116313378526,23.843571962622853,19.754105120497766,147.83241986962508,0.2784281027039339,0,0.8010286324989947,102.06147894022364
Jordan Addison,WR,Minnesota Vikings,MIN,0,0,0,0,1.0535715672599044,2.1606930655755026,0.012159093818342744,103.00423087853072,65.8470170683259,847.0146823976631,7.385431473619593,0,0.42123847595905,161.38411253319634
Isaiah McKenzie,WR,New York Giants,NYG,0,0,0,0,3.3814293559373394,15.154288384351,0.02906903086258824,17.26142933541913,13.558297911858048,99.83462543482484,0.18148157656542693,0,0.4031059463665864,18.735132089681528
Devin Singletary,RB,New York Giants,NYG,0.5999999999999999,0.8,1.8000000000000005,0.19999999999999993,190.63746199766445,794.4863107130441,4.334397247455482,35.66329389502971,28.08122514370575,176.61562819494566,0.3503013369182081,0,1.5287469183791584,137.0735041321357
Wan Dale Robinson,WR,New York Giants,NYG,0,0,0,0,8.938837268467763,83.8335743126527,0.8349157146868474,84.71323850588351,64.58132852417955,575.0308058417038,1.8562489723448632,0,0.4629185366282131,113.39825332645925
Eric Gray,RB,New York Giants,NYG,0,0,0,0,19.48208122614769,53.36885367383725,0.16007090909079047,8.772080910372551,7.45169175278995,27.80368731542304,0.09510638987776196,0,0.6409290937368468,12.092305581658627
Joshua Kelley,RB,New York Giants,NYG,0,0,0,0,95.34814540458282,358.66623778004123,2.0996355080715734,11.156897061554426,7.389871721896357,29.484486371813386,0.09075298038440438,0,0.9313567977951615,53.78962561127919
Van Jefferson,WR,Pittsburgh Steelers,PIT,0,0,0,0,0.8518361113788372,3.397858456788649,0.007565318216422828,41.467421640915525,19.237592529672842,201.60863085571583,0.41805805268208157,0,0.12649276301200363,32.42019989545389
Najee Harris,RB,Pittsburgh Steelers,PIT,0,0,0,0,213.18808726346413,867.0206877124083,5.961914392444478,37.46451856706151,28.5630770371562,168.93171785156852,0.48345835829266,0,1.939842266960189,152.66933104547823
George Pickens,WR,Pittsburgh Steelers,PIT,0,0,0,0,2.508095144276048,15.07862065586796,0.02342077184278238,104.50628863443472,62.05082252899451,1132.8362255928714,5.983891833627596,0,0.9013506579382354,180.05807020631698
Calvin Austin,WR,Pittsburgh Steelers,PIT,0,0,0,0,9.196348862345513,47.748965410248566,0.60060850161633,29.577251500311718,16.743872745919155,178.86887772519026,1.2594150426785398,0,0.46958652114890437,41.254688909974874
Connor Heyward,TE,Pittsburgh Steelers,PIT,0.5999999999999999,0,0,0,0.8360317147586814,0,0.0057259321783120634,33.52088503368661,22.65347489153768,165.95056988948204,0.421028784261776,0,0.14790129901193622,30.186520135333698
Jaylen Warren,RB,Pittsburgh Steelers,PIT,0,0,0,0,124.56872549904375,656.7576996778049,3.1964954558082286,72.95722036743557,60.08095514712167,367.6749153240022,0.9843123104414611,0,2.024421398251651,153.51974287473638
Ray Ray McCloud,WR,Atlanta Falcons,ATL,0,0,0,0,4.015948509900229,38.81077820925219,0.05291494005700468,22.39887186678587,17.77817958692432,187.68517043403168,0.403081794228589,0,0.37040894381103673,33.53384717588204
KhaDarel Hodge,WR,Atlanta Falcons,ATL,0,0,0,0,0.9297310373857158,0,0.007819013786861886,23.81349256307329,14.73555617501205,237.9437724902753,0.42225227311816244,0,0.26624430512025127,33.21009444772319
Darnell Mooney,WR,Atlanta Falcons,ATL,0,0,0,0,2.090595062611949,5.167372468634343,0.019735063942449973,72.11775036071253,37.1450713556394,495.85526632917424,2.1364964845104213,0,0.24704673998145543,81.11809536835489
Kyle Pitts,TE,Atlanta Falcons,ATL,0,0,0,0,0.9297310373857158,0,0.0059285435706775864,93.18323176854764,55.784605519688476,684.0883459095417,4.278716123552307,0,0.3571009042455995,121.29480354504513
Tyler Allgeier,RB,Atlanta Falcons,ATL,0,0,0,0,172.9299729537435,646.5002562615599,4.434821924034756,23.81349256307329,18.94571508215835,197.94460383889285,1.3557638741155997,0,1.208142171096604,126.24457399783337
Bijan Robinson,RB,Atlanta Falcons,ATL,0,0,0,0,198.96244200054358,923.8422402800622,4.79223125340239,89.04175480105663,61.047304153621354,499.4767982877763,5.116124398029239,0,2.7179087444338745,226.86987235331654
Jonathan Ward,RB,Pittsburgh Steelers,PIT,0,0,0,0,6.257631820933526,22.942727931353474,0.0558462250174987,0,0,0,0,0,0.039401077705327914,2.5505479878296837
La Mical Perine,RB,Pittsburgh Steelers,PIT,0,0,0,0,109.16478374317903,378.6559626873408,1.0041665644553157,26.863999773025498,16.012044885823958,176.95896034406934,0.278596697705962,0,0.7881738799682341,69.68774655908419
Cordarrelle Patterson,RB,Pittsburgh Steelers,PIT,0,0,0,0,49.798211319698524,180.50925449354224,0.3953041979209915,14.243424118904658,10.739195734466357,44.93722007347865,1.1143155873600326,0,0.5538953910654306,35.86417325349055
Samaje Perine,RB,Kansas City Chiefs,KC,0,0,0,0,45.82557528440536,213.39010525504443,1.1675848108030935,54.118133018948726,47.66097603576078,438.54018533799206,0.7236721839767538,0,1.319960133272813,97.73113877931749
Javonte Williams,RB,Denver Broncos,DEN,0,0,0,0,223.69568686693083,813.7706078139672,5.360370198929337,59.58994996167638,48.3570890720082,236.18664271788586,1.9160779361856344,0,2.0427134014326067,168.74753159701402
Marvin Mims,WR,Denver Broncos,DEN,0,0,0,0,9.277701298628465,31.541496426897947,0.10043083382121226,33.90462670233311,22.635233182642136,390.5366855466797,1.0664487002200598,0,0.7594156300180899,59.007880732890285
Jaleel McLaughlin,RB,Denver Broncos,DEN,0,0,0,0,73.73650182439357,405.71022854990304,1.7959181443972745,34.81116752325111,30.018918873236625,155.9953058198627,1.585771700018446,0,0.6532943308650025,90.1635632783592
Laviska Shenault,WR,Seattle Seahawks,SEA,0,0,0,0,23.237597361030645,107.82572547996865,0.24131170900231627,21.109471496246282,21.128404680092554,133.082344301309,0.3064348319170757,0,0.609566508163475,36.72235554736345
Kenneth Walker,RB,Seattle Seahawks,SEA,0,0,0,0,238.92099485971397,985.8290783492346,8.742392749222777,41.81115927945386,32.31716909296524,284.99079689466555,1.3080859729772376,0,1.8943248954704357,199.75479461313185
Zach Charbonnet,RB,Seattle Seahawks,SEA,0,0,0,0,110.4600489933609,471.80908238675386,1.9492817111070369,42.37617494539243,34.47629030391766,215.5999392530831,0.5146598811899136,0,0.9125893197925342,98.93751823013918
Jake Bobo,WR,Seattle Seahawks,SEA,0,0,0,0,0.9626148060423585,2.883477967222329,0.6815748874808615,24.92716173258378,18.68233913082169,190.29592161488,1.700095833630314,0,0.12369413521495679,42.70174557985821
Ameer Abdullah,RB,Las Vegas Raiders,LV,0,0,0,0,14.474353806438975,86.7232692052729,0.21677490335089955,23.082138459734484,18.263139511225724,126.74668838449487,0.2043233321589718,0,0.20613109799331905,32.59289273166223
Alexander Mattison,RB,Las Vegas Raiders,LV,0,0,0,0,188.10007266222908,722.7515000248327,2.5901162869571612,44.075245308826666,29.71771040569406,189.70072163563833,2.0587795918312657,0,2.2113418080691596,129.57476902548638
Jakobi Meyers,WR,Las Vegas Raiders,LV,1.9124999999999999,1.7000000000000002,3.8250000000000006,0.21249999999999997,4.101066911824375,24.847678255443352,1.7305900800944585,108.31774350114985,72.51187299358372,829.598195585346,6.271357121553823,0,0.4823921388836643,169.75042281299315
Harrison Bryant,TE,Las Vegas Raiders,LV,0,0,0,0,4.454895831440989,7.089950303968213,0.0454663756100601,18.88775523780997,12.454506026506326,77.21995759649886,1.8996379977277262,0,0.39231812327694116,25.544233796772705
Zamir White,RB,Las Vegas Raiders,LV,0,0,0,0,100.35551972464356,439.4628585570571,2.1733664016546292,18.273359613956465,14.418268035178203,94.81813329527097,0.1600842884559724,0,1.0298722196576928,72.57819290417014
Tre Tucker,WR,Las Vegas Raiders,LV,0,0,0,0,10.25266727956094,79.71963440288077,0.16654823101870037,34.74342716074617,19.404585730677333,340.2689005436797,1.6413116566278507,0,0.18673641464074586,62.17483285659254
Gus Edwards,RB,Los Angeles Chargers,LAC,0,0,0,0,164.728174018447,671.5491407422745,6.896557836067045,12.971276149023605,11.884594085864533,171.15079186450836,0.17448783184323388,0,1.7930179641305966,129.05252838281103
J K Dobbins,RB,Los Angeles Chargers,LAC,0,0,0,0,113.14662457832726,310.07330696001316,6.957666067503595,50.887314123092615,33.67301657661617,242.46362180805346,0.49596352620676415,0,0.9244474995256737,114.96308372832556
Joshua Palmer,WR,Los Angeles Chargers,LAC,0,0,0,0,1.5149745909766539,9.906568538709909,0.015437316012882937,98.99223226715573,61.54304139498092,927.0190162971805,3.0056373947225503,0,0.9033827477212472,140.7837619500496
Isaiah Spiller,RB,Los Angeles Chargers,LAC,0,0,0,0,62.28228874015134,176.11677402150957,0.5328877692248457,10.818823198596252,10.797024806137003,60.27662374087613,0.10522009016210791,0,0.4601427175783849,31.946213900472017
Quentin Johnston,WR,Los Angeles Chargers,LAC,0,0,0,0,2.6734845723117413,8.741089887096976,0.023394351780116538,63.958337144642556,36.20178905587113,404.52080188729855,1.7534904136923422,0,0.2447775325988118,69.59883723301225
Derius Davis,WR,Los Angeles Chargers,LAC,0,0,0,0,12.4762613374548,98.09445317742171,0.13439922665587672,16.22823479789438,14.290179890475448,61.9451807994471,0.14245026385390774,0,0.636947186426258,23.5362559131308
Elijah Dotson,RB,Los Angeles Chargers,LAC,0,0,0,0,15.149745909766544,24.766421346774784,0.12166541006657655,8.11411739894719,8.097768604602752,51.85562483590079,0.08075039147938867,0,0.1463775997130742,12.632828530418577
Brandin Cooks,WR,Dallas Cowboys,DAL,0,0,0,0,4.856870041458587,34.803998707433365,0.05531596978131097,85.87115314445391,56.23092954046982,681.302713313633,6.42164669799684,0,0.558931283734773,137.4700494115409
Ezekiel Elliott,RB,Dallas Cowboys,DAL,0,0,0,0,175.60325125900243,639.6873902761598,4.174793493311501,66.17103446323544,51.99756338922718,329.3213234019596,2.7762952536201064,0,1.9079397744301398,160.79030599515494
Royce Freeman,RB,Dallas Cowboys,DAL,0,0,0,0,84.92655588571508,354.576543139824,2.1360013121324166,2.448711761191171,1.2306519423307438,15.63509301055476,0.030914400154188285,0,0.5424874677271271,49.55300892446862
Rico Dowdle,RB,Dallas Cowboys,DAL,0,0,0,0,86.45228673796285,358.97838666809844,2.146416830767789,23.32302924911094,17.702329670147904,149.3266220961387,1.630518116291542,0,0.6558078602093883,81.03165967343487
Peyton Hendershot,TE,Kansas City Chiefs,KC,0,0,0,0,1.816919074068374,0,0.0128468555590384,13.967982442443297,7.825461021235363,74.41406869780432,0.12391377302906292,0,0.060713090554230215,12.053274970818261
KaVontae Turpin,WR,Dallas Cowboys,DAL,0,0,0,0,10.685114091208888,109.38399593764773,0.7800943625854231,19.08247847654531,12.495762120104402,131.69778476534458,2.2273717859111457,0,0.31130457530449873,47.77824687072185
Deuce Vaughn,RB,Dallas Cowboys,DAL,0,0,0,0,51.066519293050284,90.91656805207084,0.4509060806958502,16.962203090262502,16.661016160139205,94.81055371183412,0.24113354714864377,0,0.42644533324163714,30.20256735704379
Hunter Luepke,RB,Dallas Cowboys,DAL,0,0,0,0,5.485406164470874,17.782211104302085,0.6572366801414111,3.991106609473529,2.9401793223775066,17.567837893663377,0.049371294866328574,0,0.05305156295224015,9.138639285127256
D Onta Foreman,RB,Cleveland Browns,CLE,0,0,0,0,165.90303281656966,606.1353684495281,5.350646359309496,29.22607667279982,19.776932587272622,138.84141676455815,1.6197548488515159,0,1.4318285857326736,123.34489489254565
Nick Chubb,RB,Cleveland Browns,CLE,0,0,0,0,193.29064609879342,1133.4753336830702,1.8587274502154063,31.869069711201277,31.867840330156515,165.93514647100096,0.3597572455033853,0,1.4177067736908833,156.35046280741636
Elijah Moore,WR,Cleveland Browns,CLE,0,0,0,0,7.309310146593027,8.62853195191264,0.05454238913354935,97.48186029308626,55.300075867036306,594.9495447699754,2.1766294604002403,0,0.9771019907947965,99.44067272132011
Pierre Strong,RB,Cleveland Browns,CLE,0,0,0,0,51.1651710261512,228.26389072787086,1.0015711851861284,7.49860463792971,4.686447107375957,43.69160719404507,0.07223852024974727,0,0.6116534638003034,34.758324650894224
Jerome Ford,RB,Cleveland Browns,CLE,0,0,0,0,165.67769665610862,637.7269524459072,3.6099229492377005,59.05151152369648,41.24073454490843,296.54516372128467,3.7168991744064472,0,1.569766118262779,154.86897939451273
Cedric Tillman,WR,Cleveland Browns,CLE,0,0,0,0,0.9861767658101691,7.620002243247526,0.010328199421421562,50.07996668903057,23.90088024761739,252.85355652723956,0.4334609071585088,0,0.15670095258124359,40.3471287351745
CeeDee Lamb,WR,Dallas Cowboys,DAL,0,0,0,0,12.799281050432038,105.7573607782177,1.3624297863750408,180.5975740786772,132.3080695069878,1707.0082486676251,10.032936687191121,0,1.7006972470600252,312.4014000453551
Austin Ekeler,RB,Washington Commanders,WAS,0,0,0,0,189.49919689899733,701.7119486311678,5.912493606247625,83.88805112292401,57.58021348566648,490.5305504666509,1.5902582366131874,0,3.1130231958706522,186.80482131803868
Dyami Brown,WR,Washington Commanders,WAS,0.5999999999999999,0.8,1.2,0,0.926351408903716,0,0.008696715699495993,21.452818634599602,11.16506473798241,156.98066373188615,0.8421963619568891,0,0.07613340650326794,26.281690395111596
Brian Robinson,RB,Washington Commanders,WAS,0,0,0,0,186.87595755617647,772.7880541022989,5.441356241655714,45.455102672151625,37.961220109140186,389.71072710582524,3.4067114999996013,0,2.4454976643220463,183.42789929667032
Chris Rodriguez,RB,Washington Commanders,WAS,0,0,0,0,61.780513193809405,300.47011653363603,2.252047473807836,2.439450948416008,2.4334115454577043,14.66302902990145,0.027498263273160996,0,0.7862631296743975,44.83476849221978
Chris Godwin,WR,Tampa Bay Buccaneers,TB,0.5999999999999999,0,0,0,3.5703264957086764,35.21704220749374,0.7603767709874839,125.42660465091733,79.8095922725507,983.3205107525903,2.7263971242304526,0,0.5250003120129262,161.62919417956553
Chase Edmonds,RB,Tampa Bay Buccaneers,TB,0,0,0,0,57.19388405625632,213.29836090044796,0.49372450750935115,21.44869156456515,17.603969379858263,101.71517002000576,0.25153151971068305,0,0.47096347624178736,43.83294699281114
Rachaad White,RB,Tampa Bay Buccaneers,TB,0,0,0,0,242.78220170819012,917.4966259320737,6.415927984587087,67.5374025043401,61.53992657160535,527.1903910187228,2.7656114324354335,0,2.6508379902895953,225.0262255024383
Trey Palmer,WR,Tampa Bay Buccaneers,TB,0,0,0,0,2.6777448717815084,20.388813909601637,0.028102891311354038,65.60776243278752,37.50089275457201,369.70546546850323,2.571910440799005,0,0.8730132534664674,71.6139278008257
Rakim Jarrett,WR,Tampa Bay Buccaneers,TB,0,0,0,0,1.5173887606761873,0,0.010385701517109592,14.761746547377191,6.5386171982330685,97.94794150074631,0.15276376554138776,0,0.05072451142295164,13.941550528696247
Sean Tucker,RB,Tampa Bay Buccaneers,TB,0,0,0,0,20.69166491831166,32.94225718452165,0.15741698951403144,2.9821710196721596,2.972098726469576,13.356537477374495,0.03751556604295279,0,0.14899850564066025,6.987527151484987
Sterling Shepard,WR,Tampa Bay Buccaneers,TB,0,0,0,0,1.0006368075430914,5.869217456321045,0.009127977547424867,24.452850687262316,11.038543689136276,65.35577624181164,1.1673486642394448,0,0.2864901642671892,19.12765073656825
Demarcus Robinson,WR,Los Angeles Rams,LAR,0,0,0,0,0.9000413379135525,20.262985779969135,0.014390829449135391,39.41684456447055,26.113691559314887,374.1483901951653,2.8938567778231614,0,0.6428318586411722,68.66180530352233
Cooper Kupp,WR,Los Angeles Rams,LAR,0,0,0,0,1.2000551172180705,0,0.006761959024052,128.02052080768215,79.01065651279889,991.0057990074998,5.349615054024786,0,0.5050454504468552,169.73407933454874
Boston Scott,RB,Los Angeles Rams,LAR,0,0,0,0,18.83847187178101,79.3380755025753,0.15334992832814828,6.504938308464385,4.271043914852416,56.46242700976321,0.06330830647997514,0,0.44240984217099844,16.1307019331668
Tutu Atwell,WR,Los Angeles Rams,LAR,0,0,0,0,4.500206689567764,27.31098083387145,0.04184544512213469,67.71611758511608,39.17053733897234,487.0988476125737,2.4786776209829866,0,0.27497213453208563,85.59944564169724
Kyren Williams,RB,Los Angeles Rams,LAR,0,0,0,0,273.6125667257201,1343.8177236107072,10.77315036580102,64.68405261861835,42.85323743067058,276.9975503331682,3.054408727633834,0,2.9790831297008693,260.51533441093017
Ronnie Rivers,RB,Los Angeles Rams,LAR,0,0,0,0,51.202351667971016,202.04252487853287,0.43188502370975296,8.983896197030324,8.927757798056371,39.443016875920385,0.08900483175359454,0,0.37860826320513336,30.980555680843327
Puka Nacua,WR,Los Angeles Rams,LAR,0,0,0,0,10.165172757611892,73.79665409380065,0.0994468211498721,152.19777086733725,99.25566022545026,1410.4569724560408,5.0136385464129365,0,0.8477095043207704,227.03628596444457
Zach Evans,RB,Los Angeles Rams,LAR,0,0,0,0,12.960595265955163,26.782381204828766,0.09941011551086523,0,0,0,0,0,0.08160617879001757,3.1114864559680333
Kalif Raymond,WR,Detroit Lions,DET,0,0,0,0,5.838149467669095,61.55748676164702,0.06316115469884517,43.43368852953235,34.074307157260996,474.904201966421,1.3047443340201623,0,0.4102054572383933,78.07034446927457
David Montgomery,RB,Detroit Lions,DET,0,0,0,0,221.79010681767394,1011.5946991163995,8.723049063096896,28.767767727352588,18.91471744239794,137.97611126368847,0.34458298243947477,0,2.017788507535908,174.7846550173542
Craig Reynolds,RB,Detroit Lions,DET,0,0,0,0,34.194875453490425,146.91720173779754,0.7217533957769227,4.935646423810494,4.867758165323,45.64518914605681,0.07645880369148741,0,0.7798508228801385,24.919689722097118
Amon Ra St Brown,WR,Detroit Lions,DET,0,0,0,0,3.544590748227666,20.929545498959982,0.032157140410376865,172.0072778697957,123.09343460560535,1563.287029862624,9.359098973954852,0,1.1253966698561932,274.0651181854401
Jake Funk,RB,Detroit Lions,DET,0,0,0,0,7.1763898710389675,36.03090468520037,0.06542388120245032,4.239636712377673,4.247714173898637,51.28014967337348,0.0775221021263629,0,0.07193168662984512,11.568775049519893
Jameson Williams,WR,Detroit Lions,DET,0,0,0,0,3.544590748227666,33.71982330387998,0.6493028666838592,58.734192443344874,33.100755524196394,487.04387993079774,2.6053593630632608,0,0.4547829179398226,87.24515562816904
Zonovan Knight,RB,Detroit Lions,DET,0,0,0,0,21.267544489365996,90.69469716215995,0.17981104712970003,8.390598920477839,8.275188881049099,66.03984812620986,0.1258192842723742,0,0.18601534357798938,21.272800270618003
Jahmyr Gibbs,RB,Detroit Lions,DET,0,0,0,0,172.0308043139827,879.0409109563194,6.407862454092329,79.43100311385689,57.374642908607086,347.80986679803857,1.7134015956522042,0,1.9251043900695737,196.24977474806738
Sam LaPorta,TE,Detroit Lions,DET,0,0,0,0,0.8340213525241551,3.2830659606211694,0.006948419139732846,118.45551417145185,83.72544044355558,863.3738968264792,8.123692322830943,0,0.532427285639028,176.2474063810338
Mike Williams,WR,New York Jets,NYJ,0,0,0,0,3.4,10.2,0,117.86666666666667,86.13333333333333,1128.8000000000002,2.2666666666666666,0,0.5637451874497502,169.43917629176715
Tyler Conklin,TE,New York Jets,NYJ,0,0,0,0,0.5999999999999999,0,0,69.6,48.80000000000001,496.8000000000002,0,0,0.31104630223400226,73.45790739553202
Garrett Wilson,WR,New York Jets,NYJ,0.5999999999999999,0,0,0,2.3999999999999995,0,0,134.40000000000003,76,833.6,1.2000000000000002,0,0.997269124529599,126.5654617509408
Breece Hall,RB,New York Jets,NYJ,0,0,0,0,133.79999999999998,596.4,1.5000000000000004,76,60.800000000000004,472.8,1.6,0,1.4473853162889756,153.02522936742207
Israel Abanikanda,RB,New York Jets,NYJ,0,0,0,0,37.4,118.99999999999999,0,24.933333333333337,15.866666666666669,97.46666666666668,0,0,0.9056821164704743,27.768635767059052
Xavier Gipson,WR,New York Jets,NYJ,0,0,0,0,4.799999999999999,40.8,0.3,30.400000000000002,16.8,183.20000000000002,0,0,0.5140040511792398,31.57199189764152
Christian McCaffrey,RB,San Francisco 49ers,SF,0,0,0,0,232.6798470500318,1252.4699384646374,8.533594872096566,82.73414708905526,66.44888958184293,555.370865801977,5.251055186133872,0,2.5992284357252915,291.517968695515
George Kittle,TE,San Francisco 49ers,SF,0,0,0,0,0.8554406141545264,1.7168881952907984,0.006694732973647536,89.71172575921653,64.46534063910134,1004.394119003575,4.801296201293678,0,0.4112912442886917,160.86913415646382
Trent Taylor,WR,San Francisco 49ers,SF,0,0,0,0,0.7916763453855202,0,0.0047378315200385865,1.8644735378572912,0,0,0.010925785577244378,0,0.018839113368098726,0.05630347584750033
Patrick Taylor,RB,San Francisco 49ers,SF,0,0,0,0,41.15102280542409,187.5718336227192,0.40066169404473106,24.085781043820106,15.63791325692344,71.18876109333561,0.2245512543255911,0,0.35757061882583757,36.73115255263746
Elijah Mitchell,RB,San Francisco 49ers,SF,0,0,0,0,93.32079427140314,350.8695148194286,2.1252977406977216,11.599091815333049,8.655486295599621,20.052075103101668,0.12250434553511473,0,0.6420920037640352,53.622530649921785
Jordan Mason,RB,San Francisco 49ers,SF,0,0,0,0,32.20482312111167,166.43716151995503,1.584969124792398,3.752647352019514,2.800304389752818,28.730073992259115,0.04577054133258087,0,0.2204092200705292,30.26049530270664
Matt Breida,RB,San Francisco 49ers,SF,0,0,0,0,45.39985520698843,130.62920602197434,1.0580849595830684,19.550167397043058,15.854969106773275,87.3471207567303,0.23236593136499706,0,0.5293361662503749,36.409150244444746
Deon Jackson,RB,New York Jets,NYJ,0,0,0,0,35.7,40.8,0,20.400000000000002,17,47.6,0,0,1.2540746989419418,14.831850602116116
Ke Shawn Vaughn,RB,San Francisco 49ers,SF,0,0,0,0,56.65455911990668,110.57665362411144,0.49709493823767925,13.025288823102587,5.231299961620298,5.359531740443551,0.09774038063943305,0,0.3896633123053342,16.998953805917655
Logan Thomas,TE,San Francisco 49ers,SF,0,0,0,0,0.9404313829055969,1.9381098608980616,0.009375544531674138,75.1396693418322,53.18732734872776,500.23102134096325,3.457740516734284,0,0.9508235355990051,95.71162609094775
Nelson Agholor,WR,Baltimore Ravens,BAL,0,0,0,0,0,0,0,43.500710982615125,33.46298025217385,366.3399127920801,3.0192341086468764,0,0.36982421162314244,70.74123763392991
Tylan Wallace,WR,Baltimore Ravens,BAL,0,0,0,0,0,0,0,2.987927623048311,1.4775861410050783,16.34587537392483,0.03151423528779987,0,0.009303597275138433,2.5438588250715446
Charlie Kolar,TE,Baltimore Ravens,BAL,0,0,0,0,0,0,0,9.860161156059426,7.58494219049274,94.80607716876402,0.8272028163913395,0,0.04775846601237732,18.140778778446055
Isaiah Likely,TE,Baltimore Ravens,BAL,0,0,0,0,0,0,0,38.66729865121344,28.682554501863304,395.1855752166533,3.5863972086556846,0,0.1805992412232756,75.01701954208454
Travis Kelce,TE,Kansas City Chiefs,KC,0,0,0,0,0,0,0,128.1410048838554,97.2471418809984,1034.4613814012223,4.7668359099302275,0,0.944599520704867,178.78152549879306
Justin Watson,WR,Kansas City Chiefs,KC,0,0,0,0,0,0,0,52.61988578650055,26.468476116803995,453.3653157817856,2.425931518344558,0,0.47027943169713415,72.18579988325364
Irv Smith,TE,Kansas City Chiefs,KC,0,0,0,0,0,0,0,34.57905872414476,23.53498083634811,152.68557488182444,1.1877979647080408,0,0.5460393922056633,33.07075691019342
Justyn Ross,WR,Kansas City Chiefs,KC,0,0,0,0,0,0,0,17.473773393253012,9.411013730419198,83.57691038759874,0.14985151182914747,0,0.05925629597409542,13.843794382996167
Keith Kirkwood,WR,Baltimore Ravens,BAL,0,0,0,0,0,0,0,11.014546098806852,6.05525842814165,45.827540166107966,0.8894105139956935,0,0.0381268369057639,12.870592640844256
Romeo Doubs,WR,Green Bay Packers,GB,0,0,0,0,0,0,0,89.87093846113362,55.072205958075486,622.9159658466505,5.549848838303244,0,0.503890776634866,122.11901104025252
Samori Toure,WR,Green Bay Packers,GB,0,0,0,0,0,0,0,26.042146940442127,11.540554715405648,111.40903300683281,0.22670610849514847,0,0.2746246239154714,17.722168061526055
Luke Musgrave,TE,Green Bay Packers,GB,0,0,0,0,0,0,0,66.55215329224099,49.047357540474,502.7689694667327,1.6346361007690926,0,0.30882589468245836,83.99074053215992
Tucker Kraft,TE,Green Bay Packers,GB,0,0,0,0,0,0,0,37.44622435880567,28.936243808480338,328.09372088362153,1.5929992459427778,0,0.18219659184553338,56.47109628456793
Ben Sims,TE,Green Bay Packers,GB,0,0,0,0,0,0,0,5.616933653820851,3.7337088785135917,19.40836095367902,0.6309491149762153,0,0.023509237657488177,7.546366749167014
Malik Heath,WR,Green Bay Packers,GB,0,0,0,0,0,0,0,29.3808837276783,18.30953392348011,151.07240669072496,1.0445096481169076,0,0.11528568466652854,30.29849415018094
A J Brown,WR,Philadelphia Eagles,PHI,0,0,0,0,0,0,0,149.98787890340515,99.75042937285247,1365.9342611724683,5.807620708428999,0,1.2269324548286389,218.86050014458976
Parris Campbell,WR,Philadelphia Eagles,PHI,0,0,0,0,0,0,0,36.80643022353628,27.029364531274588,144.905097009164,0.36590047169703394,0,0.17018995727100916,29.860214882193876
Albert Okwuegbunam,TE,Philadelphia Eagles,PHI,0,0,0,0,0,0,0,4.034484084427035,0,0,0.01910739324826173,0,0,0.11464435948957039
DeVonta Smith,WR,Philadelphia Eagles,PHI,0,0,0,0,0,0,0,112.96555436395703,80.9884087537841,1062.5627009343866,5.732111719159707,0,0.8271691428795901,179.4888064995298
Grant Calcaterra,TE,Philadelphia Eagles,PHI,0,0,0,0,0,0,0,4.303449690055505,4.266056098964759,41.46586149987851,0.050711304169925364,0,0.026861153334125518,6.530159717821531
Britain Covey,WR,Philadelphia Eagles,PHI,0,0,0,0,0,0,0,6.051726126640554,3.9994275927794614,41.86457170660809,0.05793728625517076,0,0.09517231412438326,6.343450056332798
Jahan Dotson,WR,Philadelphia Eagles,PHI,0,0,0,0,0,0,0,77.36885193532778,45.465790030377484,488.05127522303565,3.0976830521795264,0,0.2862746126942607,89.55157162518094
David Moore,WR,Carolina Panthers,CAR,0,0,0,0,0,0,0,16.056369324688013,11.29984391678399,205.9098285409449,1.4630430170337902,0,0.07114928473961626,34.876864345209995
Ian Thomas,TE,Carolina Panthers,CAR,0,0,0,0,0,0,0,11.985688280404599,6.628571976182287,74.71860260531827,0.09038135175831784,0,0.041736696402498635,11.244960966367879
Diontae Johnson,WR,Carolina Panthers,CAR,0,0,0,0,0,0,0,109.46840172526345,63.16761692299337,865.3330685384798,5.543215240136599,0,0.6056880883824508,150.16503057939937
Terrace Marshall,WR,Carolina Panthers,CAR,0,0,0,0,0,0,0,58.59669825975581,33.584764679323584,247.28299433664853,0.40981597013705356,0,0.4989335122104211,42.98171056972812
Tommy Tremble,TE,Carolina Panthers,CAR,0,0,0,0,0,0,0,31.96183541441226,22.86857331782889,194.13494069774657,2.5079223794036727,0,0.14399160258862032,45.607331799933895
Mike Strachan,WR,Carolina Panthers,CAR,0,0,0,0,0,0,0,11.985688280404599,3.9771431857093718,180.12520270924938,0.11318663787076062,0,0.02504201784149918,20.63012765532119
Jonathan Mingo,WR,Carolina Panthers,CAR,0,0,0,0,0,0,0,90.55853367416809,45.60457519613413,446.1767984146148,0.6301303836073523,0,0.46458061625622976,70.2715885086602
Equanimeous St Brown,WR,New Orleans Saints,NO,0,0,0,0,0,0,0,14.319228208225226,11.950394380880972,149.33202923111324,0.21844411865297678,0,0.07524546523099239,22.068573895007685
Cedrick Wilson,WR,New Orleans Saints,NO,0,0,0,0,0,0,0,41.58452380914798,23.696956601339103,312.4964806978097,2.5072516037604027,0,0.1492075045555902,57.84322098390176
Foster Moreau,TE,New Orleans Saints,NO,0,0,0,0,0,0,0,27.048564583671066,22.50519736126865,207.5343993685451,1.0255134653314897,0,0.14170361174633678,37.8757121859851
Juwan Johnson,TE,New Orleans Saints,NO,0,0,0,0,0,0,0,73.65532202015044,45.75232430587584,456.5922218072416,4.0140198384853045,0,0.2880787711326627,92.0433458223086
A T Perry,WR,New Orleans Saints,NO,0,0,0,0,0,0,0,29.21244975036475,19.2901691668017,396.7885666683583,4.6032926255059925,0,0.12146023863971724,76.70077652599319
Jordan Mims,RB,New Orleans Saints,NO,0,0,0,0,0,0,0,16.229138750202637,0,0,0.086853872621368,0,0,0.521123235728208
Kevin Rader,TE,New Orleans Saints,NO,0,0,0,0,0,0,0,3.605404026585944,1.2075439931315564,7.23895430056695,0.03319321684846446,0,0.007603281251992954,1.511620165209274
Chris Olave,WR,New Orleans Saints,NO,0,0,0,0,0,0,0,139.97632172049776,87.40857903707024,1132.0974602859917,4.842262587157675,0,0.5503667063362189,184.8668776574079
Jesper Horsted,TE,Carolina Panthers,CAR,0,0,0,0,0,0,0,1.2388368701039618,1.2247569540214676,4.786245329498222,0.0103768845465169,0,0.007711662382262293,1.1378409924751327
Nick Vannett,TE,Tennessee Titans,TEN,0,0,0,0,0,0,0,1.9299931745455914,1.9254435018866132,5.797703817141066,0.014882461245284964,0,0.01212352391543156,1.6075398522982598
Nick Westbrook Ikhine,WR,Tennessee Titans,TEN,0,0,0,0,0,0,0,51.28051577105454,32.05296801429604,422.86895409741646,3.037952989073046,0,0.20182099547513221,76.13745536037769
Mason Kinsey,WR,Tennessee Titans,TEN,0,0,0,0,0,0,0,2.658989706647272,2.671080667858003,16.000446911794132,0.028295275898971645,0,0.016818416289594348,3.0717198479230556
Kyle Philips,WR,Tennessee Titans,TEN,0,0,0,0,0,0,0,38.998515697493325,26.710806678580038,321.7867656705265,0.385698137997965,0,0.6356232797710941,46.57702217478828
Josh Whyle,TE,Tennessee Titans,TEN,0,0,0,0,0,0,0,21.75537032711404,13.1125778240302,136.73109179169532,1.274353400295727,0,0.0825631345125541,27.710392223933887
Colton Dowell,WR,Tennessee Titans,TEN,0,0,0,0,0,0,0,3.190787647976726,1.602648400714802,4.800134073538232,0.022776604713134082,0,0.01009104977375661,1.3978151364425155
Travis Homer,RB,Chicago Bears,CHI,0,0,0,0,0,0,0,0.9831999712470746,0,0,0.004028671474475826,0,0,0.024172028846854956
Collin Johnson,WR,Chicago Bears,CHI,0,0,0,0,0,0,0,5.2437331799844,5.189301078749672,57.67137686386733,0.05775392281992173,0,0.032674350439757166,8.642963061801584
Marcedes Lewis,TE,Chicago Bears,CHI,0,0,0,0,0,0,0,4.626823394103883,3.663036055588004,26.831068380515813,0.6455408228190204,0,0.023064247369240353,8.341741308021225
Dalton Schultz,TE,Houston Texans,HOU,0,0,0,0,0,0,0,91.87113591566137,61.237233870506124,658.1056511866886,3.956811937158473,0,0.7133916381329853,118.74327040060679
Brevin Jordan,TE,Houston Texans,HOU,0,0,0,0,0,0,0,23.48977906934524,18.904957187625982,243.18077212016559,1.5938745767341997,0,0.11903475763366768,43.09573375096742
Teagan Quitoriano,TE,Houston Texans,HOU,0,0,0,0,0,0,0,6.711365448384352,4.448225220617877,73.28735598141978,0.06146631727625703,0,0.02800817826674533,9.865629755574968
Mo Alie Cox,TE,Indianapolis Colts,IND,0,0,0,0,0,0,0,20.776985280049356,12.24782930207034,151.84040496095434,2.286750389625821,0,0.0771182594089522,34.874220966067625
Juwann Winfree,WR,Indianapolis Colts,IND,0,0,0,0,0,0,0,2.0068678963684032,0,0,0.009784175783995288,0,0,0.05870505470397173
D J Montgomery,WR,Indianapolis Colts,IND,0,0,0,0,0,0,0,18.34850648108255,6.864168070391069,128.26270232726574,1.8458035300025564,0,0.04322012340501717,27.24673520112741
Michael Pittman,WR,Indianapolis Colts,IND,0,0,0,0,0,0,0,156.53569591673548,109.11167161892472,1154.364320945392,4.581467784034726,0,1.175422130041649,195.13023034812662
Alec Pierce,WR,Indianapolis Colts,IND,0,0,0,0,0,0,0,61.38654741832765,30.14850289740391,484.7575661486367,1.977746153407792,0,0.1898295616220362,75.03682586076832
Josh Downs,WR,Indianapolis Colts,IND,0,0,0,0,0,0,0,92.55202533840168,64.06556865698332,727.136349222955,2.364604957297422,0,0.4033878184468269,118.12727335767805
Will Mallory,TE,Indianapolis Colts,IND,0,0,0,0,0,0,0,34.785710203719,24.024588246368744,276.5664518931668,0.36806018534101087,0,0.3677310612730115,41.14183830200109
Laquon Treadwell,WR,Indianapolis Colts,IND,0,0,0,0,0,0,0,9.871502890838514,3.2430604989678473,51.37147364310936,0.08682789027501865,0,0.020419878059212693,7.2388051993265465
Zay Jones,WR,Arizona Cardinals,ARI,0,0,0,0,0,0,0,110.40664452299913,58.38073396483466,548.3193365788279,2.9903171058995057,0,0.3675933486127295,101.2290165784717
Zach Pascal,WR,Arizona Cardinals,ARI,0,0,0,0,0,0,0,16.87660100260422,4.500389668401159,21.615698924962274,0.09414803005423,0,0.02833663086980339,4.91997964528258
Trey McBride,TE,Arizona Cardinals,ARI,0,0,0,0,0,0,0,98.21519956025357,75.05061594068991,772.9452711557719,2.840809568417594,0,0.6292362215910436,130.60622005324564
Michael Wilson,WR,Arizona Cardinals,ARI,0,0,0,0,0,0,0,70.27589750828014,46.04244814595031,692.227443305472,3.176541301580736,0,0.2899055312064501,110.72340515059388
Elijah Higgins,TE,Arizona Cardinals,ARI,0,0,0,0,0,0,0,27.207126464804382,20.047190341059704,236.01447342949243,1.2461681415713515,0,0.12622681023821508,40.849597742430774
Mack Hollins,WR,Buffalo Bills,BUF,0,0,0,0,0,0,0,38.59582014110568,23.45337361573656,325.3168152102764,0.556084769535702,0,0.147673788220392,47.29952936966935
Marquez Valdes Scantling,WR,Buffalo Bills,BUF,0,0,0,0,0,0,0,42.54638593317967,21.253474828866608,321.57449277627745,1.1807686148050305,0,0.4441125370391675,48.9805733068129
Dawson Knox,TE,Buffalo Bills,BUF,0,0,0,0,0,0,0,49.38120911437275,30.131928899602148,253.5229520487183,2.420090648815564,0,0.18972520371253265,54.55935314014122
Quintin Morris,TE,Buffalo Bills,BUF,0,0,0,0,0,0,0,3.292080607624848,2.191413010880155,28.35095377749108,0.7787867275946029,0,0.013798196633638732,8.575925855489524
Dalton Kincaid,TE,Buffalo Bills,BUF,0,0,0,0,0,0,0,93.61854227933165,74.98741396605534,687.9876884225299,2.661801323116527,0,0.7976320880941109,120.66801958779162
Damiere Byrd,WR,Buffalo Bills,BUF,0,0,0,0,0,0,0,33.449710788958264,0,0,0.2309452210889239,0,0,1.3856713265335434
Hunter Henry,TE,New England Patriots,NE,0,0,0,0,0,0,0,69.4127220099339,47.760271134508145,485.1818636145238,5.960048052377458,0,0.49086239022238753,107.17688546252643
Austin Hooper,TE,New England Patriots,NE,0,0,0,0,0,0,0,29.050261670502714,23.44131052542872,219.83686343108965,0.32170333635148785,0,0.14759783316707686,35.339365957598105
K J Osborn,WR,New England Patriots,NE,0,0,0,0,0,0,0,73.39428448778585,46.561922566538584,521.050471595585,2.4544600455574606,0,0.4558478626311772,89.2010729909102
Mitchell Wilcox,TE,New England Patriots,NE,0,0,0,0,0,0,0,11.09009960690481,8.226493768156452,51.57781673879139,0.09698162033007166,0,0.05179798516065035,9.749322309616494
Kayshon Boutte,WR,New England Patriots,NE,0,0,0,0,0,0,0,22.30310412122466,6.368036151267752,61.6030433038011,0.15969917092047556,0,0.04009623678834577,10.222324957960149
Mike Gesicki,TE,Cincinnati Bengals,CIN,0,0,0,0,0,0,0,44.29611192201854,28.671310419618102,240.83771202384355,1.9566439543076533,0,0.18052844304100057,49.79823325195732
Tanner Hudson,TE,Cincinnati Bengals,CIN,0,0,0,0,0,0,0,68.49380966419658,52.91130994581683,472.42427336046603,1.5495730711944886,0,0.3331552086033099,82.32921031891533
Drew Sample,TE,Cincinnati Bengals,CIN,0,0,0,0,0,0,0,26.108228624940804,21.068756901501725,154.42210539656946,1.4741176501790827,0,0.13265908758864828,34.55597671630501
Trenton Irwin,WR,Cincinnati Bengals,CIN,0,0,0,0,0,0,0,32.877028638814345,25.438129781642704,318.08111587054105,1.0042551875791113,0,0.4951503976014668,49.56240680814719
Tee Higgins,WR,Cincinnati Bengals,CIN,0,0,0,0,0,0,0,104.11059068957876,56.981410710879665,880.4270548990503,5.3034038753817345,0,0.358782532342026,147.63626903295125
Andrei Iosivas,WR,Cincinnati Bengals,CIN,0,0,0,0,0,0,0,25.685178624073707,15.262877868985623,116.76395392716064,2.8040727243801467,0,0.09610246402018553,35.94006574544939
Shedrick Jackson,WR,Cincinnati Bengals,CIN,0,0,0,0,0,0,0,3.287702863881434,0,0,0.015514326452833453,0,0,0.09308595871700072
Evan Engram,TE,Jacksonville Jaguars,JAC,0,0,0,0,0,0,0,136.22130053469536,107.31123628681243,907.784712850829,3.9874641756906573,0,1.4348571239278267,165.4891602347774
Josiah Deguara,TE,Jacksonville Jaguars,JAC,0,0,0,0,0,0,0,8.729746126231609,8.664886624171551,69.86133373619074,0.10509250714187951,0,0.05455831869889529,11.840015091158339
Luke Farrell,TE,Jacksonville Jaguars,JAC,0,0,0,0,0,0,0,14.288947608534476,12.237246243232997,146.11280424909498,0.1626366312563207,0,0.07705162334988984,21.551620087364142
Tim Jones,WR,Jacksonville Jaguars,JAC,0,0,0,0,0,0,0,17.146737130241373,10.354592975043305,78.24105001725732,0.14850180923160022,0,0.0651975274499068,13.762017289737175
Brenton Strange,TE,Jacksonville Jaguars,JAC,0,0,0,0,0,0,0,10.410518971932262,5.715197421290136,40.06318826184862,0.87999411597705,0,0.035985648267805696,12.071910936156618
Parker Washington,WR,Jacksonville Jaguars,JAC,0,0,0,0,0,0,0,37.78632812034673,28.448982719310898,235.03737113617862,2.8412335284160415,0,0.6769857578543513,53.42165812806086
Elijah Cooks,WR,Jacksonville Jaguars,JAC,0,0,0,0,0,0,0,7.197395832446995,5.334184259870793,67.66227350889991,0.07662333508859775,0,0.03358660504995198,9.82588628125707
Odell Beckham,WR,Miami Dolphins,MIA,0,0,0,0,0,0,0,74.10205063406403,40.454353268615556,649.2580351486806,2.9933730209858607,0,0.6156508650643511,101.88191654496231
River Cracraft,WR,Miami Dolphins,MIA,0,0,0,0,0,0,0,19.053398261435074,14.179262172921439,188.80071307964909,1.1854499104660783,0,0.08927949528934567,32.9038428666434
Durham Smythe,TE,Miami Dolphins,MIA,0,0,0,0,0,0,0,42.671673189672305,34.46348444807294,356.92696790884077,0.455138392486197,0,0.2169987732727152,55.2212718232923
Julian Hill,TE,Miami Dolphins,MIA,0,0,0,0,0,0,0,9.526699130717537,6.301894299076195,49.930767095444395,0.0879377166850307,0,0.14996292591798704,8.371724307356747
Austin Trammell,WR,Jacksonville Jaguars,JAC,0,0,0,0,0,0,0,7.1569650840314,4.085492898338157,29.113971992882323,0.06391798978978427,0,0.09722036577823273,5.143210855639552
Anthony McFarland,RB,Miami Dolphins,MIA,0,0,0,0,0,0,0,10.765287017975686,10.814470895443469,60.349865283393804,0.1358720354026536,0,0.06809314134908763,12.121267905778863
Johnny Mundt,TE,Minnesota Vikings,MIN,0,0,0,0,0,0,0,21.936086205613027,15.991418430879143,159.91934728034911,0.8742588534292668,0,0.10068970790286694,29.031817648244353
T J Hockenson,TE,Minnesota Vikings,MIN,0,0,0,0,0,0,0,137.27539164614063,101.27898339556792,1011.5828479129062,5.113342770015354,0,0.9765527722266047,180.5247275647135
Josh Oliver,TE,Minnesota Vikings,MIN,0,0,0,0,0,0,0,26.70480059813759,20.694776792902424,198.0396568064789,1.557667398305548,0,0.4193017388450245,38.65875498924235
Trishton Jackson,WR,Minnesota Vikings,MIN,0,0,0,0,0,0,0,9.264930819762021,4.568976694536898,20.3219768553932,0.08052921989427472,0,0.0287684879722477,4.742324376228922
Jalen Nailor,WR,Minnesota Vikings,MIN,0,0,0,0,0,0,0,16.21362893458354,7.995709215439572,76.39557966008927,0.15429557313847236,0,0.05034485395143347,12.46249630465668
Nick Muse,TE,Minnesota Vikings,MIN,0,0,0,0,0,0,0,8.10681446729177,7.995709215439572,173.86580198503074,0.14152075734662223,0,0.05034485395143347,22.132869642399726
Allen Robinson,WR,New York Giants,NYG,0,0,0,0,0,0,0,47.14038013870511,32.52707281915277,266.52149384004866,0.5222209813170213,0,0.20480618872254228,45.63939930403829
Chris Manhertz,TE,New York Giants,NYG,0,0,0,0,0,0,0,4.0793088868315754,2.019110630672541,16.10331002591886,0.037822837602147615,0,0.012713297479191456,2.8213967485826594
Miles Boykin,WR,New York Giants,NYG,0,0,0,0,0,0,0,3.8481942970371503,2.8700358369840675,16.18166212600295,0.041765199579861516,0,0.018071134299047848,3.2676330599734023
Darius Slayton,WR,New York Giants,NYG,0,0,0,0,0,0,0,75.70526970548413,47.48627097366144,744.1575134422051,3.9553362540009815,0,0.2989965383246806,121.29291127840776
Gunner Olszewski,WR,New York Giants,NYG,0,0,0,0,0,0,0,1.336291467580801,1.3276247200300748,0,0.012771154240287172,0,0.031592800210239004,0.6772536850362824
Isaiah Hodgins,WR,New York Giants,NYG,0,0,0,0,0,0,0,31.623720256721214,19.944233808937806,222.28081570351577,2.6240767213925094,0,0.4167546411826933,47.11114952081016
Lawrence Cager,TE,New York Giants,NYG,0,0,0,0,0,0,0,7.405003365898907,5.8710298658345055,53.76911431247101,1.258681623913034,0,0.03696684473832415,15.79058241816591
Jack Stoll,TE,New York Giants,NYG,0,0,0,0,0,0,0,7.5651378838394265,4.6857343059885,35.16081342742642,0.07029803309686242,0,0.029503650387221286,6.221729393543624
Daniel Bellinger,TE,New York Giants,NYG,0,0,0,0,0,0,0,26.83224749055133,23.74313548683072,246.44177393215878,0.357516081140424,0,0.1494982691623403,38.361845085149106
Jalin Hyatt,WR,New York Giants,NYG,0,0,0,0,0,0,0,38.331782129359055,21.843684647884263,360.4814967713539,0.4536474367126028,0,0.29334693436119086,49.10518275263075
Robert Tonyan,TE,Minnesota Vikings,MIN,0,0,0,0,0,0,0,16.814814537470202,10.84390243020347,110.06241943288543,0.2261519596279945,0,0.06827845653241092,17.648548003093424
MyCole Pruitt,TE,Pittsburgh Steelers,PIT,0,0,0,0,0,0,0,11.729878686156777,8.844043546031116,107.12588067052187,0.9439303684403405,0,0.20708692182050445,20.38401820706878
Quez Watkins,WR,Pittsburgh Steelers,PIT,0,0,0,0,0,0,0,38.3610937801415,27.253256083703192,257.443219573873,1.7256293363913144,0,0.17159968681522678,49.38152664395633
Pat Freiermuth,TE,Pittsburgh Steelers,PIT,0,0,0,0,0,0,0,65.64506652430295,44.650327322451076,433.59140915235923,3.404555152158864,0,0.2811400649227984,85.54935535956906
Rodney Williams,TE,Pittsburgh Steelers,PIT,0,0,0,0,0,0,0,2.5785296179758923,0,0,0.016607406575467727,0,0,0.09964443945280636
Darnell Washington,TE,Pittsburgh Steelers,PIT,0,0,0,0,0,0,0,9.85908383343724,6.894535836554945,60.61667522909224,0.13006449109314086,0,0.04341133355425564,10.202499720637029
Ross Dwelley,TE,Atlanta Falcons,ATL,0,0,0,0,0,0,0,2.9865162489047816,1.4815149655770259,16.68312626080281,0.04359526122016268,0,0.009328335055608683,2.651985006078553
Charlie Woerner,TE,Atlanta Falcons,ATL,0,0,0,0,0,0,0,3.162193675310947,3.1373258094572316,31.403531785040588,0.06366588230433146,0,0.019754121294230154,5.051503134470203
Drake London,WR,Atlanta Falcons,ATL,0.6375,0.8500000000000001,7.012500000000001,0,0,0,0,121.00878014387783,77.1643187200408,986.197451444743,4.010460193703911,0,0.4858638866857223,160.57343789334672
John FitzPatrick,TE,Atlanta Falcons,ATL,0,0,0,0,0,0,0,1.955697456870752,1.9881305950413077,23.247380070888962,0.042494396499130394,0,0.012518232185139375,3.5487332192340535
Phillip Dorsett,WR,Denver Broncos,DEN,0,0,0,0,0,0,0,24.657910328969535,0,0,0.1356938043261396,0,0,0.8141628259568375
Josh Reynolds,WR,Denver Broncos,DEN,0,0,0,0,0,0,0,60.24650953994226,37.562225364581735,565.2499461078596,3.509676876713159,0,0.5307680944355294,95.30263236448472
Courtland Sutton,WR,Denver Broncos,DEN,0,0,0,0,0,0,0,92.46716373363574,60.70357989890391,799.7196849921398,7.409856310251967,0,1.3570860657688262,152.06872417864008
Lil Jordan Humphrey,WR,Denver Broncos,DEN,0,0,0,0,0,0,0,18.372560637271416,12.588578882325038,157.94524714261098,2.003482739756338,0,0.0792637836382237,33.9511830266852
Adam Trautman,TE,Denver Broncos,DEN,0,0,0,0,0,0,0,33.84419064760524,21.303748877780837,198.89401492032493,2.1464254567845282,0,0.1341387107723786,43.15155125008532
Greg Dulcich,TE,Denver Broncos,DEN,0,0,0,0,0,0,0,32.877213771959376,24.69298165379142,207.18126554200512,0.37599460289016096,0,0.15547896021343882,35.00962707801031
Brandon Johnson,WR,Denver Broncos,DEN,0,0,0,0,0,0,0,37.93524665995313,24.05982827805318,362.0891040857198,3.566085035018771,0,0.15149232020796602,69.33235011729526
Lucas Krull,TE,Denver Broncos,DEN,0,0,0,0,0,0,0,32.877213771959376,18.813700307650606,224.93965973131986,1.7975553308919212,0,0.11846016016262005,42.44922779198358
Nate Adkins,TE,Denver Broncos,DEN,0,0,0,0,0,0,0,8.219303442989844,6.584795107677713,36.4639027353929,0.09080040201510978,0,0.04146105605691702,7.4006681273549715
Tyler Lockett,WR,Seattle Seahawks,SEA,0,0,0,0,0,0,0,121.64454925500885,77.67919954394281,867.9824179780751,4.907266987047524,0,0.4891058254785547,154.10323184110695
Pharaoh Brown,TE,Seattle Seahawks,SEA,0,0,0,0,0,0,0,15.051832670989953,12.91841679831354,211.68757477831244,1.0755228071579876,0,0.30741289672014377,33.46627692649565
Noah Fant,TE,Seattle Seahawks,SEA,0,0,0,0,0,0,0,42.8747181800441,31.46499222033126,401.95158953347106,0.5668601103751743,0,0.1981188153837183,58.93257809499635
D K Metcalf,WR,Seattle Seahawks,SEA,0,0,0,0,0,0,0,126.06912046254246,68.95258060783532,1149.1786235786344,7.405966606838321,0,0.43415881027447656,192.96163468226206
Jaxon Smith Njigba,WR,Seattle Seahawks,SEA,0,0,0,0,0,0,0,92.72904164521167,61.94670343377718,609.7236672150235,3.867934671140993,0,0.39004641778669547,114.37323362966352
Davante Adams,WR,Las Vegas Raiders,LV,0,0,0,0,0,0,0,168.30725960223063,99.00544050822367,1106.8565764264285,6.392143234923582,0,0.6233861573103535,197.2944649916755
Jalen Guyton,WR,Las Vegas Raiders,LV,0,0,0,0,0,0,0,42.06174306582726,19.914929440936074,178.36433077264846,1.5165069357984604,0,0.12539403161648238,36.64215134929068
Cole Fotheringham,TE,Las Vegas Raiders,LV,0,0,0,0,0,0,0,8.174924037822628,8.170351886600981,49.34413059243693,0.08041230384572816,0,0.05144448871007771,9.399173848198398
Michael Mayer,TE,Las Vegas Raiders,LV,0,0,0,0,0,0,0,46.71385164470074,31.514214419746647,357.15751666906743,1.9338255652275973,0,0.19842874216744263,62.67895478381077
Hayden Hurst,TE,Los Angeles Chargers,LAC,0,0,0,0,0,0,0,58.433943980397416,33.26614124894316,347.5676214685056,2.0442028716619247,0,0.2094597211554206,63.23613055898284
DJ Chark,WR,Los Angeles Chargers,LAC,0,0,0,0,0,0,0,72.31200567574182,38.81049812376701,595.0206563183657,5.225280798616171,0,0.7751879290774394,108.70862362726223
Will Dissly,TE,Los Angeles Chargers,LAC,0,0,0,0,0,0,0,22.6720626771656,17.49022409292552,171.8268389032728,0.8888113868932255,0,0.11012691354956554,31.040410431050258
Donald Parham,TE,Los Angeles Chargers,LAC,0,0,0,0,0,0,0,47.52554476526211,31.234250332039196,324.8099577633347,3.3952035595646266,0,0.19666595281036328,68.0760103941201
Stone Smartt,TE,Los Angeles Chargers,LAC,0,0,0,0,0,0,0,21.299558172236374,11.134431831328785,154.56965095316582,0.8290601181405671,0,0.07010777021480541,25.858326179394766
Simi Fehoko,WR,Los Angeles Chargers,LAC,0,0,0,0,0,0,0,5.409411599298126,2.6992562015342503,23.933365308877285,1.7787745985284669,0,0.016995823082377067,14.3816205766609
Tucker Fisk,TE,Los Angeles Chargers,LAC,0,0,0,0,0,0,0,2.7890076705249203,2.807734311195235,24.367516040643427,0.03444705849279405,0,0.01767885374803261,4.011943403122658
Jalen Tolbert,WR,Dallas Cowboys,DAL,0,0,0,0,0,0,0,35.91995948526177,21.561315030768384,261.5655864167659,1.6987710866640082,0,0.43685887384333544,46.256124929358165
Jake Ferguson,TE,Dallas Cowboys,DAL,0,0,0,0,0,0,0,101.77321854157502,69.58424396293434,742.7291465043239,4.4476940089155095,0,0.438136068389057,134.87492854861452
Luke Schoonmaker,TE,Dallas Cowboys,DAL,0,0,0,0,0,0,0,14.966649785525735,7.840478193006683,63.439414616006644,1.4099392323330884,0,0.049367444325527525,18.625081063451482
Jalen Brooks,WR,Dallas Cowboys,DAL,0,0,0,0,0,0,0,14.539031220224999,14.280870994405031,151.69688593893454,0.232913281304662,0,0.08991927359292516,23.52776523173809
Amari Cooper,WR,Cleveland Browns,CLE,0,0,0,0,0,0,0,135.9746974344588,76.48281679237562,1316.9456069127061,4.9961287413154505,0,0.9974426722555796,197.91785619083998
David Njoku,TE,Cleveland Browns,CLE,0,0,0,0,0,0,0,122.4967367024299,80.66547083570867,871.159518972755,5.256405222649344,0,1.13983284607479,156.70745295887633
Jordan Akins,TE,Cleveland Browns,CLE,0,0,0,0,0,0,0,21.558488334047922,14.059341322127874,122.70834360880743,0.2096528677441705,0,0.08852441558893892,20.381373397231826
Jerry Jeudy,WR,Cleveland Browns,CLE,0,0,0,0,0,0,0,89.39069544844632,54.19770948897444,762.4755217099394,2.310244524023337,0,0.509947127107892,116.1879798054054
James Proche,WR,Cleveland Browns,CLE,0,0,0,0,0,0,0,7.967267427800318,0,0,0.03732724934769476,0,0,0.22396349608616856
David Bell,WR,Cleveland Browns,CLE,0,0,0,0,0,0,0,24.432953445254313,14.871658820739706,175.9439330835375,2.3805377180215492,0,0.09363915960074426,39.12617070765141
Zach Ertz,TE,Washington Commanders,WAS,0,0,0,0,0,0,0,99.42673860806345,62.26178534194191,435.6351569298545,2.7564363028095973,0,0.39203032593316256,90.44896552894765
Jamison Crowder,WR,Washington Commanders,WAS,0,0,0,0,0,0,0,18.65462489965183,14.886752983976544,148.57098531767795,0.8428042222627259,0,0.3542523769753973,26.64879560338163
Terry McLaurin,WR,Washington Commanders,WAS,0,0,0,0,0,0,0,123.12052433770207,73.5033428583842,936.2775301151779,3.7790821699517387,0,0.46281261129430074,152.12829223783174
Olamide Zaccheaus,WR,Washington Commanders,WAS,0,0,0,0,0,0,0,18.998830259642208,9.438530597016351,152.6163491346369,1.4710417576830017,0,0.05942955548025152,28.68829164710937
John Bates,TE,Washington Commanders,WAS,0,0,0,0,0,0,0,26.11647485951256,17.678019168472147,141.09571561615957,0.2513968730684442,0,0.11130936221002169,24.23434365984265
Cole Turner,TE,Washington Commanders,WAS,0,0,0,0,0,0,0,19.820538955880068,14.499077125018822,158.84948115726573,0.2126266819518669,0,0.09129320497050024,24.227660360006187
Mike Evans,WR,Tampa Bay Buccaneers,TB,0,0,0,0,0,0,0,131.21552486557505,75.96334686182537,1205.143790033692,9.671780023081272,0,0.4783019867750946,215.57012859921934
David Wells,TE,Tampa Bay Buccaneers,TB,0,0,0,0,0,0,0,6.560776243278752,6.5386171982330685,0,0.06133554917096942,0,0.15559609856490964,3.3261296970125316
Cade Otton,TE,Tampa Bay Buccaneers,TB,0,0,0,0,0,0,0,64.64294239701124,45.19338357602268,436.9246410082311,3.253993038979092,0,0.5869683748417542,84.6391773730255
Ko Kieft,TE,Tampa Bay Buccaneers,TB,0,0,0,0,0,0,0,5.1256064400615235,1.0216589372239162,2.040582114598881,0.697763735288563,0,0.006432858999348577,4.888604373804526
Payne Durham,TE,Tampa Bay Buccaneers,TB,0,0,0,0,0,0,0,8.831814173644474,6.2871319213779495,72.83308470568315,0.10899354203949943,0,0.03958682461137589,11.001662034271535
Cody Thompson,WR,Tampa Bay Buccaneers,TB,0,0,0,0,0,0,0,2.3382614324113855,2.327817347089754,23.223380404387097,0.033260971447962896,0,0.01465706433377394,3.656498414003816
Byron Pringle,WR,Washington Commanders,WAS,0,0,0,0,0,0,0,20.520087389617014,13.025908860979476,150.43980274305753,0.2065835967799095,0,0.30997082985347263,22.176494625768004
Tyler Higbee,TE,Los Angeles Rams,LAR,0,0,0,0,0,0,0,75.46472805505474,50.35255398103794,532.4807278249253,2.0299824966614177,0,0.3170440429927092,89.97015666699458
Colby Parkinson,TE,Los Angeles Rams,LAR,0,0,0,0,0,0,0,32.41356754491695,23.534394391854413,235.88508413306064,1.538846352886898,0,0.14818393422880471,44.29241585809706
Tyler Johnson,WR,Los Angeles Rams,LAR,0,0,0,0,0,0,0,48.51303946396376,32.13992807300294,129.08623704846673,8.673131667387441,0,0.20236853808045271,80.61264066951189
Davis Allen,TE,Los Angeles Rams,LAR,0,0,0,0,0,0,0,11.858742980080027,10.713309357667645,102.19327099670284,0.7946309401362248,0,0.0674561793601509,20.208855060601152
Brock Wright,TE,Detroit Lions,DET,0,0,0,0,0,0,0,16.781197840955677,15.36820792194833,107.31475320509102,1.0329819849296036,0,0.09676567299767867,24.41993984506553
James Mitchell,TE,Detroit Lions,DET,0,0,0,0,0,0,0,2.2374930454607567,2.2067170349464265,30.818595792231264,0.038306874285762085,0,0.013894558174025653,4.387270226062861
Sean McKeon,TE,Detroit Lions,DET,0,0,0,0,0,0,0,3.719944224255931,0,0,0.02366884015289176,0,0,0.14201304091735056
Donovan Peoples Jones,WR,Detroit Lions,DET,0,0,0,0,0,0,0,28.280443036837976,14.613912131918491,176.09119038766113,0.3552244336682011,0,0.27071233973194414,26.505997027270677
Allen Lazard,WR,New York Jets,NYJ,0,0,0,0,0,0,0,47.6,22.34285714285714,302.11428571428576,0.4857142857142857,0,0.14068143918275866,44.01577997877734
Kenny Yeboah,TE,New York Jets,NYJ,0,0,0,0,0,0,0,10.880000000000003,5.440000000000001,76.16,0,0,0.034252872148845585,10.267494255702308
Jeremy Ruckert,TE,New York Jets,NYJ,0,0,0,0,0,0,0,19.946666666666665,14.50666666666667,136.90666666666667,0,0,0.09134099239692157,20.76131801520616
Irvin Charles,WR,New York Jets,NYJ,0,0,0,0,0,0,0,1.1333333333333333,0,0,0,0,0,0
Jason Brownlee,WR,New York Jets,NYJ,0,0,0,0,0,0,0,15.542857142857143,9.714285714285715,108.80000000000001,0.9714285714285714,0,0.06116584312293855,21.44338259946841
Chris Conley,WR,San Francisco 49ers,SF,0,0,0,0,0,0,0,11.961563434562205,5.95064682822474,135.8886161004837,0.14216769684721822,0,0.03746815165627124,17.342254901931504
Eric Saubert,TE,San Francisco 49ers,SF,0,0,0,0,0,0,0,4.684481237976333,4.699658177308428,19.36646501846895,0.054356443808590754,0,0.02959132181812909,4.553431609716395
Brandon Aiyuk,WR,San Francisco 49ers,SF,0,0,0,0,0,0,0,104.6636800524193,74.38308535280925,1321.4675565713703,5.638376687800155,0,0.782707811607498,201.60314283712762
Jauan Jennings,WR,San Francisco 49ers,SF,0,0,0,0,0,0,0,40.48529162467207,23.192264561286166,321.1637303601175,1.2044410910860504,0,0.14602971927572378,50.647092424619686
Ronnie Bell,WR,San Francisco 49ers,SF,0,0,0,0,0,0,0,12.196103894063423,5.600608779505638,63.020807466890986,1.8311525174238505,0,0.13327479637666279,19.822750648231693
Robbie Chosen,WR,San Francisco 49ers,SF,0,0,0,0,0,0,0,10.425013971527353,6.906394750454472,219.7038701311421,1.2560045129011046,0,0.04348600301411311,32.87263945971985
