Player,Team,Pos,RL,RLB,FPTS,Pos Rank,PAR,PAR_PG,PAR Value,Inf Value,Estimated Cost,Team ,Cost
Christian McCaffrey,SF,RB,107.9,73,270.4,1,197.4,11.61176471,43.89792083,43.94651783,81.7494003,AC,73.0000
Austin Ekeler,LAC,RB,107.9,73,262.8,2,189.8,11.16470588,42.24632914,42.29309776,77.3763012,JH,53.0000
Travis Kelce,KC,TE,99,82.5,234.5,1,152,8.941176471,34.03183366,37.12618596,50.2000462,BN,63.0000
Derrick Henry,TEN,RB,107.9,73,235.5,3,162.5,9.558823529,36.31363796,36.35383882,73.1220027,SF,47.0000
Bijan Robinson,ATL,RB,107.9,73,234.5,4,161.5,9.5,36.09632327,36.13628355,68.9865048,FN,59.0000
Saquon Barkley,NYG,RB,107.9,73,234.2,5,161.2,9.482352941,36.03112886,36.07101696,64.9698075,D,54.0000
Tony Pollard,DAL,RB,107.9,73,233.5,6,160.5,9.441176471,35.87900857,35.91872827,61.0719108,FN,48.0000
Nick Chubb,CLE,RB,107.9,73,233.4,7,160.4,9.435294118,35.8572771,35.89697275,57.2928147,CFC,56.0000
Justin Jefferson,MIN,WR,116.9,93.4,260.7,1,167.3,9.841176471,37.3567485,35.19999514,63.25189762,CPB,72.0000
Josh Jacobs,LV,RB,107.9,73,229.5,8,156.5,9.205882353,35.00974979,35.04850718,53.6325192,FCN,40.0000
Ja'Marr Chase,CIN,WR,116.9,93.4,253.7,2,160.3,9.429411765,35.83554563,33.76661735,59.31279968,JH,60.0000
Tyreek Hill,MIA,WR,116.9,93.4,248.3,3,154.9,9.111764706,34.66204628,32.66086878,55.61901443,JH,60.0000
Cooper Kupp,LAR,WR,116.9,93.4,247.5,4,154.1,9.064705882,34.48819452,32.49705417,52.15526468,CPB,60.0000
Jonathan Taylor,IND,RB,107.9,73,215.7,9,142.7,8.394117647,32.010807,32.04624442,50.0910243,FN,24.0000
Joe Mixon,CIN,RB,107.9,73,214.4,10,141.4,8.317647059,31.7282979,31.76342257,46.66833,D,28.0000
Aaron Jones,GB,RB,107.9,73,207.7,11,134.7,7.923529412,30.27228944,30.30580224,43.3644363,VM,30.0000
CeeDee Lamb,DAL,WR,116.9,93.4,231.5,5,138.1,8.123529412,31.0111594,29.22076209,48.90722465,AC,46.0000
Stefon Diggs,BUF,WR,116.9,93.4,225.8,6,132.4,7.788235294,29.77246564,28.05358303,45.86146074,BN,57.0000
Najee Harris,PIT,RB,107.9,73,197.2,12,124.2,7.305882353,27.99048514,28.02147188,40.1793432,TTL,28.0000
Davante Adams,LV,WR,116.9,93.4,224.1,7,130.7,7.688235294,29.40303066,27.705477,43.00537591,FN,47.0000
Rhamondre Stevenson,NE,RB,107.9,73,194,13,121,7.117647059,27.29507811,27.32529501,37.1130507,BN,29.0000
Travis Etienne Jr.,JAC,RB,107.9,73,193.3,14,120.3,7.076470588,27.14295783,27.17300632,34.1655588,CFC,31.0000
Alexander Mattison,MIN,RB,107.9,73,190.7,15,117.7,6.923529412,26.57793962,26.60736261,31.3368675,FN,8.0000
James Conner,ARI,RB,107.9,73,188.2,16,115.2,6.776470588,26.03465288,26.06347443,28.6269768,WN,17.0000
Kenneth Walker III,SEA,RB,107.9,73,186.6,17,113.6,6.682352941,25.68694937,25.715386,26.0358867,JH,11.0000
Dameon Pierce,HOU,RB,107.9,73,184.3,18,111.3,6.547058824,25.18712557,25.21500887,23.5635972,WN,23.0000
Jahmyr Gibbs,DET,RB,107.9,73,184.1,19,111.1,6.535294118,25.14366263,25.17149781,21.2101083,AMP,22.0000
Patrick Mahomes II,KC,QB,228,190,384,1,194,11.41176471,43.15905086,24.84507291,55.91907251,FCN,52.0000
Amon-Ra St. Brown,DET,WR,116.9,93.4,209.2,8,115.8,6.811764706,26.1650417,24.65442999,40.32715765,CFC,39.0000
Josh Allen,BUF,QB,228,190,380.6,2,190.6,11.21176471,42.4201809,24.41973273,47.50835127,TTL,55.0000
A.J. Brown,PHI,WR,116.9,93.4,207.7,9,114.3,6.723529412,25.83906966,24.34727761,37.81572907,SF,44.0000
Breece Hall,NYJ,RB,107.9,73,179.8,20,106.8,6.282352941,24.20920944,24.23601014,18.97542,CPB,33.0000
Jalen Hurts,PHI,QB,228,190,376.5,3,186.5,10.97058824,41.52919065,23.90682253,40.36267662,AMP,48.0000
Rachaad White,TB,RB,107.9,73,176.4,21,103.4,6.082352941,23.47033948,23.49632222,16.8595323,AC,4.0000
Miles Sanders,CAR,RB,107.9,73,175.3,22,102.3,6.017647059,23.23129332,23.25701142,14.8624452,TTL,16.0000
Jaylen Waddle,MIA,WR,116.9,93.4,197.4,10,104,6.117647059,23.6007283,22.23816458,35.46070312,VM,38.0000
Garrett Wilson,NYJ,WR,116.9,93.4,196.9,11,103.5,6.088235294,23.49207095,22.13578045,33.25233961,AC,44.0000
J.K. Dobbins,BAL,RB,107.9,73,169.1,23,96.1,5.652941176,21.88394221,21.90816873,12.9841587,CPB,19.0000
Cam Akers,LAR,RB,107.9,73,168.5,24,95.5,5.617647059,21.75355339,21.77763556,11.2246728,TTL,19.0000
Isiah Pacheco,KC,RB,107.9,73,167.4,25,94.4,5.552941176,21.51450722,21.53832476,9.5839875,FCN,8.0000
James Cook,BUF,RB,107.9,73,165.7,26,92.7,5.452941176,21.14507224,21.1684808,8.0621028,AMP,5.0000
David Montgomery,DET,RB,107.9,73,164.6,27,91.6,5.388235294,20.90602608,20.92917,6.6590187,D,10.0000
Mark Andrews,BAL,TE,99,82.5,165.5,2,83,4.882352941,19.0371197,20.76807418,38.97872354,BBTF,27.0000
Lamar Jackson,BAL,QB,228,190,351.2,4,161.2,9.482352941,36.03112886,20.74179125,34.29177439,BBTF,34.0000
Chris Olave,NO,WR,116.9,93.4,189.2,12,95.8,5.635294118,21.8187478,20.55906489,31.18150495,BBTF,32.0000
Tee Higgins,CIN,WR,116.9,93.4,188.1,13,94.7,5.570588235,21.57970163,20.33381981,29.23963433,VM,33.0000
Joe Burrow,CIN,QB,228,190,346.1,5,156.1,9.182352941,34.92282392,20.10378099,29.13398936,BBTF,28.0000
DK Metcalf,SEA,WR,116.9,93.4,185.4,14,92,5.411764706,20.99295196,19.78094552,27.41869634,SF,34.0000
Deebo Samuel,SF,WR,116.9,93.4,184.2,15,90.8,5.341176471,20.73217432,19.53522361,25.71115975,BBTF,26.0000
DeVonta Smith,PHI,WR,116.9,93.4,183.3,16,89.9,5.288235294,20.5365911,19.35093218,24.10996231,VM,26.0000
Alvin Kamara,NO,RB,107.9,73,157,28,84,4.941176471,19.25443439,19.27574993,5.3747352,TTL,3.0000
Calvin Ridley,JAC,WR,116.9,93.4,182,17,88.6,5.211764706,20.25408199,19.08473345,22.60848162,VM,29.0000
Christian Watson,GB,WR,116.9,93.4,180.7,18,87.3,5.135294118,19.97157289,18.81853472,21.20050769,WN,12.0000
Amari Cooper,CLE,WR,116.9,93.4,180.5,19,87.1,5.123529412,19.92810995,18.77758107,19.88021724,CFC,25.0000
T.J. Hockenson,MIN,TE,99,82.5,157,3,74.5,4.382352941,17.18994479,18.75294447,30.2657269,TTL,18.0000
Javonte Williams,DEN,RB,107.9,73,153.6,29,80.6,4.741176471,18.51556443,18.53606201,4.2092523,WN,5.0000
Keenan Allen,LAC,WR,116.9,93.4,179.3,20,85.9,5.052941176,19.66733231,18.53185916,18.64214968,AMP,18.0000
Justin Fields,CHI,QB,228,190,326.9,6,136.9,8.052941176,30.75038177,17.70186002,24.75198064,WN,29.0000
Justin Herbert,LAC,QB,228,190,321.6,7,131.6,7.741176471,29.59861388,17.03882975,21.02906465,AMP,32.0000
DJ Moore,CHI,WR,116.9,93.4,171.1,21,77.7,4.570588235,17.88535181,16.85275947,17.48118446,WN,18.0000
D'Andre Swift,PHI,RB,107.9,73,145.8,30,72.8,4.282352941,16.82050981,16.83913088,3.16257,D,5.0000
Mike Evans,TB,WR,116.9,93.4,170.4,22,77,4.529411765,17.73323153,16.70942169,16.39251993,SF,11.0000
DeAndre Hopkins,TEN,WR,116.9,93.4,169.3,23,75.9,4.464705882,17.49418536,16.48417661,15.37165346,D,17.0000
Mike Williams,LAC,WR,116.9,93.4,169.1,24,75.7,4.452941176,17.45072242,16.44322296,14.41436284,SF,13.0000
Terry McLaurin,WAS,WR,116.9,93.4,168.6,25,75.2,4.423529412,17.34206508,16.34083883,13.51668879,BBTF,12.0000
Khalil Herbert,CHI,RB,107.9,73,143.3,31,70.3,4.135294118,16.27722307,16.2952427,2.2346883,AMP,3.0000
Chris Godwin,TB,WR,116.9,93.4,167,26,73.6,4.329411765,16.99436156,16.01320962,12.67491862,BN,14.0000
Darren Waller,NYG,TE,99,82.5,145.4,4,62.9,3.7,14.66909433,16.0028851,23.50036486,AMP,5.0000
Dalvin Cook,NYJ,RB,107.9,73,141.8,32,68.8,4.047058824,15.95125103,15.96890979,1.4256072,D,5.0000
AJ Dillon,GB,RB,107.9,73,141.7,33,68.7,4.041176471,15.92951956,15.94715426,1,SF,4.0000
Christian Kirk,JAC,WR,116.9,93.4,166,27,72.6,4.270588235,16.77704687,15.80844137,11.88557083,WN,14.0000
Deshaun Watson,CLE,QB,228,190,311.5,8,121.5,7.147058824,27.40373546,15.77531924,17.86610803,VM,20.0000
Samaje Perine,DEN,RB,107.9,73,138.9,34,65.9,3.876470588,15.32103841,15.3379995,1,SF,2.0000
Tyler Lockett,SEA,WR,116.9,93.4,162.2,28,68.8,4.047058824,15.95125103,15.030322,11.14538074,D,24.0000
George Kittle,SF,TE,99,82.5,140.7,5,58.2,3.423529412,13.64771526,14.8886369,18.24727853,FCN,9.0000
Antonio Gibson,WAS,RB,107.9,73,136.4,35,63.4,3.729411765,14.77775167,14.79411132,1,TTL,2.0000
Drake London,ATL,WR,116.9,93.4,160.9,29,67.5,3.970588235,15.66874192,14.76412326,10.451287,AC,14.0000
Brian Robinson Jr.,WAS,RB,107.9,73,136,36,63,3.705882353,14.6908258,14.70708921,1,BBTF,2.0000
Marquise Brown,ARI,WR,116.9,93.4,160.1,30,66.7,3.923529412,15.49489017,14.60030866,9.800418893,AMP,9.0000
Dak Prescott,DAL,QB,228,190,301.1,9,111.1,6.535294118,25.14366263,14.47427871,15.17888795,WN,13.0000
Trevor Lawrence,JAC,QB,228,190,300.9,10,110.9,6.523529412,25.10019969,14.4492587,12.89584945,BBTF,27.0000
Diontae Johnson,PIT,WR,116.9,93.4,158.9,31,65.5,3.852941176,15.23411253,14.35458675,9.190084481,TTL,10.0000
Kirk Cousins,MIN,QB,228,190,300,11,110,6.470588235,24.90461647,14.33666866,10.95620006,WN,12.0000
Jerry Jeudy,DEN,WR,116.9,93.4,157.9,32,64.5,3.794117647,15.01679784,14.1498185,8.617759473,WN,17.0000
Daniel Jones,NYG,QB,228,190,298,12,108,6.352941176,24.46998708,14.08646856,9.308291032,SF,8.0000
Geno Smith,SEA,QB,228,190,296.1,13,106.1,6.241176471,24.05708916,13.84877846,7.90824204,FCN,13.0000
Brandon Aiyuk,SF,WR,116.9,93.4,155.6,33,62.2,3.658823529,14.51697404,13.67885151,8.081076784,FCN,12.0000
Kyle Pitts,ATL,TE,99,82.5,132.1,6,49.6,2.917647059,11.77880888,12.84979978,14.16842571,VM,7.0000
Jahan Dotson,WAS,WR,116.9,93.4,150.9,34,57.5,3.382352941,13.49559497,12.71644071,7.577816739,AMP,8.0000
Michael Pittman Jr.,IND,WR,116.9,93.4,149.5,35,56.1,3.3,13.1913544,12.42976515,7.105897897,SF,10.0000
Dallas Goedert,PHI,TE,99,82.5,129.6,7,47.1,2.770588235,11.23552214,12.25711457,11.0013275,WN,12.0000
Aaron Rodgers,NYJ,QB,228,190,280.9,14,90.9,5.347058824,20.75390579,11.94725769,6.718772753,BN,6.0000
Tua Tagovailoa,MIA,QB,228,190,280.7,15,90.7,5.335294118,20.71044285,11.92223768,5.708210128,D,8.0000
Gabe Davis,BUF,WR,116.9,93.4,146.5,36,53.1,3.123529412,12.53941031,11.81546039,6.663368443,D,6.0000
Russell Wilson,DEN,QB,228,190,279.6,16,89.6,5.270588235,20.47139669,11.78462763,4.849645026,BN,2.0000
Jeff Wilson Jr.,MIA,RB,107.9,73,122.4,37,49.4,2.905882353,11.73534594,11.7483375,1,JH,1.0000
George Pickens,PIT,WR,116.9,93.4,146.1,37,52.7,3.1,12.45248444,11.73355309,6.248398113,WN,14.0000
Jared Goff,DET,QB,228,190,276.2,17,86.2,5.070588235,19.73252672,11.35928746,4.120215681,CFC,15.0000
Brandin Cooks,DAL,WR,116.9,93.4,143.2,38,49.8,2.929411765,11.82227182,11.13972514,5.859270624,FCN,8.0000
Jordan Addison,MIN,WR,116.9,93.4,142.1,39,48.7,2.864705882,11.58322565,10.91448006,5.494376579,FCN,16.0000
Anthony Richardson,IND,QB,228,190,271.3,18,81.3,4.782352941,18.66768472,10.74629721,3.500498937,SF,9.0000
Jamaal Williams,NO,RB,107.9,73,117,38,44,2.588235294,10.56184659,10.57353903,1,FCN,4.0000
JuJu Smith-Schuster,NE,WR,116.9,93.4,138.8,40,45.4,2.670588235,10.86608716,10.23874482,5.152206806,D,4.0000
Michael Thomas,NO,WR,116.9,93.4,137.9,41,44.5,2.617647059,10.67050393,10.05445339,4.831346122,TTL,11.0000
Raheem Mostert,MIA,RB,107.9,73,114,39,41,2.411764706,9.909902502,9.920873216,1,VM,1.0000
Courtland Sutton,DEN,WR,116.9,93.4,136.6,42,43.2,2.541176471,10.38799483,9.78825466,4.530467472,TTL,6.0000
Rashaad Penny,PHI,RB,107.9,73,113.2,40,40.2,2.364705882,9.736050746,9.746828998,1,AC,4.0000
Treylon Burks,TEN,WR,116.9,93.4,136.3,43,42.9,2.523529412,10.32280042,9.726824183,4.24832645,AC,1.0000
Evan Engram,JAC,TE,99,82.5,118.8,8,36.3,2.135294118,8.888523434,9.696714469,8.542177459,AC,4.0000
Pat Freiermuth,PIT,TE,99,82.5,117.6,9,35.1,2.064705882,8.6277458,9.412225569,6.632726438,SF,5.0000
Jaxon Smith-Njigba,SEA,WR,116.9,93.4,132.5,44,39.1,2.3,9.497004581,8.948704813,3.983756144,AMP,4.0000
Zay Flowers,BAL,WR,116.9,93.4,131.7,45,38.3,2.252941176,9.323152825,8.784890209,3.735662313,AMP,3.0000
Elijah Mitchell,SF,RB,107.9,73,108.7,41,35.7,2.1,8.758134617,8.767830272,1,BBTF,1.0000
Derek Carr,NO,QB,228,190,254.8,19,64.8,3.811764706,15.08199225,8.682146374,2.973993052,D,3.0000
Zach Charbonnet,SEA,RB,107.9,73,107.9,42,34.9,2.052941176,8.584282861,8.593786054,1,BBTF,1.0000
Jordan Love,GB,QB,228,190,252.4,20,62.4,3.670588235,14.56043698,8.381906252,2.526678291,FCN,6.0000
Kenny Pickett,PIT,QB,228,190,251.8,21,61.8,3.635294118,14.43004816,8.306846222,2.146643612,FN,1.0000
Tyler Allgeier,ATL,RB,107.9,73,106.3,43,33.3,1.958823529,8.236579349,8.245697618,1,FN,1.0000
Jaylen Warren,PIT,RB,107.9,73,105.3,44,32.3,1.9,8.019264654,8.028142346,1,BBTF,2.0000
Jakobi Meyers,LV,WR,116.9,93.4,127.6,46,34.2,2.011764706,8.432162575,7.945340362,3.503018863,D,3.0000
Matthew Stafford,LAR,QB,228,190,247.8,22,57.8,3.4,13.56078938,7.80644602,1.823769498,AMP,7.0000
Nico Collins,HOU,WR,116.9,93.4,126.6,47,33.2,1.952941176,8.214847879,7.740572107,3.2848636,CFC,3.0000
Allen Lazard,NYJ,WR,116.9,93.4,125.9,48,32.5,1.911764706,8.062727593,7.597234328,3.080294253,SF,1.0000
Dalton Schultz,HOU,TE,99,82.5,109.6,10,27.1,1.594117647,6.889228239,7.515632899,5.150099048,CFC,1.0000
David Njoku,CLE,TE,99,82.5,109.4,11,26.9,1.582352941,6.8457653,7.468218082,3.998886499,TTL,5.0000
Kadarius Toney,KC,WR,116.9,93.4,125.2,49,31.8,1.870588235,7.910607306,7.453896549,2.88846474,BN,3.0000
Brock Purdy,SF,QB,228,190,243.2,23,53.2,3.129411765,12.56114178,7.230985787,1.549458495,D,3.0000
Tyler Boyd,CIN,WR,116.9,93.4,124.1,50,30.7,1.805882353,7.671561142,7.228651469,2.70858167,D,3.0000
Tyler Higbee,LAR,TE,99,82.5,108.3,12,25.8,1.517647059,6.606719135,7.20743659,3.105006929,FN,1.0000
Jerick McKinnon,KC,RB,107.9,73,101.3,45,28.3,1.664705882,7.150005873,7.157921256,1.7184075,BBTF,1.0000
Ezekiel Elliott,NE,RB,107.9,73,101.2,46,28.2,1.658823529,7.128274404,7.136165729,2.5725348,AC,1.0000
Rondale Moore,ARI,WR,116.9,93.4,122.1,51,28.7,1.688235294,7.236931751,6.819114958,2.539901064,AC,1.0000
Odell Beckham Jr.,BAL,WR,116.9,93.4,122.1,52,28.7,1.688235294,7.236931751,6.819114958,2.381725271,BN,6.0000
Chigoziem Okonkwo,TEN,TE,99,82.5,105.8,13,23.3,1.370588235,6.063432397,6.614751381,2.410938153,JH,2.0000
Bryce Young,CAR,QB,228,190,238.2,24,48.2,2.835294118,11.47456831,6.605485535,1.316406284,AC,1.0000
Zay Jones,JAC,WR,116.9,93.4,120.6,53,27.2,1.6,6.910959708,6.511962575,2.233400091,CFC,3.0000
Chuba Hubbard,CAR,RB,107.9,73,96.8,48,23.8,1.4,6.172089745,6.17892253,4.6371912,CPB,1.0000
Damien Harris,BUF,RB,107.9,73,96.8,47,23.8,1.4,6.172089745,6.17892253,3.5454627,VM,1.0000
Romeo Doubs,GB,WR,116.9,93.4,118.8,54,25.4,1.494117647,6.519793257,6.143379715,2.094312064,D,3.0000
Kenneth Gainwell,PHI,RB,107.9,73,96.5,49,23.5,1.382352941,6.106895336,6.113655948,5.8477203,VM,1.0000
Devin Singletary,HOU,RB,107.9,73,96.1,50,23.1,1.358823529,6.019969458,6.026633839,7.17705,CFC,1.0000
Darnell Mooney,CHI,WR,116.9,93.4,118.1,55,24.7,1.452941176,6.367672971,6.000041937,1.963885932,D,3.0000
Michael Gallup,DAL,WR,116.9,93.4,117.9,56,24.5,1.441176471,6.324210032,5.959088286,1.841582265,FN,1.0000
DJ Chark Jr.,CAR,WR,116.9,93.4,116.9,57,23.5,1.382352941,6.106895336,5.75432003,1.726895226,BN,2.0000
Quentin Johnston,LAC,WR,116.9,93.4,116.1,58,22.7,1.335294118,5.93304358,5.590505426,1.619350477,D,6.0000
Cole Kmet,CHI,TE,99,82.5,101.1,14,18.6,1.094117647,5.04205333,5.500503187,1.872016041,SF,1.0000
Adam Thielen,CAR,WR,116.9,93.4,115,59,21.6,1.270588235,5.693997416,5.365260345,1.518503225,D,3.0000
Marquez Valdes-Scantling,KC,WR,116.9,93.4,114.9,60,21.5,1.264705882,5.672265946,5.34478352,1.423936371,,
Jimmy Garoppolo,LV,QB,228,190,227.9,25,37.9,2.229411765,9.236226947,5.316955014,1.118407179,VM,2.0000
Dallas Cowboys,,DEF,108.4,90,115.7,1,25.7,1.511764706,6.584987666,5.257728091,6.258480601,FCN,3.0000
Philadelphia Eagles,,DEF,108.4,90,114.6,2,24.6,1.447058824,6.345941501,5.066863689,4.957677773,AMP,7.0000
Gerald Everett,LAC,TE,99,82.5,99,15,16.5,0.9705882353,4.58569247,5.002647611,1.45356033,JH,1.0000
Skyy Moore,KC,WR,116.9,93.4,113.2,61,19.8,1.164705882,5.302830964,4.996677486,1.335258798,FN,2.0000
De'Von Achane,MIA,RB,107.9,73,91.1,51,18.1,1.064705882,4.933395982,4.938857477,8.6251803,JH,1.0000
Greg Dulcich,DEN,TE,99,82.5,98.5,16,16,0.9411764706,4.477035123,4.88411057,1.128642911,WN,2.0000
D'Onta Foreman,CHI,RB,107.9,73,90.7,52,17.7,1.041176471,4.846470104,4.851835368,10.1921112,TTL,2.0000
DeVante Parker,NE,WR,116.9,93.4,112,62,18.6,1.094117647,5.04205333,4.750955579,1.25210374,VM,1.0000
Jonathan Mingo,CAR,WR,116.9,93.4,111.9,63,18.5,1.088235294,5.020321861,4.730478754,1.174127277,JH,1.0000
Ryan Tannehill,TEN,QB,228,190,223.2,26,33.2,1.952941176,8.214847879,4.728984776,1,BN,3.0000
Dalton Kincaid,BUF,TE,99,82.5,97.6,17,15.1,0.8882352941,4.281451897,4.670743894,1,CPB,1.0000
New England Patriots,,DEF,108.4,90,110.8,3,20.8,1.223529412,5.520145659,4.407513935,3.927242164,SF,3.0000
Hunter Renfrow,LV,WR,116.9,93.4,110.1,64,16.7,0.9823529412,4.629155409,4.361895894,1.101006905,CPB,1.0000
Curtis Samuel,WAS,WR,116.9,93.4,109.5,65,16.1,0.9470588235,4.498766592,4.239034941,1.032440203,JH,1.0000
C.J. Stroud,HOU,QB,228,190,218.7,27,28.7,1.688235294,7.236931751,4.166034549,1,CFC,1.0000
Pittsburgh Steelers,,DEF,108.4,90,109.1,4,19.1,1.123529412,5.150710678,4.112541677,3.110978915,TTL,1.0000
Tank Bigsby,JAC,RB,107.9,73,87.1,53,14.1,0.8294117647,4.064137202,4.068636387,11.8778427,CFC,1.0000
Cleveland Browns,,DEF,108.4,90,108.8,5,18.8,1.105882353,5.085516269,4.060487749,2.464373064,,
Mac Jones,NE,QB,228,190,217.8,28,27.8,1.635294118,7.041348526,4.053444503,1,JH,1.0000
Kansas City Chiefs,,DEF,108.4,90,108.4,6,18.4,1.082352941,4.998590391,3.991082512,1.952161929,FCN,3.0000
San Francisco 49ers,,DEF,108.4,90,108.2,7,18.2,1.070588235,4.955127452,3.956379893,1.546412049,TTL,3.0000
Washington Commanders,,DEF,108.4,90,107.4,8,17.4,1.023529412,4.781275696,3.817569419,1.22499583,BBTF,1.0000
Miami Dolphins,,DEF,108.4,90,107.2,9,17.2,1.011764706,4.737812757,3.7828668,1,VM,1.0000
K.J. Osborn,MIN,WR,116.9,93.4,107.1,66,13.7,0.8058823529,3.977211324,3.747591129,1,CPB,1.0000
Juwan Johnson,NO,TE,99,82.5,93.4,18,10.9,0.6411764706,3.368730177,3.675032742,1,FN,1.0000
New Orleans Saints,,DEF,108.4,90,106.5,11,16.5,0.9705882353,4.58569247,3.661407635,1,CPB,1.0000
Indianapolis Colts,,DEF,108.4,90,106.5,10,16.5,0.9705882353,4.58569247,3.661407635,1,,
Sam Howell,WAS,QB,228,190,214.6,29,24.6,1.447058824,6.345941501,3.653124341,1,BBTF,2.0000
Buffalo Bills,,DEF,108.4,90,106.2,12,16.2,0.9529411765,4.520498062,3.609353707,1,WN,2.0000
Elijah Moore,CLE,WR,116.9,93.4,106.2,67,12.8,0.7529411765,3.781628098,3.563299699,1,CFC,3.0000
Green Bay Packers,,DEF,108.4,90,105.6,13,15.6,0.9176470588,4.390109245,3.505245852,1,JH,1.0000
New York Jets,,DEF,108.4,90,105.4,14,15.4,0.9058823529,4.346646306,3.470543233,1,FN,1.0000
Van Jefferson,LAR,WR,116.9,93.4,105.5,68,12.1,0.7117647059,3.629507811,3.41996192,1,AMP,1.0000
Sam LaPorta,DET,TE,99,82.5,92,19,9.5,0.5588235294,3.064489604,3.343129025,1,CFC,1.0000
Seattle Seahawks,,DEF,108.4,90,104.5,15,14.5,0.8529411765,4.15106308,3.314381449,1,,
Los Angeles Chargers,,DEF,108.4,90,104.4,16,14.4,0.8470588235,4.12933161,3.29703014,1,,
Detroit Lions,,DEF,108.4,90,104,17,14,0.8235294118,4.042405732,3.227624903,1,,
Jayden Reed,GB,WR,116.9,93.4,104.4,69,11,0.6470588235,3.390461647,3.194716839,1,,
Houston Texans,,DEF,108.4,90,103.5,18,13.5,0.7941176471,3.933748385,3.140868356,1,,
Minnesota Vikings,,DEF,108.4,90,103.2,19,13.2,0.7764705882,3.868553976,3.088814428,1,,
Baltimore Ravens,,DEF,108.4,90,103,20,13,0.7647058824,3.825091037,3.05411181,1,BN,1.0000
Gus Edwards,BAL,RB,107.9,73,82.1,54,9.1,0.5352941176,2.977563726,2.980860025,13.6823748,,
Donovan Peoples-Jones,CLE,WR,116.9,93.4,102.8,70,9.4,0.5529411765,3.042758135,2.867087631,1,BN,1.0000
Kyler Murray,ARI,QB,228,190,207.9,30,17.9,1.052941176,4.889933043,2.814954003,1,VM,2.0000
Tampa Bay Buccaneers,,DEF,108.4,90,101.5,21,11.5,0.6764705882,3.499118994,2.79384217,1,FN,1.0000
Jacksonville Jaguars,,DEF,108.4,90,100.4,22,10.4,0.6117647059,3.26007283,2.602977768,1,CFC,1.0000
Denver Broncos,,DEF,108.4,90,100.2,23,10.2,0.6,3.216609891,2.568275149,1,AC,1.0000
Tennessee Titans,,DEF,108.4,90,99.9,25,9.9,0.5823529412,3.151415482,2.516221221,1,,
New York Giants,,DEF,108.4,90,99.9,24,9.9,0.5823529412,3.151415482,2.516221221,1,,
Cincinnati Bengals,,DEF,108.4,90,99.8,26,9.8,0.5764705882,3.129684013,2.498869912,1,JH,2.0000
Los Angeles Rams,,DEF,108.4,90,99.7,27,9.7,0.5705882353,3.107952543,2.481518603,1,,
Carolina Panthers,,DEF,108.4,90,98.8,28,8.8,0.5176470588,2.912369317,2.325356819,1,CPB,1.0000
Isaiah Hodgins,NYG,WR,116.9,93.4,99.9,71,6.5,0.3823529412,2.412545519,2.27325969,1,TTL,1.0000
Irv Smith Jr.,CIN,TE,99,82.5,87.1,20,4.6,0.2705882353,1.999647598,2.181466015,1,,
Atlanta Falcons,,DEF,108.4,90,97.6,29,7.6,0.4470588235,2.651591683,2.117141107,1,,
Hunter Henry,NE,TE,99,82.5,86.6,21,4.1,0.2411764706,1.89099025,2.062928973,1,,
Mecole Hardman Jr.,NYJ,WR,116.9,93.4,98.8,72,5.4,0.3176470588,2.173499354,2.04801461,1,BBTF,1.0000
Arizona Cardinals,,DEF,108.4,90,97,30,7,0.4117647059,2.521202866,2.013033252,1,,
Rashod Bateman,BAL,WR,116.9,93.4,98.5,73,5.1,0.3,2.108304945,1.986584133,1,CPB,3.0000
Daniel Carlson,LV,K,124.7,118.7,125.9,1,7.2,0.4235294118,2.564665805,1.810439902,3.240791898,BN,3.0000
Harrison Butker,KC,K,124.7,118.7,125.6,2,6.9,0.4058823529,2.499471397,1.764418094,2.79495977,AMP,6.0000
Robert Woods,HOU,WR,116.9,93.4,97,74,3.6,0.2117647059,1.782332903,1.67943175,1,,
Tyler Bass,BUF,K,124.7,118.7,124.8,3,6.1,0.3588235294,2.325619641,1.641693271,2.41046027,TTL,1.0000
Justin Tucker,BAL,K,124.7,118.7,124.7,4,6,0.3529411765,2.303888171,1.626352668,2.078855939,FCN,5.0000
Noah Fant,SEA,TE,99,82.5,84.7,22,2.2,0.1294117647,1.478092329,1.612488214,1,,
Chicago Bears,,DEF,108.4,90,93.1,31,3.1,0.1823529412,1.673675555,1.336332189,1,,
Evan McPherson,CIN,K,124.7,118.7,122.5,5,3.8,0.2235294118,1.825795842,1.288859405,1.792870045,WN,4.0000
Jason Myers,SEA,K,124.7,118.7,122.5,6,3.8,0.2235294118,1.825795842,1.288859405,1.546226912,JH,1.0000
Greg Joseph,MIN,K,124.7,118.7,122.2,7,3.5,0.2058823529,1.760601433,1.242837597,1.333514199,,
Jameson Williams,DET,WR,116.9,93.4,94.6,75,1.2,0.07058823529,1.260777634,1.187987937,1,CFC,2.0000
Cameron Dicker,LAC,K,124.7,118.7,121.4,8,2.7,0.1588235294,1.586749677,1.120112774,1.150064138,FN,1.0000
Zach Ertz,ARI,TE,99,82.5,82.6,23,0.1,0.005882352941,1.02173147,1.114632638,1,,
Cade Otton,TB,TE,99,82.5,82.5,24,0,0,1,1.09092523,1,,
Cordarrelle Patterson,ATL,RB,107.9,73,73.2,55,0.2,0.01176470588,1.043462939,1.0446181,15.6057075,BN,2.0000
Hayden Hurst,CAR,TE,99,82.5,82.2,25,-0.3,-0.01764705882,0.9348055915,1.019803005,1,,
Roschon Johnson,CHI,RB,107.9,73,73,56,0,0,1,1.001107046,17.6478408,CPB,1.0000
Alec Pierce,IND,WR,116.9,93.4,93.4,76,0,0,1,0.942266031,1,FN,1.0000
Baker Mayfield,TB,QB,228,190,192.9,31,2.9,0.1705882353,1.630212616,0.9384532442,1,VM,2.0000
Jake Elliott,PHI,K,124.7,118.7,120.2,9,1.5,0.08823529412,1.325972043,0.93602554,1,,
Younghoe Koo,ATL,K,124.7,118.7,119.7,10,1,0.05882352941,1.217314695,0.8593225258,1,FCN,3.0000
Desmond Ridder,ATL,QB,228,190,192,32,2,0.1176470588,1.43462939,0.8258631987,1,BBTF,1.0000
Brandon McManus,JAC,K,124.7,118.7,119.4,11,0.7,0.04117647059,1.152120287,0.8133007173,1,CFC,1.0000
Las Vegas Raiders,,DEF,108.4,90,89.7,32,-0.3,-0.01764705882,0.9348055915,0.7463876726,1,,
Tyler Conklin,NYJ,TE,99,82.5,80.9,26,-1.6,-0.09411764706,0.6522964877,0.7116066957,1,,
Greg Zuerlein,NYJ,K,124.7,118.7,118.7,12,0,0,1,0.7059164974,1,,
Kyren Williams,LAR,RB,107.9,73,71.6,57,-1.4,-0.08235294118,0.6957594268,0.6965296642,1,,
Jake Moody,SF,K,124.7,118.7,118.6,13,-0.1,-0.005882352941,0.9782685305,0.6905758945,1,CPB,1.0000
Russell Gage,TB,WR,116.9,93.4,91.9,77,-1.5,-0.08823529412,0.6740279573,0.6351136481,1,,
Graham Gano,NYG,K,124.7,118.7,118.2,14,-0.5,-0.02941176471,0.8913426524,0.6292134832,1,,
Dawson Knox,BUF,TE,99,82.5,80.3,27,-2.2,-0.1294117647,0.5219076706,0.5693622455,1,,
Tyjae Spears,TEN,RB,107.9,73,70.9,58,-2.1,-0.1235294118,0.5436391402,0.5442409735,1,,
Rashid Shaheed,NO,WR,116.9,93.4,90.4,78,-3,-0.1764705882,0.3480559145,0.3279612651,1,BN,2.0000
Joshua Kelley,LAC,RB,107.9,73,69.9,59,-3.1,-0.1823529412,0.326324445,0.326685701,1,,
Cairo Santos,CHI,K,124.7,118.7,116.1,15,-2.6,-0.1529411765,0.4349817926,0.3070608234,1,,
Dustin Hopkins,LAC,K,124.7,118.7,116.1,16,-2.6,-0.1529411765,0.4349817926,0.3070608234,1,,
Jason Sanders,MIA,K,124.7,118.7,116,17,-2.7,-0.1588235294,0.4132503231,0.2917202206,1,,
Riley Patterson,DET,K,124.7,118.7,115.9,18,-2.8,-0.1647058824,0.3915188535,0.2763796177,1,,
Nick Folk,NE,K,124.7,118.7,115,19,-3.7,-0.2176470588,0.1959356279,0.1383141922,1,,
Matt Gay,IND,K,124.7,118.7,114.9,20,-3.8,-0.2235294118,0.1742041584,0.1229735893,1,SF,1.0000
Wil Lutz,NO,K,124.7,118.7,114.7,21,-4,-0.2352941176,0.1307412193,0.09229238362,1,,
Cade York,CLE,K,124.7,118.7,114.4,22,-4.3,-0.2529411765,0.06554681079,0.04627057509,1,,
Chase Edmonds,TB,RB,107.9,73,68.6,60,-4.4,-0.2588235294,0.04381534128,0.04386384686,1,,
Mack Hollins,ATL,WR,116.9,93.4,88.8,79,-4.6,-0.2705882353,0.0003524022436,0.0003320566634,1,,
Khalil Shakir,BUF,WR,116.9,93.4,59.5,101,-33.9,-1.994117647,0,0,1,,
Deuce Vaughn,DAL,RB,107.9,73,49.1,70,-23.9,-1.405882353,0,0,1,,
Marvin Mims Jr.,DEN,WR,116.9,93.4,76.2,88,-17.2,-1.011764706,0,0,1,BN,2.0000
Marvin Jones Jr.,DET,WR,116.9,93.4,87.5,81,-5.9,-0.3470588235,0,0,1,,
John Metchie III,HOU,WR,116.9,93.4,86.8,82,-6.6,-0.3882352941,0,0,1,,
Tank Dell,HOU,WR,116.9,93.4,58.7,103,-34.7,-2.041176471,0,0,1,,
Zack Moss,IND,RB,107.9,73,49.7,69,-23.3,-1.370588235,0,0,1,,
Joshua Palmer,LAC,WR,116.9,93.4,76.6,87,-16.8,-0.9882352941,0,0,1,,
Michael Mayer,LV,TE,99,82.5,72.7,32,-9.8,-0.5764705882,0,0,1,,
Cedrick Wilson Jr.,MIA,WR,116.9,93.4,32.5,128,-60.9,-3.582352941,0,0,1,,
Mike Gesicki,NE,TE,99,82.5,74.1,29,-8.4,-0.4941176471,0,0,1,,
Kendrick Bourne,NE,WR,116.9,93.4,72.8,89,-20.6,-1.211764706,0,0,1,,
Matt Breida,NYG,RB,107.9,73,49.9,68,-23.1,-1.358823529,0,0,1,,
Sterling Shepard,NYG,WR,116.9,93.4,62,100,-31.4,-1.847058824,0,0,1,,
C.J. Uzomah,NYJ,TE,99,82.5,38,47,-44.5,-2.617647059,0,0,1,,
Jauan Jennings,SF,WR,116.9,93.4,40.6,119,-52.8,-3.105882353,0,0,1,,
Matt Prater,ARI,K,124.7,118.7,113,25,-5.7,-0.3352941176,0,0,1,VM,1.0000
Colt McCoy,ARI,QB,228,190,72.1,34,-117.9,-6.935294118,0,0,1,CPB,1.0000
Clayton Tune,ARI,QB,228,190,29.6,45,-160.4,-9.435294118,0,0,1,,
Joshua Dobbs,ARI,QB,228,190,19.6,56,-170.4,-10.02352941,0,0,1,,
David Blough,ARI,QB,228,190,14.5,70,-175.5,-10.32352941,0,0,1,,
Jeff Driskel,ARI,QB,228,190,11.8,73,-178.2,-10.48235294,0,0,1,,
Keaontay Ingram,ARI,RB,107.9,73,58.2,66,-14.8,-0.8705882353,0,0,1,,
Corey Clement,ARI,RB,107.9,73,44.7,76,-28.3,-1.664705882,0,0,1,,
Ty'Son Williams,ARI,RB,107.9,73,15,134,-58,-3.411764706,0,0,1,,
Trey McBride,ARI,TE,99,82.5,67.5,34,-15,-0.8823529412,0,0,1,,
Geoff Swaim,ARI,TE,99,82.5,27.1,64,-55.4,-3.258823529,0,0,1,,
Noah Togiai,ARI,TE,99,82.5,6.2,130,-76.3,-4.488235294,0,0,1,,
Greg Dortch,ARI,WR,116.9,93.4,68.1,93,-25.3,-1.488235294,0,0,1,,
Michael Wilson,ARI,WR,116.9,93.4,66.8,96,-26.6,-1.564705882,0,0,1,,
Zach Pascal,ARI,WR,116.9,93.4,28.6,138,-64.8,-3.811764706,0,0,1,,
Andre Baccellia,ARI,WR,116.9,93.4,7.5,210,-85.9,-5.052941176,0,0,1,,
Taylor Heinicke,ATL,QB,228,190,43.4,39,-146.6,-8.623529412,0,0,1,,
Godwin Igwebuike,ATL,RB,107.9,73,10.7,145,-62.3,-3.664705882,0,0,1,,
Avery Williams,ATL,RB,107.9,73,8.3,158,-64.7,-3.805882353,0,0,1,,
Keith Smith,ATL,RB,107.9,73,5.1,167,-67.9,-3.994117647,0,0,1,,
Clint Ratkovich,ATL,RB,107.9,73,0.2,174,-72.8,-4.282352941,0,0,1,,
Jonnu Smith,ATL,TE,99,82.5,39.1,44,-43.4,-2.552941176,0,0,1,,
MyCole Pruitt,ATL,TE,99,82.5,7.7,123,-74.8,-4.4,0,0,1,,
Parker Hesse,ATL,TE,99,82.5,6.1,131,-76.4,-4.494117647,0,0,1,,
Feleipe Franks,ATL,TE,99,82.5,5.8,133,-76.7,-4.511764706,0,0,1,,
KhaDarel Hodge,ATL,WR,116.9,93.4,29.1,137,-64.3,-3.782352941,0,0,1,,
Scott Miller,ATL,WR,116.9,93.4,15.8,166,-77.6,-4.564705882,0,0,1,,
Josh Ali,ATL,WR,116.9,93.4,5.6,230,-87.8,-5.164705882,0,0,1,,
Tyler Huntley,BAL,QB,228,190,22.9,49,-167.1,-9.829411765,0,0,1,,
Josh Johnson,BAL,QB,228,190,0,88,-190,-11.17647059,0,0,1,,
Melvin Gordon III,BAL,RB,107.9,73,36.5,84,-36.5,-2.147058824,0,0,1,,
Justice Hill,BAL,RB,107.9,73,17.5,125,-55.5,-3.264705882,0,0,1,,
Patrick Ricard,BAL,RB,107.9,73,10.9,143,-62.1,-3.652941176,0,0,1,,
Keaton Mitchell,BAL,RB,107.9,73,0,179,-73,-4.294117647,0,0,1,,
Isaiah Likely,BAL,TE,99,82.5,53.2,37,-29.3,-1.723529412,0,0,1,,
Charlie Kolar,BAL,TE,99,82.5,24.8,70,-57.7,-3.394117647,0,0,1,,
Ben Mason,BAL,TE,99,82.5,0.3,141,-82.2,-4.835294118,0,0,1,,
Devin Duvernay,BAL,WR,116.9,93.4,24.4,144,-69,-4.058823529,0,0,1,,
Nelson Agholor,BAL,WR,116.9,93.4,18.2,157,-75.2,-4.423529412,0,0,1,,
Tylan Wallace,BAL,WR,116.9,93.4,6.1,227,-87.3,-5.135294118,0,0,1,,
James Proche II,BAL,WR,116.9,93.4,5.5,232,-87.9,-5.170588235,0,0,1,,
Kyle Allen,BUF,QB,228,190,15,68,-175,-10.29411765,0,0,1,,
Matt Barkley,BUF,QB,228,190,8.4,79,-181.6,-10.68235294,0,0,1,,
Latavius Murray,BUF,RB,107.9,73,51.8,67,-21.2,-1.247058824,0,0,1,,
Ty Johnson,BUF,RB,107.9,73,19.3,121,-53.7,-3.158823529,0,0,1,,
Reggie Gilliam,BUF,RB,107.9,73,17,127,-56,-3.294117647,0,0,1,,
Darrynton Evans,BUF,RB,107.9,73,9,152,-64,-3.764705882,0,0,1,,
Reggie Gilliam,BUF,TE,99,82.5,14.8,97,-67.7,-3.982352941,0,0,1,,
Quintin Morris,BUF,TE,99,82.5,13.1,105,-69.4,-4.082352941,0,0,1,,
Trent Sherfield,BUF,WR,116.9,93.4,43.5,116,-49.9,-2.935294118,0,0,1,,
Deonte Harty,BUF,WR,116.9,93.4,27.1,140,-66.3,-3.9,0,0,1,,
Justin Shorter,BUF,WR,116.9,93.4,13.9,170,-79.5,-4.676470588,0,0,1,,
Isaiah Coulter,BUF,WR,116.9,93.4,8.3,194,-85.1,-5.005882353,0,0,1,,
Dezmon Patmon,BUF,WR,116.9,93.4,8.2,197,-85.2,-5.011764706,0,0,1,,
Andy Isabella,BUF,WR,116.9,93.4,7.9,207,-85.5,-5.029411765,0,0,1,,
KeeSean Johnson,BUF,WR,116.9,93.4,7.8,209,-85.6,-5.035294118,0,0,1,,
Eddy Pineiro,CAR,K,124.7,118.7,110.3,28,-8.4,-0.4941176471,0,0,1,,
Andy Dalton,CAR,QB,228,190,22.7,50,-167.3,-9.841176471,0,0,1,,
Matt Corral,CAR,QB,228,190,6.9,81,-183.1,-10.77058824,0,0,1,,
Raheem Blackshear,CAR,RB,107.9,73,33.2,88,-39.8,-2.341176471,0,0,1,,
Giovanni Ricci,CAR,RB,107.9,73,9.1,151,-63.9,-3.758823529,0,0,1,,
Spencer Brown,CAR,RB,107.9,73,8.9,153,-64.1,-3.770588235,0,0,1,,
Tommy Tremble,CAR,TE,99,82.5,29.8,57,-52.7,-3.1,0,0,1,,
Ian Thomas,CAR,TE,99,82.5,29.7,58,-52.8,-3.105882353,0,0,1,,
Stephen Sullivan,CAR,TE,99,82.5,16.2,92,-66.3,-3.9,0,0,1,,
Giovanni Ricci,CAR,TE,99,82.5,10.4,116,-72.1,-4.241176471,0,0,1,,
Terrace Marshall Jr.,CAR,WR,116.9,93.4,62.6,99,-30.8,-1.811764706,0,0,1,,
Laviska Shenault Jr.,CAR,WR,116.9,93.4,54.7,108,-38.7,-2.276470588,0,0,1,,
Shi Smith,CAR,WR,116.9,93.4,15.1,167,-78.3,-4.605882353,0,0,1,,
C.J. Saunders,CAR,WR,116.9,93.4,6.8,215,-86.6,-5.094117647,0,0,1,,
P.J. Walker,CHI,QB,228,190,17.5,66,-172.5,-10.14705882,0,0,1,,
Travis Homer,CHI,RB,107.9,73,23.7,107,-49.3,-2.9,0,0,1,,
Trestan Ebner,CHI,RB,107.9,73,10.2,146,-62.8,-3.694117647,0,0,1,,
Khari Blasingame,CHI,RB,107.9,73,5.3,166,-67.7,-3.982352941,0,0,1,,
Robert Tonyan,CHI,TE,99,82.5,38.7,46,-43.8,-2.576470588,0,0,1,,
Marcedes Lewis,CHI,TE,99,82.5,16.4,91,-66.1,-3.888235294,0,0,1,,
Stephen Carlson,CHI,TE,99,82.5,0,143,-82.5,-4.852941176,0,0,1,,
Chase Claypool,CHI,WR,116.9,93.4,88,80,-5.4,-0.3176470588,0,0,1,SF,1.0000
Equanimeous St. Brown,CHI,WR,116.9,93.4,20.7,151,-72.7,-4.276470588,0,0,1,,
Velus Jones Jr.,CHI,WR,116.9,93.4,16.7,163,-76.7,-4.511764706,0,0,1,,
Daurice Fountain,CHI,WR,116.9,93.4,5.2,234,-88.2,-5.188235294,0,0,1,,
Nsimba Webster,CHI,WR,116.9,93.4,5.2,236,-88.2,-5.188235294,0,0,1,,
Tyler Scott,CHI,WR,116.9,93.4,0,244,-93.4,-5.494117647,0,0,1,,
Trevor Siemian,CIN,QB,228,190,19.1,58,-170.9,-10.05294118,0,0,1,,
Chase Brown,CIN,RB,107.9,73,63.9,63,-9.1,-0.5352941176,0,0,1,,
Trayveon Williams,CIN,RB,107.9,73,33.3,86,-39.7,-2.335294118,0,0,1,,
Chris Evans,CIN,RB,107.9,73,31.7,90,-41.3,-2.429411765,0,0,1,,
Tanner Hudson,CIN,TE,99,82.5,15.7,94,-66.8,-3.929411765,0,0,1,,
Drew Sample,CIN,TE,99,82.5,15.1,96,-67.4,-3.964705882,0,0,1,,
Mitchell Wilcox,CIN,TE,99,82.5,12.1,110,-70.4,-4.141176471,0,0,1,,
Devin Asiasi,CIN,TE,99,82.5,11.8,112,-70.7,-4.158823529,0,0,1,,
Charlie Jones,CIN,WR,116.9,93.4,33.4,126,-60,-3.529411765,0,0,1,,
Trenton Irwin,CIN,WR,116.9,93.4,29.7,135,-63.7,-3.747058824,0,0,1,,
Stanley Morgan Jr.,CIN,WR,116.9,93.4,8.1,200,-85.3,-5.017647059,0,0,1,,
Trent Taylor,CIN,WR,116.9,93.4,6.2,226,-87.2,-5.129411765,0,0,1,,
Andrei Iosivas,CIN,WR,116.9,93.4,0,247,-93.4,-5.494117647,0,0,1,,
Dorian Thompson-Robinson,CLE,QB,228,190,13.3,71,-176.7,-10.39411765,0,0,1,,
Jerome Ford,CLE,RB,107.9,73,63.1,64,-9.9,-0.5823529412,0,0,1,,
Demetric Felton Jr.,CLE,RB,107.9,73,22.5,110,-50.5,-2.970588235,0,0,1,,
John Kelly Jr.,CLE,RB,107.9,73,19.7,120,-53.3,-3.135294118,0,0,1,,
Jordan Akins,CLE,TE,99,82.5,33.4,50,-49.1,-2.888235294,0,0,1,,
Harrison Bryant,CLE,TE,99,82.5,32.5,52,-50,-2.941176471,0,0,1,,
Miller Forristall,CLE,TE,99,82.5,21.5,80,-61,-3.588235294,0,0,1,,
Cedric Tillman,CLE,WR,116.9,93.4,41.2,117,-52.2,-3.070588235,0,0,1,,
Marquise Goodwin,CLE,WR,116.9,93.4,32.3,129,-61.1,-3.594117647,0,0,1,,
David Bell,CLE,WR,116.9,93.4,22.3,149,-71.1,-4.182352941,0,0,1,,
Jakeem Grant Sr.,CLE,WR,116.9,93.4,11.9,174,-81.5,-4.794117647,0,0,1,,
Jaelon Darden,CLE,WR,116.9,93.4,6.9,213,-86.5,-5.088235294,0,0,1,,
Michael Woods II,CLE,WR,116.9,93.4,6.4,221,-87,-5.117647059,0,0,1,,
Anthony Schwartz,CLE,WR,116.9,93.4,6.4,224,-87,-5.117647059,0,0,1,,
Demetric Felton Jr.,CLE,WR,116.9,93.4,0,245,-93.4,-5.494117647,0,0,1,,
Brandon Aubrey,DAL,K,124.7,118.7,109.1,30,-9.6,-0.5647058824,0,0,1,,
Trey Lance,DAL,QB,228,190,50.1,37,-139.9,-8.229411765,0,0,1,,
Cooper Rush,DAL,QB,228,190,16.8,67,-173.2,-10.18823529,0,0,1,,
Will Grier,DAL,QB,228,190,0.4,87,-189.6,-11.15294118,0,0,1,,
Ronald Jones II,DAL,RB,107.9,73,46.3,72,-26.7,-1.570588235,0,0,1,,
Rico Dowdle,DAL,RB,107.9,73,31.3,92,-41.7,-2.452941176,0,0,1,,
Malik Davis,DAL,RB,107.9,73,27.8,100,-45.2,-2.658823529,0,0,1,,
Hunter Luepke,DAL,RB,107.9,73,20.9,118,-52.1,-3.064705882,0,0,1,,
Jake Ferguson,DAL,TE,99,82.5,73.8,31,-8.7,-0.5117647059,0,0,1,CPB,1.0000
Luke Schoonmaker,DAL,TE,99,82.5,42.5,39,-40,-2.352941176,0,0,1,,
Peyton Hendershot,DAL,TE,99,82.5,23.1,74,-59.4,-3.494117647,0,0,1,,
Sean McKeon,DAL,TE,99,82.5,3.3,139,-79.2,-4.658823529,0,0,1,,
Jalen Tolbert,DAL,WR,116.9,93.4,19.5,154,-73.9,-4.347058824,0,0,1,,
KaVontae Turpin,DAL,WR,116.9,93.4,11.2,177,-82.2,-4.835294118,0,0,1,,
Simi Fehoko,DAL,WR,116.9,93.4,8.1,199,-85.3,-5.017647059,0,0,1,,
Dennis Houston,DAL,WR,116.9,93.4,8.1,202,-85.3,-5.017647059,0,0,1,,
Jalen Brooks,DAL,WR,116.9,93.4,0,243,-93.4,-5.494117647,0,0,1,,
Brett Maher,DEN,K,124.7,118.7,113,24,-5.7,-0.3352941176,0,0,1,,
Jarrett Stidham,DEN,QB,228,190,21.4,52,-168.6,-9.917647059,0,0,1,,
Tyler Badie,DEN,RB,107.9,73,22.9,108,-50.1,-2.947058824,0,0,1,,
Tony Jones Jr.,DEN,RB,107.9,73,20.9,117,-52.1,-3.064705882,0,0,1,,
Michael Burton,DEN,RB,107.9,73,6.6,163,-66.4,-3.905882353,0,0,1,,
Dwayne Washington,DEN,RB,107.9,73,1.1,173,-71.9,-4.229411765,0,0,1,,
Jaleel McLaughlin,DEN,RB,107.9,73,0,175,-73,-4.294117647,0,0,1,,
Adam Trautman,DEN,TE,99,82.5,40.4,40,-42.1,-2.476470588,0,0,1,,
Albert Okwuegbunam,DEN,TE,99,82.5,23.2,73,-59.3,-3.488235294,0,0,1,,
Chris Manhertz,DEN,TE,99,82.5,12.1,111,-70.4,-4.141176471,0,0,1,,
Marquez Callaway,DEN,WR,116.9,93.4,40.9,118,-52.5,-3.088235294,0,0,1,,
Kendall Hinton,DEN,WR,116.9,93.4,19.6,153,-73.8,-4.341176471,0,0,1,,
Jalen Virgil,DEN,WR,116.9,93.4,8.4,190,-85,-5,0,0,1,,
Montrell Washington,DEN,WR,116.9,93.4,8.3,192,-85.1,-5.005882353,0,0,1,,
Brandon Johnson,DEN,WR,116.9,93.4,6.8,214,-86.6,-5.094117647,0,0,1,,
Hendon Hooker,DET,QB,228,190,19.9,54,-170.1,-10.00588235,0,0,1,,
Teddy Bridgewater,DET,QB,228,190,19.6,55,-170.4,-10.02352941,0,0,1,,
Nate Sudfeld,DET,QB,228,190,1.5,85,-188.5,-11.08823529,0,0,1,,
Craig Reynolds,DET,RB,107.9,73,29.2,96,-43.8,-2.576470588,0,0,1,,
Jermar Jefferson,DET,RB,107.9,73,11.9,141,-61.1,-3.594117647,0,0,1,,
Jason Cabinda,DET,RB,107.9,73,9.1,150,-63.9,-3.758823529,0,0,1,,
Mohamed Ibrahim,DET,RB,107.9,73,0,180,-73,-4.294117647,0,0,1,,
Brock Wright,DET,TE,99,82.5,38.8,45,-43.7,-2.570588235,0,0,1,,
James Mitchell,DET,TE,99,82.5,19.4,86,-63.1,-3.711764706,0,0,1,,
Shane Zylstra,DET,TE,99,82.5,10.9,114,-71.6,-4.211764706,0,0,1,,
Josh Reynolds,DET,WR,116.9,93.4,69.6,92,-23.8,-1.4,0,0,1,,
Kalif Raymond,DET,WR,116.9,93.4,44.4,115,-49,-2.882352941,0,0,1,,
Trinity Benson,DET,WR,116.9,93.4,9.9,185,-83.5,-4.911764706,0,0,1,,
Maurice Alexander,DET,WR,116.9,93.4,8.6,188,-84.8,-4.988235294,0,0,1,,
Jason Moore Jr.,DET,WR,116.9,93.4,8.2,196,-85.2,-5.011764706,0,0,1,,
Anders Carlson,GB,K,124.7,118.7,108.6,31,-10.1,-0.5941176471,0,0,1,,
Sean Clifford,GB,QB,228,190,21,53,-169,-9.941176471,0,0,1,,
Lew Nichols III,GB,RB,107.9,73,26.4,103,-46.6,-2.741176471,0,0,1,,
Patrick Taylor Jr.,GB,RB,107.9,73,22.3,112,-50.7,-2.982352941,0,0,1,,
Nate McCrary,GB,RB,107.9,73,8.7,156,-64.3,-3.782352941,0,0,1,,
Henry Pearson,GB,RB,107.9,73,6.8,162,-66.2,-3.894117647,0,0,1,,
Tyler Goodson,GB,RB,107.9,73,2.2,171,-70.8,-4.164705882,0,0,1,,
Luke Musgrave,GB,TE,99,82.5,71.6,33,-10.9,-0.6411764706,0,0,1,JH,1.0000
Josiah Deguara,GB,TE,99,82.5,33.2,51,-49.3,-2.9,0,0,1,,
Tucker Kraft,GB,TE,99,82.5,30.1,56,-52.4,-3.082352941,0,0,1,,
Tyler Davis,GB,TE,99,82.5,5,136,-77.5,-4.558823529,0,0,1,,
Dontayvion Wicks,GB,WR,116.9,93.4,31.5,131,-61.9,-3.641176471,0,0,1,,
Samori Toure,GB,WR,116.9,93.4,26.6,142,-66.8,-3.929411765,0,0,1,,
Bo Melton,GB,WR,116.9,93.4,8.3,195,-85.1,-5.005882353,0,0,1,,
Cody Chrest,GB,WR,116.9,93.4,7.9,205,-85.5,-5.029411765,0,0,1,,
Ka'imi Fairbairn,HOU,K,124.7,118.7,112.9,26,-5.8,-0.3411764706,0,0,1,,
Davis Mills,HOU,QB,228,190,26.4,46,-163.6,-9.623529412,0,0,1,,
Case Keenum,HOU,QB,228,190,7.3,80,-182.7,-10.74705882,0,0,1,,
Dare Ogunbowale,HOU,RB,107.9,73,22.3,113,-50.7,-2.982352941,0,0,1,,
Mike Boone,HOU,RB,107.9,73,14,135,-59,-3.470588235,0,0,1,,
Larry Rountree III,HOU,RB,107.9,73,8.7,155,-64.3,-3.782352941,0,0,1,,
Gerrid Doaks,HOU,RB,107.9,73,8.3,157,-64.7,-3.805882353,0,0,1,,
Brevin Jordan,HOU,TE,99,82.5,31.6,54,-50.9,-2.994117647,0,0,1,,
Teagan Quitoriano,HOU,TE,99,82.5,26.9,66,-55.6,-3.270588235,0,0,1,,
Andrew Beck,HOU,TE,99,82.5,14.3,101,-68.2,-4.011764706,0,0,1,,
Eric Tomlinson,HOU,TE,99,82.5,9.9,118,-72.6,-4.270588235,0,0,1,,
Mason Schreck,HOU,TE,99,82.5,6.8,126,-75.7,-4.452941176,0,0,1,,
Dalton Keene,HOU,TE,99,82.5,6.8,127,-75.7,-4.452941176,0,0,1,,
Nick Vannett,HOU,TE,99,82.5,3.7,138,-78.8,-4.635294118,0,0,1,,
Noah Brown,HOU,WR,116.9,93.4,39.6,120,-53.8,-3.164705882,0,0,1,,
Steven Sims Jr.,HOU,WR,116.9,93.4,19.3,155,-74.1,-4.358823529,0,0,1,,
Jalen Camp,HOU,WR,116.9,93.4,5.6,231,-87.8,-5.164705882,0,0,1,,
Xavier Hutchinson,HOU,WR,116.9,93.4,0,246,-93.4,-5.494117647,0,0,1,,
Gardner Minshew II,IND,QB,228,190,38.1,40,-151.9,-8.935294118,0,0,1,,
Sam Ehlinger,IND,QB,228,190,4.2,83,-185.8,-10.92941176,0,0,1,,
Kenyan Drake,IND,RB,107.9,73,45.1,75,-27.9,-1.641176471,0,0,1,,
Evan Hull,IND,RB,107.9,73,33.9,85,-39.1,-2.3,0,0,1,,
Deon Jackson,IND,RB,107.9,73,28.3,98,-44.7,-2.629411765,0,0,1,,
Jake Funk,IND,RB,107.9,73,15.5,133,-57.5,-3.382352941,0,0,1,,
Jason Huntley,IND,RB,107.9,73,5.6,165,-67.4,-3.964705882,0,0,1,,
Jelani Woods,IND,TE,99,82.5,77.3,28,-5.2,-0.3058823529,0,0,1,,
Kylen Granson,IND,TE,99,82.5,32.2,53,-50.3,-2.958823529,0,0,1,,
Mo Alie-Cox,IND,TE,99,82.5,28.8,59,-53.7,-3.158823529,0,0,1,,
Andrew Ogletree,IND,TE,99,82.5,19.8,85,-62.7,-3.688235294,0,0,1,,
Will Mallory,IND,TE,99,82.5,12.6,108,-69.9,-4.111764706,0,0,1,,
Pharaoh Brown,IND,TE,99,82.5,5.8,132,-76.7,-4.511764706,0,0,1,,
Josh Downs,IND,WR,116.9,93.4,59.1,102,-34.3,-2.017647059,0,0,1,,
Amari Rodgers,IND,WR,116.9,93.4,52.1,111,-41.3,-2.429411765,0,0,1,,
Isaiah McKenzie,IND,WR,116.9,93.4,51.9,112,-41.5,-2.441176471,0,0,1,,
Ashton Dulin,IND,WR,116.9,93.4,11,178,-82.4,-4.847058824,0,0,1,,
Vyncint Smith,IND,WR,116.9,93.4,5.9,229,-87.5,-5.147058824,0,0,1,,
Mike Strachan,IND,WR,116.9,93.4,5.4,233,-88,-5.176470588,0,0,1,,
Breshad Perriman,IND,WR,116.9,93.4,2.4,239,-91,-5.352941176,0,0,1,,
C.J. Beathard,JAC,QB,228,190,17.8,63,-172.2,-10.12941176,0,0,1,,
JaMycal Hasty,JAC,RB,107.9,73,41.7,79,-31.3,-1.841176471,0,0,1,,
D'Ernest Johnson,JAC,RB,107.9,73,22.4,111,-50.6,-2.976470588,0,0,1,,
Snoop Conner,JAC,RB,107.9,73,18,123,-55,-3.235294118,0,0,1,,
Qadree Ollison,JAC,RB,107.9,73,9.4,148,-63.6,-3.741176471,0,0,1,,
Brenton Strange,JAC,TE,99,82.5,36.6,49,-45.9,-2.7,0,0,1,,
Luke Farrell,JAC,TE,99,82.5,12.8,106,-69.7,-4.1,0,0,1,,
Jamal Agnew,JAC,WR,116.9,93.4,34.1,125,-59.3,-3.488235294,0,0,1,,
Parker Washington,JAC,WR,116.9,93.4,24.8,143,-68.6,-4.035294118,0,0,1,,
Kevin Austin Jr.,JAC,WR,116.9,93.4,9.8,186,-83.6,-4.917647059,0,0,1,,
Tim Jones,JAC,WR,116.9,93.4,8.5,189,-84.9,-4.994117647,0,0,1,,
Seth Williams,JAC,WR,116.9,93.4,8.1,201,-85.3,-5.017647059,0,0,1,,
Jacob Harris,JAC,WR,116.9,93.4,8,203,-85.4,-5.023529412,0,0,1,,
Blaine Gabbert,KC,QB,228,190,19.3,57,-170.7,-10.04117647,0,0,1,,
Shane Buechele,KC,QB,228,190,1.7,84,-188.3,-11.07647059,0,0,1,,
Clyde Edwards-Helaire,KC,RB,107.9,73,67.5,61,-5.5,-0.3235294118,0,0,1,FN,1.0000
Deneric Prince,KC,RB,107.9,73,22.7,109,-50.3,-2.958823529,0,0,1,,
La'Mical Perine,KC,RB,107.9,73,10.9,144,-62.1,-3.652941176,0,0,1,,
Noah Gray,KC,TE,99,82.5,44.1,38,-38.4,-2.258823529,0,0,1,,
Blake Bell,KC,TE,99,82.5,23.4,71,-59.1,-3.476470588,0,0,1,,
Jody Fortson,KC,TE,99,82.5,14.5,99,-68,-4,0,0,1,,
Kendall Blanton,KC,TE,99,82.5,0,142,-82.5,-4.852941176,0,0,1,,
Rashee Rice,KC,WR,116.9,93.4,84.2,84,-9.2,-0.5411764706,0,0,1,FCN,5.0000
Richie James Jr.,KC,WR,116.9,93.4,55.3,107,-38.1,-2.241176471,0,0,1,,
Justin Watson,KC,WR,116.9,93.4,27.3,139,-66.1,-3.888235294,0,0,1,,
Justyn Ross,KC,WR,116.9,93.4,26.6,141,-66.8,-3.929411765,0,0,1,,
Easton Stick,LAC,QB,228,190,17.7,64,-172.3,-10.13529412,0,0,1,,
Max Duggan,LAC,QB,228,190,10.1,74,-179.9,-10.58235294,0,0,1,,
Isaiah Spiller,LAC,RB,107.9,73,46,73,-27,-1.588235294,0,0,1,,
Elijah Dotson,LAC,RB,107.9,73,16.3,131,-56.7,-3.335294118,0,0,1,,
Zander Horvath,LAC,RB,107.9,73,13.6,136,-59.4,-3.494117647,0,0,1,,
Donald Parham Jr.,LAC,TE,99,82.5,39.3,43,-43.2,-2.541176471,0,0,1,,
Tre' McKitty,LAC,TE,99,82.5,20.3,84,-62.2,-3.658823529,0,0,1,,
Stone Smartt,LAC,TE,99,82.5,13.9,102,-68.6,-4.035294118,0,0,1,,
Hunter Kampmoyer,LAC,TE,99,82.5,1,140,-81.5,-4.794117647,0,0,1,,
Jalen Guyton,LAC,WR,116.9,93.4,23.8,146,-69.6,-4.094117647,0,0,1,,
Derius Davis,LAC,WR,116.9,93.4,18.1,159,-75.3,-4.429411765,0,0,1,,
Darrius Shepherd,LAC,WR,116.9,93.4,10.3,183,-83.1,-4.888235294,0,0,1,,
Keelan Doss,LAC,WR,116.9,93.4,7,211,-86.4,-5.082352941,0,0,1,,
Tanner Brown,LAR,K,124.7,118.7,105.8,33,-12.9,-0.7588235294,0,0,1,,
Brett Rypien,LAR,QB,228,190,32.6,43,-157.4,-9.258823529,0,0,1,,
Stetson Bennett,LAR,QB,228,190,18.3,62,-171.7,-10.1,0,0,1,,
Zach Evans,LAR,RB,107.9,73,44.4,77,-28.6,-1.682352941,0,0,1,,
Royce Freeman,LAR,RB,107.9,73,13.5,138,-59.5,-3.5,0,0,1,,
Ronnie Rivers,LAR,RB,107.9,73,10.1,147,-62.9,-3.7,0,0,1,,
Brycen Hopkins,LAR,TE,99,82.5,22.7,75,-59.8,-3.517647059,0,0,1,,
Hunter Long,LAR,TE,99,82.5,21.8,79,-60.7,-3.570588235,0,0,1,,
Davis Allen,LAR,TE,99,82.5,20.3,83,-62.2,-3.658823529,0,0,1,,
Ben Skowronek,LAR,WR,116.9,93.4,63.1,98,-30.3,-1.782352941,0,0,1,,
Tutu Atwell,LAR,WR,116.9,93.4,57.6,105,-35.8,-2.105882353,0,0,1,,
Puka Nacua,LAR,WR,116.9,93.4,55.4,106,-38,-2.235294118,0,0,1,,
Demarcus Robinson,LAR,WR,116.9,93.4,36.3,124,-57.1,-3.358823529,0,0,1,,
Austin Trammell,LAR,WR,116.9,93.4,6.9,212,-86.5,-5.088235294,0,0,1,,
Lance McCutcheon,LAR,WR,116.9,93.4,6.3,225,-87.1,-5.123529412,0,0,1,,
Brian Hoyer,LV,QB,228,190,44.7,38,-145.3,-8.547058824,0,0,1,,
Aidan O'Connell,LV,QB,228,190,14.6,69,-175.4,-10.31764706,0,0,1,,
Zamir White,LV,RB,107.9,73,45.4,74,-27.6,-1.623529412,0,0,1,,
Ameer Abdullah,LV,RB,107.9,73,38.6,81,-34.4,-2.023529412,0,0,1,,
Damien Williams,LV,RB,107.9,73,21.1,116,-51.9,-3.052941176,0,0,1,,
Brandon Bolden,LV,RB,107.9,73,17.8,124,-55.2,-3.247058824,0,0,1,,
Brittain Brown,LV,RB,107.9,73,8.9,154,-64.1,-3.770588235,0,0,1,,
Jakob Johnson,LV,RB,107.9,73,7,161,-66,-3.882352941,0,0,1,,
Austin Hooper,LV,TE,99,82.5,54,36,-28.5,-1.676470588,0,0,1,,
Jesper Horsted,LV,TE,99,82.5,12.2,109,-70.3,-4.135294118,0,0,1,,
Jacob Hollister,LV,TE,99,82.5,6.2,129,-76.3,-4.488235294,0,0,1,,
DeAndre Carter,LV,WR,116.9,93.4,18.4,156,-75,-4.411764706,0,0,1,,
Phillip Dorsett II,LV,WR,116.9,93.4,16.4,164,-77,-4.529411765,0,0,1,,
Tre Tucker,LV,WR,116.9,93.4,12.5,172,-80.9,-4.758823529,0,0,1,,
Cam Sims,LV,WR,116.9,93.4,6.7,216,-86.7,-5.1,0,0,1,,
Keelan Cole Sr.,LV,WR,116.9,93.4,6.5,219,-86.9,-5.111764706,0,0,1,,
Mike White,MIA,QB,228,190,33,42,-157,-9.235294118,0,0,1,,
Skylar Thompson,MIA,QB,228,190,9.1,78,-180.9,-10.64117647,0,0,1,,
Salvon Ahmed,MIA,RB,107.9,73,18.1,122,-54.9,-3.229411765,0,0,1,,
Myles Gaskin,MIA,RB,107.9,73,17,128,-56,-3.294117647,0,0,1,,
Alec Ingold,MIA,RB,107.9,73,16.3,132,-56.7,-3.335294118,0,0,1,,
Durham Smythe,MIA,TE,99,82.5,36.9,48,-45.6,-2.682352941,0,0,1,,
Elijah Higgins,MIA,TE,99,82.5,26.9,65,-55.6,-3.270588235,0,0,1,,
Eric Saubert,MIA,TE,99,82.5,25,69,-57.5,-3.382352941,0,0,1,,
Tyler Kroft,MIA,TE,99,82.5,16,93,-66.5,-3.911764706,0,0,1,,
Tanner Conner,MIA,TE,99,82.5,7.4,125,-75.1,-4.417647059,0,0,1,,
Robbie Chosen,MIA,WR,116.9,93.4,58.5,104,-34.9,-2.052941176,0,0,1,,
Braxton Berrios,MIA,WR,116.9,93.4,53.8,110,-39.6,-2.329411765,0,0,1,,
River Cracraft,MIA,WR,116.9,93.4,10.9,179,-82.5,-4.852941176,0,0,1,,
Erik Ezukanma,MIA,WR,116.9,93.4,10.1,184,-83.3,-4.9,0,0,1,,
Keke Coutee,MIA,WR,116.9,93.4,6.6,218,-86.8,-5.105882353,0,0,1,,
Nick Mullens,MIN,QB,228,190,18.7,60,-171.3,-10.07647059,0,0,1,,
Jaren Hall,MIN,QB,228,190,10,75,-180,-10.58823529,0,0,1,,
Ty Chandler,MIN,RB,107.9,73,66.2,62,-6.8,-0.4,0,0,1,,
Abram Smith,MIN,RB,107.9,73,48.8,71,-24.2,-1.423529412,0,0,1,,
Kene Nwangwu,MIN,RB,107.9,73,30.2,94,-42.8,-2.517647059,0,0,1,,
DeWayne McBride,MIN,RB,107.9,73,27.1,102,-45.9,-2.7,0,0,1,,
C.J. Ham,MIN,RB,107.9,73,13.3,139,-59.7,-3.511764706,0,0,1,,
Josh Oliver,MIN,TE,99,82.5,30.4,55,-52.1,-3.064705882,0,0,1,,
Johnny Mundt,MIN,TE,99,82.5,13.6,103,-68.9,-4.052941176,0,0,1,,
Brandon Powell,MIN,WR,116.9,93.4,21.8,150,-71.6,-4.211764706,0,0,1,,
Jalen Nailor,MIN,WR,116.9,93.4,19.7,152,-73.7,-4.335294118,0,0,1,,
Jalen Reagor,MIN,WR,116.9,93.4,9.8,187,-83.6,-4.917647059,0,0,1,,
Chad Ryland,NE,K,124.7,118.7,107.4,32,-11.3,-0.6647058824,0,0,1,,
Bailey Zappe,NE,QB,228,190,30.8,44,-159.2,-9.364705882,0,0,1,,
Pierre Strong Jr.,NE,RB,107.9,73,31.5,91,-41.5,-2.441176471,0,0,1,,
Ty Montgomery,NE,RB,107.9,73,29,97,-44,-2.588235294,0,0,1,,
Kevin Harris,NE,RB,107.9,73,20.5,119,-52.5,-3.088235294,0,0,1,,
J.J. Taylor,NE,RB,107.9,73,16.3,130,-56.7,-3.335294118,0,0,1,,
Anthony Firkser,NE,TE,99,82.5,10.4,115,-72.1,-4.241176471,0,0,1,,
Matt Sokol,NE,TE,99,82.5,4.5,137,-78,-4.588235294,0,0,1,,
Tyquan Thornton,NE,WR,116.9,93.4,72.4,90,-21,-1.235294118,0,0,1,,
Demario Douglas,NE,WR,116.9,93.4,36.4,123,-57,-3.352941176,0,0,1,,
Kayshon Boutte,NE,WR,116.9,93.4,22.4,147,-71,-4.176470588,0,0,1,,
Tre Nixon,NE,WR,116.9,93.4,22.4,148,-71,-4.176470588,0,0,1,,
Matthew Slater,NE,WR,116.9,93.4,8,204,-85.4,-5.023529412,0,0,1,,
Jameis Winston,NO,QB,228,190,18.9,59,-171.1,-10.06470588,0,0,1,,
Jake Haener,NO,QB,228,190,9.1,77,-180.9,-10.64117647,0,0,1,,
Kendre Miller,NO,RB,107.9,73,60.2,65,-12.8,-0.7529411765,0,0,1,CPB,1.0000
Kirk Merritt,NO,RB,107.9,73,16.9,129,-56.1,-3.3,0,0,1,,
Adam Prentice,NO,RB,107.9,73,7.7,160,-65.3,-3.841176471,0,0,1,,
Ellis Merriweather,NO,RB,107.9,73,2.3,170,-70.7,-4.158823529,0,0,1,,
Darrel Williams,NO,RB,107.9,73,0,178,-73,-4.294117647,0,0,1,,
Taysom Hill,NO,TE,99,82.5,66.8,35,-15.7,-0.9235294118,0,0,1,,
Foster Moreau,NO,TE,99,82.5,39.9,41,-42.6,-2.505882353,0,0,1,,
Jimmy Graham,NO,TE,99,82.5,28.5,60,-54,-3.176470588,0,0,1,,
A.T. Perry,NO,WR,116.9,93.4,24.2,145,-69.2,-4.070588235,0,0,1,,
Tre'Quan Smith,NO,WR,116.9,93.4,17.9,160,-75.5,-4.441176471,0,0,1,,
Keith Kirkwood,NO,WR,116.9,93.4,14.8,168,-78.6,-4.623529412,0,0,1,,
Kawaan Baker,NO,WR,116.9,93.4,6.7,217,-86.7,-5.1,0,0,1,,
Kirk Merritt,NO,WR,116.9,93.4,1.5,240,-91.9,-5.405882353,0,0,1,,
Tyrod Taylor,NYG,QB,228,190,24.9,47,-165.1,-9.711764706,0,0,1,,
Tommy DeVito,NYG,QB,228,190,1.3,86,-188.7,-11.1,0,0,1,,
Eric Gray,NYG,RB,107.9,73,38.3,82,-34.7,-2.041176471,0,0,1,,
Gary Brightwell,NYG,RB,107.9,73,21.5,114,-51.5,-3.029411765,0,0,1,,
James Robinson,NYG,RB,107.9,73,21.2,115,-51.8,-3.047058824,0,0,1,,
Daniel Bellinger,NYG,TE,99,82.5,27.4,63,-55.1,-3.241176471,0,0,1,,
Lawrence Cager,NYG,TE,99,82.5,25.5,67,-57,-3.352941176,0,0,1,,
Tommy Sweeney,NYG,TE,99,82.5,8.8,120,-73.7,-4.335294118,0,0,1,,
Chris Myarick,NYG,TE,99,82.5,8.5,121,-74,-4.352941176,0,0,1,,
Darius Slayton,NYG,WR,116.9,93.4,85.1,83,-8.3,-0.4882352941,0,0,1,JH,1.0000
Parris Campbell,NYG,WR,116.9,93.4,82.9,85,-10.5,-0.6176470588,0,0,1,,
Wan'Dale Robinson,NYG,WR,116.9,93.4,70.3,91,-23.1,-1.358823529,0,0,1,,
Jalin Hyatt,NYG,WR,116.9,93.4,67.7,95,-25.7,-1.511764706,0,0,1,AC,1.0000
Cole Beasley,NYG,WR,116.9,93.4,16,165,-77.4,-4.552941176,0,0,1,,
Jamison Crowder,NYG,WR,116.9,93.4,14,169,-79.4,-4.670588235,0,0,1,,
David Sills V,NYG,WR,116.9,93.4,6.4,222,-87,-5.117647059,0,0,1,,
Bryce Ford-Wheaton,NYG,WR,116.9,93.4,0,242,-93.4,-5.494117647,0,0,1,,
Zach Wilson,NYJ,QB,228,190,18.4,61,-171.6,-10.09411765,0,0,1,,
Michael Carter,NYJ,RB,107.9,73,40.6,80,-32.4,-1.905882353,0,0,1,,
Zonovan Knight,NYJ,RB,107.9,73,24,105,-49,-2.882352941,0,0,1,,
Nick Bawden,NYJ,RB,107.9,73,3.8,169,-69.2,-4.070588235,0,0,1,,
Israel Abanikanda,NYJ,RB,107.9,73,0,176,-73,-4.294117647,0,0,1,,
Zack Kuntz,NYJ,TE,99,82.5,17.1,90,-65.4,-3.847058824,0,0,1,,
Jeremy Ruckert,NYJ,TE,99,82.5,15.4,95,-67.1,-3.947058824,0,0,1,,
Randall Cobb,NYJ,WR,116.9,93.4,64.4,97,-29,-1.705882353,0,0,1,,
Jason Brownlee,NYJ,WR,116.9,93.4,18.2,158,-75.2,-4.423529412,0,0,1,,
Alex Erickson,NYJ,WR,116.9,93.4,7.9,208,-85.5,-5.029411765,0,0,1,,
Marcus Mariota,PHI,QB,228,190,23.8,48,-166.2,-9.776470588,0,0,1,,
Tanner McKee,PHI,QB,228,190,9.4,76,-180.6,-10.62352941,0,0,1,,
Boston Scott,PHI,RB,107.9,73,25.7,104,-47.3,-2.782352941,0,0,1,,
Trey Sermon,PHI,RB,107.9,73,13.5,137,-59.5,-3.5,0,0,1,,
Dan Arnold,PHI,TE,99,82.5,25.1,68,-57.4,-3.376470588,0,0,1,,
Jack Stoll,PHI,TE,99,82.5,17.3,89,-65.2,-3.835294118,0,0,1,,
Grant Calcaterra,PHI,TE,99,82.5,10.4,117,-72.1,-4.241176471,0,0,1,,
Tyree Jackson,PHI,TE,99,82.5,0,144,-82.5,-4.852941176,0,0,1,,
Quez Watkins,PHI,WR,116.9,93.4,49.1,113,-44.3,-2.605882353,0,0,1,,
Olamide Zaccheaus,PHI,WR,116.9,93.4,36.8,122,-56.6,-3.329411765,0,0,1,,
Britain Covey,PHI,WR,116.9,93.4,17.8,161,-75.6,-4.447058824,0,0,1,,
Greg Ward,PHI,WR,116.9,93.4,5.2,235,-88.2,-5.188235294,0,0,1,,
Chris Boswell,PIT,K,124.7,118.7,114,23,-4.7,-0.2764705882,0,0,1,,
Mitch Trubisky,PIT,QB,228,190,22.6,51,-167.4,-9.847058824,0,0,1,,
Mason Rudolph,PIT,QB,228,190,5.5,82,-184.5,-10.85294118,0,0,1,,
Anthony McFarland Jr.,PIT,RB,107.9,73,28.3,99,-44.7,-2.629411765,0,0,1,,
Darnell Washington,PIT,TE,99,82.5,27.9,62,-54.6,-3.211764706,0,0,1,,
Connor Heyward,PIT,TE,99,82.5,20.5,82,-62,-3.647058824,0,0,1,,
Zach Gentry,PIT,TE,99,82.5,18.1,88,-64.4,-3.788235294,0,0,1,,
Allen Robinson II,PIT,WR,116.9,93.4,82.1,86,-11.3,-0.6647058824,0,0,1,,
Calvin Austin III,PIT,WR,116.9,93.4,30.2,134,-63.2,-3.717647059,0,0,1,,
Gunner Olszewski,PIT,WR,116.9,93.4,12.3,173,-81.1,-4.770588235,0,0,1,,
Dez Fitzpatrick,PIT,WR,116.9,93.4,6.5,220,-86.9,-5.111764706,0,0,1,,
Miles Boykin,PIT,WR,116.9,93.4,4.3,238,-89.1,-5.241176471,0,0,1,,
Drew Lock,SEA,QB,228,190,17.5,65,-172.5,-10.14705882,0,0,1,,
DeeJay Dallas,SEA,RB,107.9,73,30,95,-43,-2.529411765,0,0,1,,
Nick Bellore,SEA,RB,107.9,73,4.2,168,-68.8,-4.047058824,0,0,1,,
Kenny McIntosh,SEA,RB,107.9,73,0,177,-73,-4.294117647,0,0,1,,
Will Dissly,SEA,TE,99,82.5,39.4,42,-43.1,-2.535294118,0,0,1,,
Colby Parkinson,SEA,TE,99,82.5,28.3,61,-54.2,-3.188235294,0,0,1,,
Tyler Mabry,SEA,TE,99,82.5,5.2,135,-77.3,-4.547058824,0,0,1,,
Cade Johnson,SEA,WR,116.9,93.4,30.6,133,-62.8,-3.694117647,0,0,1,,
Dee Eskridge,SEA,WR,116.9,93.4,17.5,162,-75.9,-4.464705882,0,0,1,,
Dareke Young,SEA,WR,116.9,93.4,11.3,176,-82.1,-4.829411765,0,0,1,,
Cody Thompson,SEA,WR,116.9,93.4,10.4,182,-83,-4.882352941,0,0,1,,
Easop Winston Jr.,SEA,WR,116.9,93.4,8.2,198,-85.2,-5.011764706,0,0,1,,
Sam Darnold,SF,QB,228,190,33.6,41,-156.4,-9.2,0,0,1,,
Jordan Mason,SF,RB,107.9,73,33.2,87,-39.8,-2.341176471,0,0,1,,
Kyle Juszczyk,SF,RB,107.9,73,27.5,101,-45.5,-2.676470588,0,0,1,,
Tyrion Davis-Price,SF,RB,107.9,73,23.8,106,-49.2,-2.894117647,0,0,1,,
Jack Colletto,SF,RB,107.9,73,5.7,164,-67.3,-3.958823529,0,0,1,,
Cameron Latu,SF,TE,99,82.5,22.1,76,-60.4,-3.552941176,0,0,1,,
Brayden Willis,SF,TE,99,82.5,21.9,78,-60.6,-3.564705882,0,0,1,,
Ross Dwelley,SF,TE,99,82.5,13.2,104,-69.3,-4.076470588,0,0,1,,
Charlie Woerner,SF,TE,99,82.5,6.6,128,-75.9,-4.464705882,0,0,1,,
Anthony Miller,SF,WR,116.9,93.4,46.4,114,-47,-2.764705882,0,0,1,,
Ray-Ray McCloud III,SF,WR,116.9,93.4,10.7,180,-82.7,-4.864705882,0,0,1,,
Ronnie Bell,SF,WR,116.9,93.4,8.4,191,-85,-5,0,0,1,,
Danny Gray,SF,WR,116.9,93.4,7.9,206,-85.5,-5.029411765,0,0,1,,
Chris Conley,SF,WR,116.9,93.4,6.1,228,-87.3,-5.135294118,0,0,1,,
Chase McLaughlin,TB,K,124.7,118.7,110.7,27,-8,-0.4705882353,0,0,1,,
Kyle Trask,TB,QB,228,190,69.8,35,-120.2,-7.070588235,0,0,1,,
Sean Tucker,TB,RB,107.9,73,43.8,78,-29.2,-1.717647059,0,0,1,,
Ke'Shawn Vaughn,TB,RB,107.9,73,37.6,83,-35.4,-2.082352941,0,0,1,,
Patrick Laird,TB,RB,107.9,73,9.1,149,-63.9,-3.758823529,0,0,1,,
Payne Durham,TB,TE,99,82.5,23.4,72,-59.1,-3.476470588,0,0,1,,
Ko Kieft,TB,TE,99,82.5,21.1,81,-61.4,-3.611764706,0,0,1,,
Dominique Dafney,TB,TE,99,82.5,7.7,122,-74.8,-4.4,0,0,1,,
David Wells,TB,TE,99,82.5,7.5,124,-75,-4.411764706,0,0,1,,
Trey Palmer,TB,WR,116.9,93.4,53.9,109,-39.5,-2.323529412,0,0,1,,
David Moore,TB,WR,116.9,93.4,32,130,-61.4,-3.611764706,0,0,1,,
Deven Thompkins,TB,WR,116.9,93.4,31.4,132,-62,-3.647058824,0,0,1,,
Kaylon Geiger Sr.,TB,WR,116.9,93.4,12.7,171,-80.7,-4.747058824,0,0,1,,
Rakim Jarrett,TB,WR,116.9,93.4,10.4,181,-83,-4.882352941,0,0,1,,
Michael Badgley,TEN,K,124.7,118.7,110.3,29,-8.4,-0.4941176471,0,0,1,,
Will Levis,TEN,QB,228,190,53.9,36,-136.1,-8.005882353,0,0,1,,
Malik Willis,TEN,QB,228,190,12.3,72,-177.7,-10.45294118,0,0,1,,
Hassan Haskins,TEN,RB,107.9,73,31.1,93,-41.9,-2.464705882,0,0,1,,
Julius Chestnut,TEN,RB,107.9,73,13,140,-60,-3.529411765,0,0,1,,
Jonathan Ward,TEN,RB,107.9,73,11,142,-62,-3.647058824,0,0,1,,
Josh Whyle,TEN,TE,99,82.5,19.2,87,-63.3,-3.723529412,0,0,1,,
Trevon Wesco,TEN,TE,99,82.5,14.7,98,-67.8,-3.988235294,0,0,1,,
Kevin Rader,TEN,TE,99,82.5,9.4,119,-73.1,-4.3,0,0,1,,
Nick Westbrook-Ikhine,TEN,WR,116.9,93.4,67.8,94,-25.6,-1.505882353,0,0,1,,
Kyle Philips,TEN,WR,116.9,93.4,32.6,127,-60.8,-3.576470588,0,0,1,,
Chris Moore,TEN,WR,116.9,93.4,29.2,136,-64.2,-3.776470588,0,0,1,,
Mason Kinsey,TEN,WR,116.9,93.4,6.4,223,-87,-5.117647059,0,0,1,,
Racey McMath,TEN,WR,116.9,93.4,4.5,237,-88.9,-5.229411765,0,0,1,,
Reggie Roberson Jr.,TEN,WR,116.9,93.4,1.2,241,-92.2,-5.423529412,0,0,1,,
Joey Slye,WAS,K,124.7,118.7,103.8,34,-14.9,-0.8764705882,0,0,1,,
Jacoby Brissett,WAS,QB,228,190,72.6,33,-117.4,-6.905882353,0,0,1,AC,1.0000
Chris Rodriguez Jr.,WAS,RB,107.9,73,32.3,89,-40.7,-2.394117647,0,0,1,,
Jonathan Williams,WAS,RB,107.9,73,17.1,126,-55.9,-3.288235294,0,0,1,,
Jaret Patterson,WAS,RB,107.9,73,8,159,-65,-3.823529412,0,0,1,,
Alex Armah Jr.,WAS,RB,107.9,73,1.3,172,-71.7,-4.217647059,0,0,1,,
Logan Thomas,WAS,TE,99,82.5,74.1,30,-8.4,-0.4941176471,0,0,1,,
John Bates,WAS,TE,99,82.5,21.9,77,-60.6,-3.564705882,0,0,1,,
Cole Turner,WAS,TE,99,82.5,14.3,100,-68.2,-4.011764706,0,0,1,,
Curtis Hodges,WAS,TE,99,82.5,12.8,107,-69.7,-4.1,0,0,1,,
Armani Rogers,WAS,TE,99,82.5,11.7,113,-70.8,-4.164705882,0,0,1,,
Kaden Smith,WAS,TE,99,82.5,5.5,134,-77,-4.529411765,0,0,1,,
Dyami Brown,WAS,WR,116.9,93.4,38.9,121,-54.5,-3.205882353,0,0,1,,
Byron Pringle,WAS,WR,116.9,93.4,11.7,175,-81.7,-4.805882353,0,0,1,,
Dax Milne,WAS,WR,116.9,93.4,8.3,193,-85.1,-5.005882353,0,0,1,,
Roquan Smith,,DF,,,224.49,,,,,,,TTL,11.0000
Micah Parsons,,DF,,,178.7,,,,,,,VM,4.0000
Nick Bolton,,DF,,,214.71,,,,,,,FCN,3.0000
TJ Watt,,DF,,,148.35,,,,,,,AMP,1.0000
CJ Mosley,,DF,,,194.79,,,,,,,BN,3.0000
Bobby Okereke,,DF,,,190.53,,,,,,,WN,1.0000
Harold Landry,,DF,,,125.26,,,,,,,AMP,1.0000
Zaire Franklin,,DF,,,202.57,,,,,,,FCN,2.0000
Frankie Luvu,,DF,,,194.69,,,,,,,BN,1.0000
Fred Warner,,DF,,,172.66,,,,,,,WN,1.0000
Maxx Crosby,,DF,,,147.17,,,,,,,FCN,3.0000
Calais Campbell,,DF,,,72.57,,,,,,,VM,1.0000
Logan Wilson,,DF,,,191.24,,,,,,,WN,2.0000
Josey Jewell,,DF,,,184.5,,,,,,,BBTF,1.0000
Derwin James Jr,,DF,,,185.12,,,,,,,SF,1.0000
Marcus Jones,,DF,,,150,,,,,,,TTL,1.0000
Devin White,,DF,,,170.15,,,,,,,SF,1.0000
CJ Moore,,DF,,,0,,,,,,,FN,1.0000
TJ Edwards,,DF,,,189.69,,,,,,,BBTF,1.0000
Keisean Nixon,,DF,,,50,,,,,,,FN,1.0000
Jason Pitre,,DF,,,169.99,,,,,,,CFC,1.0000
Jaylinn Hawkins,,DF,,,50,,,,,,,AC,1.0000
Jake Gervase,,DF,,,0,,,,,,,JH,1.0000
Rayshawn Jenkins,,DF,,,153.37,,,,,,,CFC,1.0000
Tremon Smith,,DF,,,20,,,,,,,AC,1.0000
Christian Wilkins,,DF,,,125.49,,,,,,,CPB,1.0000
Kamu Greiger-Hill,,DF,,,50,,,,,,,JH,1.0000
Bobby Price,,DF,,,10,,,,,,,CPB,1.0000
Justin Reid,,DF,,,100.44,,,,,,,AC,1.0000
Foyesade Oluokun,,DF,,,216.55,,,,,,,AMP,5.0000
Andre Szymt,,K,,,0,,,,,,,AC,1.0000