player,pos,team,games_played,py_games_played,touches,fmb,adj_rus_att_per,adj_rus_yds_per,adj_rus_tds_per,adj_tgt_per,adj_rec_per,adj_rec_yds_per,adj_rec_tds_per,py_qb_fl,py_fl_per_tou,injury_status
Mo Alie Cox,TE,IND,2,2,5,0,0,0,0,0.028271323245676088,0.02848064811083722,0.02650387685787514,0.02602057258662306,0,0.01417500386958785,NA
Isaiah McKenzie,WR,IND,2,2,9,2,0.0034644310374660706,0.004802348862193968,0.004854841011135882,0.056282345098786823,0.05456707496507656,0.050380010128285496,0.042881552928696144,0,0.01181940985267423,NA
Juwann Winfree,WR,IND,2,2,0,0,0,0,0,0.00789254283246985,0.005295290099921504,0.004505332036152561,0.006092472144855641,0,0.01291738781713031,NA
Michael Pittman,WR,IND,2,2,58,1,1.8709194077753e-7,9.38788071502003e-8,1.9324488691466844e-7,0.2975146439566531,0.31120824517895995,0.31722084795766126,0.27491943726983037,0,0.01405476522155149,NA
Jonathan Taylor,RB,IND,2,2,77,0,0.5454055492404596,0.5521278109968969,0.47377546775191326,0.12854576627478764,0.14242079352256196,0.11660110645101919,0.20009423634676154,0,0.01318101228418253,NA
Zack Moss,RB,IND,2,2,148,0,0.339622140898769,0.3713577424382311,0.4212451497364208,0.05231468356226919,0.05320219641354387,0.04793021571363601,0.048989914636167656,0,0.01234504059549439,NA
Trey Sermon,RB,IND,2,0,9,0,0.0010002338536403731,9.102536492809495e-4,0.0012678392524811564,0.00430567933814144,0.0037252905352752543,0.003206727263889488,0.0038581923769613453,0,0.01287432985773988,NA
Kylen Granson,TE,IND,2,2,16,0,1.5213395311437975e-7,5.381597833811251e-8,1.410568783053273e-7,0.11294428496166371,0.09617257788671481,0.10223714946985654,0.09955806607355977,0,0.01389512713355003,NA
Alec Pierce,WR,IND,2,2,17,0,0,0,0,0.11315188159105882,0.09920922035010774,0.10707693013749948,0.09982981538768279,0,0.01370136631629307,Q
Josh Downs,WR,IND,2,0,41,0,0,0,0,0.17479960417930165,0.18540887789144023,0.2060644762794938,0.1775508621419189,0.21,0.007,Q
Will Mallory,TE,IND,1,0,3,0,0,0,0,0.023977244959191676,0.020309785045560875,0.01827332770463102,0.020204878106942832,0.21,0.007,NA
Matthew Slater,WR,NE,1,1,0,0,0,0,0,0,0,0,0,0,0.01291738781713031,Q
Ty Montgomery,WR,NE,0,0,0,0,0,0,0,0,0,0,0,0,0,NA
Ezekiel Elliott,RB,NE,2,2,89,1,0.35687458711349773,0.2916581162339211,0.27178079086246165,0.07159150712062029,0.07423647798967539,0.06095979581553055,0.057912382876838864,0,0.00757820085271645,NA
Hunter Henry,TE,NE,2,2,27,0,0,0,0,0.14072164197293602,0.14730617365294416,0.15610808205457252,0.23045845265338435,0,0.01203469964962641,NA
JuJu Smith Schuster,WR,NE,2,2,21,0,0,0,0,0.15559433133588305,0.17312351313250396,0.1553612730925718,0.15200230350376795,0,0.01623812740090337,NA
Pharaoh Brown,TE,NE,2,1,7,0,0,0,0,0.03525920100538034,0.03964851625707462,0.06746451572151153,0.04350563570151613,0,0.0126590400607877,NA
Mike Gesicki,TE,NE,2,2,19,0,0,0,0,0.10002531822915993,0.09314913922144333,0.08633452592575926,0.09425278879116107,0,0.01222846046688336,NA
Rhamondre Stevenson,RB,NE,2,2,135,0,0.48346150146743727,0.6325081938891755,0.6376216274842985,0.1674956835851024,0.17034461988490976,0.1632623817724437,0.14557582802674926,0,0.01357746914883138,NA
Tyquan Thornton,WR,NE,2,2,3,0,2.490002698717514e-9,2.0056035478011065e-7,1.0441911780495061e-7,0.09090604601294337,0.08003290630335448,0.07751201499802135,0.07948485116273969,0,0.01237916332474988,NA
Demario Douglas,WR,NE,2,0,28,1,0.04633183204655125,0.03450199117792406,0.030726555749915497,0.16112346291275215,0.16873555122764408,0.18097508626300524,0.14098988236133314,0.21,0.007,Q
Kayshon Boutte,WR,NE,1,0,0,0,0,0,0,0.011749124499103685,0.011799209995587558,0.01191834723426488,0.012230955917748226,0.21,0.007,NA
Jalen Reagor,WR,NE,2,0,2,0,8.626785829541739e-4,6.808825971149107e-4,8.789525667665892e-4,0.0655336833261187,0.04162389233486272,0.0401039771223191,0.04358691900476129,0,0.01932570672745437,NA
Adam Thielen,WR,CAR,2,2,63,0,2.144566331782262e-4,4.630701316638081e-4,4.26156649748465e-4,0.3063705916832173,0.32301231784197226,0.3238497110949636,0.3146134923066705,0,0.01138883025876989,NA
Hayden Hurst,TE,CAR,2,2,16,0,0,0,0,0.11673755092247486,0.10468422975090368,0.1453871718448962,0.11584794678673521,0,0.01179788087297901,NA
Miles Sanders,RB,CAR,2,2,87,2,0.2433117108575953,0.24453433193612242,0.26629601268457725,0.09884369328446348,0.09612095491968978,0.08862799356778417,0.0878266238178976,0,0.01024413581549805,NA
Terrace Marshall,WR,CAR,2,2,17,1,0,0,0,0.1004656991904757,0.09357519104237924,0.08889676963516308,0.09941502728690879,0,0.01564790971899756,NA
Tommy Tremble,TE,CAR,2,2,8,0,0,0,0,0.05852784169634103,0.06489267866790176,0.05478099579720945,0.0861641524864374,0,0.01417500386958785,NA
Chuba Hubbard,RB,CAR,2,2,104,1,0.5486168253482745,0.5023226923459996,0.5172340955724478,0.09718826788275256,0.10138029492634147,0.07706696123630163,0.08046415715448217,0,0.01390406236368497,NA
Ihmir Smith Marsette,WR,CAR,1,1,0,0,4.365938251919007e-6,3.58900289233514e-6,4.875980489623977e-6,0.003955007788968226,0.003948944456115417,0.0039106603204448745,0.004242209343977482,0,0.01291738781713031,NA
Raheem Blackshear,RB,CAR,2,2,13,0,0.07465220462085119,0.05259107010529319,0.07285303128288054,0.027221120949522976,0.03283832130208104,0.03223023961587755,0.025548270215638744,0,0.01387359815385481,NA
Jonathan Mingo,WR,CAR,2,0,20,0,0,0,0,0.19069022660178384,0.17954706709261542,0.18524949688735945,0.18587812060125217,0.21,0.007,NA
Marcedes Lewis,TE,CHI,2,1,2,0,0,0,0,0.008622267669185384,0.009409929594578089,0.013322083402365742,0.010497976834790772,0,0.01278821393895901,NA
D Onta Foreman,RB,CHI,2,2,72,1,0.7326393741137136,0.7226741168163847,0.6863103699249592,0.043104740958979565,0.04086480610914474,0.0367750562349785,0.049540340390876424,0,0.0101060267071918,NA
Trent Taylor,WR,CHI,2,1,1,0,0,0,0,0.006364633351687194,0.0053727629684415185,0.004631656100284853,0.005877441376700113,0,0.01603543135351147,NA
Robert Tonyan,TE,CHI,2,2,7,0,0,0,0,0.0428543093446824,0.048248389255896515,0.045612942348560816,0.04044714830816382,0,0.0117763518932838,NA
D J Moore,WR,CHI,2,2,47,1,0,0,0,0.2519826097722619,0.2524399753294316,0.27787488213546924,0.24482130318836182,0,0.01134577229937946,NA
Travis Homer,RB,CHI,1,2,0,0,0,0,0,0.012204663212068626,0.01074139004029458,0.010064770392727278,0.01164290697890437,0,0.01383054019446438,NA
Cole Kmet,TE,CHI,2,2,43,1,0,0,0,0.2090854085509845,0.22511855433735553,0.1973357366060909,0.26969005684921177,0,0.01346454753964568,NA
Darrynton Evans,RB,CHI,2,1,35,0,0.017828431530831426,0.017028556441821767,0,0.05932321749159458,0.06291383791439979,0.050721558360264,0.045182404764897315,0,0.01259445312170205,NA
Darnell Mooney,WR,CHI,2,1,22,0,0,0,0,0.16530472641863345,0.16423213656502328,0.2025521670139874,0.15146554011582142,0,0.01203469964962641,NA
Tyler Scott,WR,CHI,2,0,13,0,0.04057461343339381,0,0.010871339799111071,0.07960588016856644,0.06033360118188834,0.055623121264821836,0.06399342548835191,0.21,0.007,NA
Roschon Johnson,RB,CHI,2,0,48,0,0.040697896801578676,0.043557101840648406,0.021313663725134848,0.07657921712912581,0.08231846900718288,0.06537078868025033,0.06785894714780613,0.21,0.007,NA
Equanimeous St Brown,WR,CHI,2,2,1,0,6.360215024650548e-5,4.13735221881348e-5,8.288013295120977e-5,0.044968325932230185,0.0380061476963632,0.04011523746019912,0.03898250855611411,0,0.01400277203202611,NA
Aaron Jones,RB,GB,2,2,63,2,0.46364509562149236,0.3903557417341013,0.5705153135803719,0.1457778123585522,0.1423179362280242,0.116867906121014,0.11508951744988824,0,0.01539483867336457,NA
AJ Dillon,RB,GB,2,2,105,0,0.3119030202474663,0.24659836259455958,0.22689824883346896,0.05806585739655636,0.06603350563605977,0.06327565651358201,0.05318723528123366,0,0.0099768528290205,NA
Josiah Deguara,TE,GB,2,1,8,0,0,0,0,0.027467400661557995,0.030553757192413843,0.02868217100427067,0.024847412270656618,0,0.01263751108109249,NA
Christian Watson,WR,GB,2,2,13,0,0.0018772174649636657,5.063415697833776e-4,0.0015926179320125216,0.16265113682065133,0.15000961621796988,0.18227702032772003,0.15609387161680646,0,0.01188399679175989,NA
Romeo Doubs,WR,GB,2,2,30,0,1.5279469653847027e-8,1.7120408638061483e-8,2.160823030211859e-8,0.17121936661012793,0.16595732320311155,0.1557419348565762,0.17842220419113022,0,0.0153249750235693,NA
Samori Toure,WR,GB,1,1,5,0,0,0,0,0.023489549761519606,0.022453126011690958,0.021516361045562604,0.022334457254022135,0,0.01447640958532089,NA
Jayden Reed,WR,GB,2,0,25,1,0.015909060754604878,0.05812663922499867,0.016667173089014532,0.1384228805503117,0.14364412517085742,0.15301279529622214,0.13280716305774828,0.21,0.007,NA
Luke Musgrave,TE,GB,2,0,27,0,0,0,0,0.13612679221632681,0.14061354444460974,0.13874107426037607,0.19997612352728275,0.21,0.007,NA
Tucker Kraft,TE,GB,2,0,2,0,0,0,0,0.019612745209741142,0.020011316048982465,0.018305330443702018,0.01915341132365475,0.21,0.007,NA
Dontayvion Wicks,WR,GB,2,0,15,1,0.0032618619184422186,0.0014616950824689733,0.002687395236936384,0.08461343648750703,0.08985758015876871,0.09932283517477912,0.07241156466611029,0.21,0.007,NA
Ben Sims,TE,GB,2,0,2,0,0,0,0,0.0075220962557514676,0.008833328344234668,0.00741604365165618,0.0071787511387914225,0.21,0.007,NA
Malik Heath,WR,GB,2,0,0,0,0,0,0,0.015535918035261718,0.008798284417131102,0.006810212257597155,0.010045146776013791,0.21,0.007,NA
Emanuel Wilson,RB,GB,2,0,14,1,0.07056206840716779,0.14429748924078795,0.057514745577854166,0.009495007636134666,0.010916556926145682,0.008030659046941802,0.00845314144666143,0.21,0.007,NA
Allen Robinson,WR,PIT,2,1,19,0,0,0,0,0.09581385663004288,0.09236996723626169,0.08387836570287181,0.08585770747180244,0,0.01220693148718814,NA
Godwin Igwebuike,RB,PIT,1,2,0,0,2.8183359885882513e-5,2.3471119222374766e-5,3.092434127592345e-5,0.0014615457800702513,0.0014754815721722912,0.0014267041582447049,0.0014801873204339216,0,0.01283127189834944,NA
Diontae Johnson,WR,PIT,2,2,23,0,2.244030066199801e-4,2.194160748509736e-4,2.6329144943504167e-4,0.2713452674394912,0.27354301892722915,0.32024584362928765,0.32962962747887226,0,0.01258185937214178,NA
Miles Boykin,WR,PIT,2,2,2,0,0,0,0,0.012268356526157228,0.014194037222545796,0.011179165817087361,0.00907532617188718,0,0.01287432985773988,NA
Najee Harris,RB,PIT,2,2,115,1,0.476327431602241,0.4140154983840046,0.5685747810506506,0.09175691918453868,0.09504387869086439,0.08129061913888556,0.07569650873846448,0,0.01117881717252733,NA
George Pickens,WR,PIT,2,2,31,1,0.0023304171963170316,0.009605965819551842,0.005804996714138835,0.2029665293850571,0.1834379374570068,0.19395403364114694,0.21518028908471926,0,0.01173329393389336,NA
Calvin Austin,WR,PIT,2,0,21,0,0.06374647609995998,0.06549167939861607,0.04362940672952369,0.06459145404253769,0.06018481241287905,0.06230247337577066,0.061301397365001994,0,0.01291738781713031,NA
Connor Heyward,TE,PIT,2,2,15,0,8.608935181947632e-4,5.900996171817343e-4,8.60335097249578e-4,0.08809791066200462,0.09209553999190782,0.07960372997755044,0.07283922642434854,0,0.01261598210139727,NA
Jaylen Warren,RB,PIT,2,2,85,1,0.3038498763711868,0.4002503889625794,0.24257825455831977,0.11057122185160259,0.12349872426403868,0.11116179463801658,0.09875317192639936,0,0.01232351161579917,NA
Rodney Williams,TE,PIT,2,0,0,0,0,0,0,0.008084303245889784,0.004130912806414262,0.0028833183309833724,0.005257763535964078,0.21,0.007,NA
Darnell Washington,TE,PIT,2,0,2,0,0,0,0,0.03097574511276743,0.03228824980563914,0.03080198077463486,0.028197780926835534,0.21,0.007,NA
Anthony McFarland,RB,PIT,2,2,2,0,0.05882450581058677,0.05864225037665046,0.061706688616790246,0.022066890139840537,0.02773743961304097,0.02127197081552006,0.016731013555270867,0,0.01274515597956857,NA
Jimmy Graham,TE,NO,1,0,1,0,0,0,0,0.005876703783147743,0.00503194004381026,0.004519859523509262,0.005511378408014211,0.21,0.007,NA
Michael Thomas,WR,NO,2,2,38,0,0,0,0,0.1556116446797162,0.14547147823728407,0.15308504372234094,0.1528345130922696,0,0.01257292414200684,NA
Alvin Kamara,RB,NO,2,2,138,0,0.4469819631013995,0.4055049869285282,0.43857354956224365,0.17351563892276037,0.18335074463071563,0.17906797929049648,0.16638848050305363,0,0.01355594016913616,NA
Jamaal Williams,RB,NO,2,2,46,1,0.15142280558495608,0.12839471246728165,0.1360592917927766,0.033909369662785724,0.033537509092074966,0.0217403636504641,0.022840824609887136,0,0.0120184473806408,NA
Taysom Hill,TE,NO,2,2,69,0,0.30004422995057545,0.3919926505370778,0.3427309255268457,0.07945645625996352,0.08338285663713679,0.068962223360576,0.08947500713114637,0,0.01399017828246584,NA
Keith Kirkwood,WR,NO,1,1,1,0,0,0,0,0.008859003101695483,0.008806044134795434,0.007360197296637639,0.008190520116122323,0,0.01289585883743509,NA
Foster Moreau,TE,NO,2,2,11,0,0,1.2594250128988037e-7,8.115895951560803e-8,0.0485835423776336,0.05176408181263329,0.06531588864713919,0.04928562876820898,0,0.01387359815385481,NA
Lynn Bowden,WR,NO,2,1,0,0,0,0,0,0.001668838188640721,0.0014760221329947064,0.0012642533425167106,0.001495371203667143,0,0.01291738781713031,NA
Juwan Johnson,TE,NO,2,2,13,0,0,0,0,0.10214458830673717,0.10513237825930451,0.0917273694775459,0.11141910122778392,0,0.01201317066993119,NA
Chris Olave,WR,NO,2,2,50,0,0,0,0,0.2545585012346105,0.24293359046441365,0.22891750704357275,0.24201111784527235,0,0.01470063461240801,NA
Rashid Shaheed,WR,NO,2,2,32,1,0.010585178927131572,0.017459150425750893,0.016546911792217726,0.1178969755741971,0.12200285726127687,0.16183642647975938,0.13432133907325988,0,0.01389512713355003,NA
A T Perry,WR,NO,2,0,0,0,0,0,0,0.0063462923245895956,0.006316944150023919,0.006456633232697648,0.006359884103504439,0.21,0.007,NA
C J Ham,RB,MIN,2,2,4,0,1.887835773224952e-4,1.3668186375485287e-4,1.1484969001285477e-4,0.013263393339989975,0.014266894723901115,0.0099407243041946345,0.011226332336222292,0,0.01261598210139727,NA
Johnny Mundt,TE,MIN,2,1,3,0,0,0,0,0.017088774310248037,0.020206622667384183,0.02689264891969401,0.015153217592760174,0,0.01250833720292118,NA
Brandon Powell,WR,MIN,2,2,19,1,0.025669760037602497,0.023640168933907194,0.014040641734088408,0.08522467583617338,0.08047657762667368,0.07594600846390746,0.11961016517402404,0,0.01370136631629307,NA
T J Hockenson,TE,MIN,2,2,60,1,0,0,0,0.285112002353784,0.27512882226483026,0.26998602150089324,0.2481015052605362,0,0.0127325622300083,Q
N Keal Harry,WR,MIN,2,0,0,0,0,0,0,0.007787630757701389,0.008112631496389255,0.008146966931086203,0.007856594023133935,0,0.01276668495926379,NA
Josh Oliver,TE,MIN,2,2,12,1,0,0,0,0.03911246985218932,0.043838404067725635,0.025013199238408893,0.029320564307455683,0,0.01261598210139727,NA
Alexander Mattison,RB,MIN,2,2,145,1,0.6080402128917562,0.49558035557744795,0.28073928381419105,0.08412922200402077,0.08814753035794586,0.10008834395047193,0.1267685687237188,0,0.01100130862425598,NA
K J Osborn,WR,MIN,2,2,32,0,5.0399247057443984e-5,5.04210960604736e-5,3.5341298040739826e-5,0.16672021081575333,0.17320642605369235,0.17314376454097835,0.15054009574255336,0,0.01322772876299829,Q
Kene Nwangwu,RB,MIN,1,2,0,0,0.03163512243052625,0.02824145371853326,0.018444478371697715,0.005147553666988412,0.005366299819679899,0.005787741680155926,0.0051212578892692005,0,0.01268056904048292,NA
Ty Chandler,RB,MIN,1,2,13,0,0.012594380671105578,0.015842261773596347,0.0094945935945127,0.01050713917040107,0.010891571338537184,0.010374013635316183,0.010121672447777551,0,0.01278821393895901,NA
Nick Muse,TE,MIN,1,1,0,0,0,0,0,6.280546178962177e-4,6.348909065416894e-4,5.976456578476783e-4,6.101902213949867e-4,0,0.01291738781713031,NA
Jordan Addison,WR,MIN,2,0,42,0,0.008866908026070722,0.007932055062431274,0.0040838638866429865,0.2162559087802688,0.21839221259940816,0.22735843987137486,0.21397515746455092,0.21,0.007,NA
Trishton Jackson,WR,MIN,2,0,1,0,0,0,0,0.02636344616936596,0.018549257085824226,0.010119803309339126,0.013932544069287534,0,0.01291738781713031,NA
Jalen Nailor,WR,MIN,2,2,0,0,0,0,0,0.04265951832521937,0.04278185899146654,0.05660467799633146,0.04766213474731532,0,0.01272362699987336,NA
Adam Prentice,RB,NO,2,1,2,1,0.012138305373198821,0.01527727923705632,0.011758188209269533,0.011572445583522247,0.010793553143535962,0.009746254932744017,0.009866833917809974,0,0.01278821393895901,Q
Robert Woods,WR,HOU,2,2,22,0,0,0,1.0864988099287182e-8,0.22905153992859906,0.20830010969124213,0.18278643969070127,0.24225649420280232,0,0.01344301855995046,Q
Noah Brown,WR,HOU,2,2,15,0,7.125653781341138e-4,1.0964546466474948e-4,0.0011733967674557213,0.16571197237260765,0.17076672960826642,0.22872774390819875,0.17672603413012003,0,0.01365830835690264,NA
Dare Ogunbowale,RB,HOU,1,2,2,0,6.1369748917208e-4,1.9143165896396056e-4,0.0016616695589867848,0.009380793234451875,0.009848820052142201,0.008861780226890723,0.009228229411772985,0,0.01158259107602684,NA
Dalton Schultz,TE,HOU,2,2,33,1,0,0,0,0.23877873228506938,0.24606734036359912,0.22465801489160303,0.22504997581316474,0,0.0133569026411696,NA
Mike Boone,RB,HOU,1,2,0,0,3.385972231467078e-4,8.901208973712003e-5,8.453999412031985e-4,0.00600594703588421,0.006210662110829725,0.006561166723124262,0.006257129575848324,0,0.01220693148718814,NA
Devin Singletary,RB,HOU,2,2,71,0,0.7702100318379409,0.5836197622152047,0.6227866916448912,0.06454237127563804,0.07197773185374266,0.05250896828002582,0.05371542972098072,0,0.01328865718265862,NA
Andrew Beck,TE,HOU,2,2,7,1,0.003906266526490724,6.506132292712455e-4,0.026779173169515665,0.028229711657044472,0.032559771584855464,0.022290383622420553,0.021010044211339153,0,0.01276668495926379,Q
John Metchie,WR,HOU,2,0,7,0,0,0,0,0.025471138929438454,0.028299933624422704,0.02811080815870674,0.02358685993145271,0.21,0.007,NA
Tank Dell,WR,HOU,2,0,37,1,0.12043882549482832,0.047331326006020566,0.08240406021056398,0.20361984469743338,0.19567731856621742,0.21419648752511863,0.21320937027353074,0.21,0.007,NA
Xavier Hutchinson,WR,HOU,2,0,4,0,0.05989270651676709,0.24158611659385704,0.10665595210650947,0.0084399167686668,0.008552997848225741,0.008764949614948586,0.008611799195218811,0.21,0.007,NA
Tyler Boyd,WR,CIN,2,2,37,0,0.009208067606151511,0.01065168833991476,0.0073527594503794026,0.1752734927943863,0.1771069089355038,0.18758923409927866,0.17111046717727643,0,0.01166870699480771,NA
Joe Mixon,RB,CIN,2,2,150,0,0.6863844799365038,0.7193938059691711,0.8021999273922673,0.12679206945220994,0.13278837808400937,0.11687955607818287,0.10404903727653675,0,0.00710456329942167,NA
Irv Smith,TE,CIN,2,2,13,1,0,0,0,0.11082683059997216,0.11223558412656874,0.09932759029476532,0.13747943875673255,0,0.01404582999141655,NA
Drew Sample,TE,CIN,2,2,6,0,0,0,0,0.04376751910387507,0.04218189716832545,0.036524488850706506,0.07664497156948408,0,0.01287432985773988,NA
Trayveon Williams,RB,CIN,2,1,14,0,0.08939571814804788,0.12426603277659866,0.05952694648710603,0.016159018617814047,0.017258182708589215,0.011914970724375716,0.013663252335286084,0,0.01274515597956857,NA
Trenton Irwin,WR,CIN,2,2,11,2,1.920282845709229e-6,2.5565170521374917e-6,2.5952909606665105e-6,0.05435328435109158,0.0552962403184924,0.058508257022543614,0.05158135749003692,0,0.01272362699987336,NA
Mitchell Wilcox,TE,CIN,2,1,3,0,0,0,0,0.015606028736571239,0.015964199220117343,0.01567581438620427,0.01515415108890738,0,0.01255139516231162,NA
Ja Marr Chase,WR,CIN,2,2,67,1,0.018860259983786275,0.001798358233950022,0.007772420783028548,0.36382332910967713,0.34676190758712494,0.3758337354077381,0.33929530554810966,0,0.01427005501850366,Q
Chris Evans,RB,CIN,2,1,3,0,0.001219313936090291,0.0020396965038747025,0.001817387543270978,0.0034646517185220227,0.0036657885057816138,0.0029872156056223536,0.0031862418090550927,0,0.01285280087804466,NA
Andrei Iosivas,WR,CIN,2,0,4,0,0,0,0,0.028243680628799988,0.03027959038231181,0.02422733359798206,0.037430194445235584,0.21,0.007,NA
Eric Saubert,TE,HOU,2,0,0,0,0,0,0,0.020768031815166614,0.021738584696456495,0.022533257358261713,0.020348633533769388,0,0.01259445312170205,NA
Tanner Hudson,TE,CIN,2,0,4,0,0,0,0,0.061186053104434736,0.06596152598517248,0.0700428262339541,0.04990761584176985,0,0.01270209802017814,NA
Stanley Morgan,WR,CIN,1,0,0,0,0,0,0,5.04041782645824e-4,4.997969780028852e-4,4.889776986463644e-4,4.979666615695623e-4,0,0.01291738781713031,NA
Amari Cooper,WR,CLE,2,2,35,1,0,0,0,0.25794842151629394,0.26306513930792036,0.34060085042130184,0.2924214086664953,0,0.01123812740090337,NA
David Njoku,TE,CLE,2,2,32,1,7.721951467492767e-9,2.2232407962074308e-9,1.2805106102838512e-8,0.20659273192656966,0.21013639730315425,0.201260550321831,0.248195930700023,0,0.01329231570208394,NA
Kareem Hunt,RB,CLE,2,0,66,0,0.3355337765037554,0.3334095686345961,0.600902534136582,0.07230502978831398,0.07013300555028683,0.06390710529522539,0.06644456270794206,0,0.01118247569195266,NA
Jordan Akins,TE,CLE,2,2,5,0,0,0,0,0.05655953512055357,0.04939361271290734,0.04344164682050456,0.04389602459654761,0,0.01389512713355003,NA
Harrison Bryant,TE,CLE,2,2,6,0,2.6662155639566064e-5,6.7461907214759025e-6,2.4241921652240587e-5,0.03520447620420142,0.030658054455840928,0.026549636476978274,0.03140678784800902,0,0.01222846046688336,NA
Elijah Moore,WR,CLE,2,2,37,1,1.883785951019268e-4,1.974778246140976e-4,2.138011440356419e-4,0.1639452763428747,0.16722197959784635,0.15826045606670627,0.150839906741867,0,0.01367983733659786,NA
Pierre Strong,RB,CLE,2,1,36,0,0.1048325358214971,0.1071937977699841,0.0640763060744316,0.017856916364958977,0.022532181784687664,0.01958444818567521,0.01569008124603221,0,0.01255139516231162,Q
Jerome Ford,RB,CLE,2,1,127,1,0.43005505553402984,0.37063994514119736,0.2093769677046313,0.11461214065989056,0.11891642423186792,0.09007513504584708,0.08583687258246,0,0.01274515597956857,NA
Cedric Tillman,WR,CLE,2,0,2,0,0,0,0,0.052550365496947304,0.04988055237483013,0.04098357891724029,0.045134777893524713,0.21,0.007,NA
Odell Beckham,WR,BAL,2,0,19,1,0,0,0,0.14013713804603725,0.1218952786070502,0.12136403105832086,0.19046621406928213,0.21,0.007,NA
Nelson Agholor,WR,BAL,2,2,18,1,0,1.037149382477541e-9,4.961834197422137e-10,0.07014071837841458,0.06913910580650615,0.06929463377594244,0.06942297761619881,0,0.01558332277991191,NA
Patrick Ricard,RB,BAL,2,1,4,0,0,7.415464445895834e-8,3.652112845410868e-8,0.01762229428512084,0.019102733890358756,0.018142946909445845,0.017113185762775023,0,0.0125298661826164,NA
Mark Andrews,TE,BAL,2,1,42,0,9.23218373739999e-4,3.21708790438824e-4,6.029459952998635e-4,0.23174681190144605,0.23777969183167447,0.2507086480916128,0.23622802928253975,0,0.01294785202696047,NA
Gus Edwards,RB,BAL,2,2,116,1,0.32783006943371407,0.32427178758842734,0.48108562831164686,0.03170023916404249,0.0349466987069172,0.04327460578809684,0.0332079052299505,0,0.01271103325031308,NA
Justice Hill,RB,BAL,2,2,73,1,0.2665644437494655,0.16197115216954094,0.1287316947488319,0.06196209204594523,0.06560771727375887,0.05915222597648524,0.05393483671011502,0,0.01493745338905539,NA
Devin Duvernay,WR,BAL,2,2,7,0,0,2.684511885548027e-5,1.2536819337976937e-5,0.03877236294154686,0.04025119537930033,0.03328745157060553,0.03216644493174098,0,0.01352913447873134,NA
Rashod Bateman,WR,BAL,2,2,18,0,0.008948470211745756,0.029738838333178568,0.01290946759912396,0.11997538492489543,0.11540292145222454,0.125243280603595,0.10617477090193106,0,0.01426111978836872,NA
Charlie Kolar,TE,BAL,2,2,0,0,0,0,0,0.006158324995351546,0.0062245281338679246,0.006331540452144966,0.0062451189497368005,0,0.01283127189834944,NA
Isaiah Likely,TE,BAL,2,2,8,0,0,0,0,0.05446859562592663,0.05974185841823146,0.0669897884156576,0.0463447860214297,0,0.01214234454810249,NA
Zay Flowers,WR,BAL,2,0,51,0,0.0010143657324219726,5.525297778057178e-4,7.537251051276901e-4,0.21143330770330765,0.2117541668999712,0.19905414115274156,0.19793167665483927,0.21,0.007,NA
Keaton Mitchell,RB,BAL,2,0,11,0,0.14658995175212516,0.25655674403748074,0.19022046618644292,0.01218865600243675,0.014090414583699046,0.0030735524131934215,0.006748142077424525,0.21,0.007,Q
Tylan Wallace,WR,BAL,2,2,0,0,0,0,0,0.00369407398552867,0.0040636890164398405,0.0040831537921579035,0.004015911792036407,0,0.01283127189834944,NA
James Proche,WR,CLE,2,0,0,0,0,0,0,0.022425106579395865,0.018062652680658185,0.015336592448690185,0.020133647017099035,0,0.01274515597956857,NA
DeAndre Hopkins,WR,TEN,2,2,36,0,0.022220835322312265,0.024819759900198593,0.011354386876308414,0.27344534714143737,0.24377816449641873,0.2971127917913826,0.29363095099179215,0,0.01487286644996974,NA
Derrick Henry,RB,TEN,2,2,155,0,0.6973512045399864,0.7272178952684106,0.7861794465373099,0.10414933964848874,0.11698344170438961,0.0956033433034372,0.09509827437390404,0,0.01469331757355734,NA
Chris Moore,WR,TEN,2,2,6,1,5.092995995774047e-5,3.0573556649935354e-5,5.029383464176517e-5,0.05823139512292949,0.05746540151425363,0.07510202260697657,0.06391584305414268,0,0.01181940985267423,NA
Kevin Rader,TE,TEN,2,0,0,0,0,0,0,1.1372142834795309e-4,1.1375212236087053e-4,1.1548335678949521e-4,1.273560462571159e-4,0,0.01291738781713031,NA
Trevon Wesco,TE,TEN,2,1,1,0,0,0,0,0.006767913008260546,0.006937861805157808,0.008540113480963613,0.008141791206683534,0,0.01287432985773988,NA
Nick Westbrook Ikhine,WR,TEN,2,2,18,0,0,0,0,0.10691261881000849,0.10864763353728321,0.11825810637869062,0.12077253605398625,0,0.01237916332474988,NA
Chig Okonkwo,TE,TEN,2,2,25,0,0.007393719977632363,0.007231518649723009,0.005971402283495597,0.16629365564021462,0.16902574154236671,0.14040303315988412,0.1537395477570213,0,0.01216387352779771,NA
Kyle Philips,WR,TEN,2,2,8,1,0,0,0,0.10138430954814252,0.10934858748278471,0.11170583497737976,0.09378806306563948,0,0.0160784893129019,NA
Tyjae Spears,RB,TEN,2,0,61,0,0.19022078919158697,0.19122079869442504,0.13856293995495161,0.13549846898457513,0.14123096087001577,0.10841942182076851,0.12122564417778484,0.21,0.007,NA
Josh Whyle,TE,TEN,2,0,4,0,0,0,0,0.037698052140418103,0.037911323227291086,0.03678028228541691,0.04016941244873758,0.21,0.007,NA
Colton Dowell,WR,TEN,1,0,0,0,0,0,0,0.009505178527177083,0.008557131697677899,0.007959566838310561,0.00939058082405111,0.21,0.007,NA
Mike Evans,WR,TB,2,1,37,0,8.281757443151653e-8,8.47137222296862e-8,1.1946584211924496e-7,0.2028939291542828,0.20289295059374224,0.24189126479232778,0.21393344138227974,0,0.01125965638059859,NA
Chris Godwin,WR,TB,2,2,41,0,0.014407963537825712,0.03835745464405218,0.019978616283050858,0.23315860797650875,0.2186299029426222,0.2229398193890759,0.22179530529941388,0,0.0139471203230754,NA
David Wells,TE,TB,1,1,2,1,0,0,0,0.0038960284985122755,0.003997629788050308,0.0026088794950475287,0.003399567209971,0,0.01291738781713031,NA
Ke Shawn Vaughn,RB,TB,2,2,26,0,0.134872603943439,0.09696328102573064,0.09792247758282818,0.021073400628990827,0.0208662771875289,0.010318745559957862,0.015016503655442494,0,0.01248680822322597,NA
Rachaad White,RB,TB,2,2,145,1,0.566142506959379,0.6452374576337703,0.6514248700321225,0.1285701201569211,0.15088419825229338,0.15021928500935922,0.11734600684353985,0,0.01406370045168643,NA
Cade Otton,TE,TB,2,2,28,1,0,0,0,0.1600067818723808,0.15974375275072225,0.14727792830988812,0.21212488811484026,0,0.01201317066993119,NA
Ko Kieft,TE,TB,2,1,0,0,0,0,0,0.005877472128912871,0.0056502118414714165,0.005225577455056161,0.005612599096029419,0,0.01276668495926379,NA
Deven Thompkins,WR,TB,2,2,16,3,0.00593708548934267,0.00963882305184832,0.009230342645563898,0.056587702975402825,0.05825426315942545,0.048844471745143496,0.05290218228075554,0,0.01443335162593045,NA
Payne Durham,TE,TB,2,0,1,0,0,0,0,0.018281270219587836,0.015938239499302623,0.014952191973265931,0.016331396683353854,0.21,0.007,NA
Trey Palmer,WR,TB,2,0,15,1,0,0,0,0.10607341499260559,0.10183142468092937,0.10633429559550944,0.08905786962174224,0.21,0.007,Q
Rakim Jarrett,WR,TB,2,0,4,0,1.2019189179414384e-4,6.511165193953574e-5,1.2923970846748768e-4,0.02366467515930977,0.018491226669755237,0.015419130052387105,0.01848954716545596,0.21,0.007,NA
Sean Tucker,RB,TB,1,0,17,0,0.01318614337746438,0.00787768110951651,0.013328402298826618,0.0030397056145451493,0.0031685662727108195,0.0029373238475851934,0.003019181302625091,0.21,0.007,NA
Chase Edmonds,RB,TB,2,2,13,0,0.11704579677170918,0.04136130532704563,0.07546012761380085,0.03687689062203948,0.039651356361445796,0.031031086775396285,0.03097151134455064,0,0.01110895352273206,NA
Kyle Juszczyk,RB,SF,2,2,11,0,0.04070192932549599,0.0052386333974114106,0.014217850261726818,0.027959713765940922,0.031168964548833663,0.026690264941872162,0.027480652252575438,0,0.01235763434505466,NA
Christian McCaffrey,RB,SF,2,2,169,3,0.4965621611977347,0.4680177502411037,0.623849672270567,0.16022499857467176,0.17390529659338283,0.1507664874504908,0.2449693911941932,0,0.00750102016407052,NA
George Kittle,TE,SF,2,2,33,0,0.010170931743160541,0.007383056756782479,0.006980687269840558,0.1906971999020407,0.19708424534377947,0.19953707955886985,0.16070248589500427,0,0.01329231570208394,NA
Ray Ray McCloud,WR,SF,2,2,10,0,0.009089041472874964,0.020732087571013323,0.012964162193130253,0.0543034284678506,0.05752671756252184,0.0544520152993426,0.04524965785338816,0,0.01586319951594974,NA
Ross Dwelley,TE,SF,2,1,1,0,0,0,0,0.010404373438727325,0.00976054873162823,0.008860122509273642,0.008741657588807902,0,0.01285280087804466,NA
Deebo Samuel,WR,SF,2,2,38,1,0.08464768293809541,0.09796191543074176,0.06303742154801101,0.15524328528773668,0.1501697580513185,0.15883373451526145,0.1513246444758319,0,0.01580754780699903,NA
Brandon Aiyuk,WR,SF,2,2,35,0,6.93244058698332e-5,1.255246915588517e-4,1.0102112024379331e-4,0.25099546913046134,0.2402739222940266,0.26878604267697354,0.22735276460628545,0,0.0128617361081796,NA
Charlie Woerner,TE,SF,2,1,0,0,0,0,0,2.450498991233157e-4,2.464608822375613e-4,2.4396166588323479e-4,2.463450988177753e-4,0,0.01291738781713031,NA
Jauan Jennings,WR,SF,2,2,12,0,0,0,0,0.10266276041311145,0.09788809949122007,0.09709832676357197,0.09316033661705521,0,0.01383054019446438,NA
Elijah Mitchell,RB,SF,2,2,25,0,0.10391812758115426,0.040905990452188075,0.05711882302262253,0.024078454923995542,0.020262562640906652,0.01491096768762579,0.01886296174321343,0,0.01188399679175989,NA
Tyrion Davis Price,RB,SF,1,2,6,0,0.013247173587550525,0.01353300708824731,0.013137835734334245,8.841508169938629e-4,8.902891385430441e-4,8.901878601306975e-4,8.93443687240234e-4,0,0.01218540250749293,NA
Jordan Mason,RB,SF,1,2,22,0,0.052033876973349505,0.05629835022219015,0.06718941967487323,0.007212435752148811,0.006383233752403973,0.005657880195847634,0.006539104138283144,0,0.01199164169023597,NA
Brayden Willis,TE,SF,1,0,0,0,0,0,0,0.0019500163750084917,0.001958359126615515,0.0019411509738158346,0.0019602787152047906,0.21,0.007,NA
Ronnie Bell,WR,SF,2,0,3,0,0,0,0,0.013138663252189207,0.012481541842582027,0.011331777901040814,0.012516276134099155,0.21,0.007,NA
Evan Engram,TE,JAC,2,2,51,2,5.1865980072272415e-5,7.573875888308063e-5,8.281336019630606e-5,0.2459181829913259,0.26681082472475554,0.23525517869019286,0.20629745235809707,0,0.01130271433998902,NA
Jamal Agnew,WR,JAC,2,2,13,1,0.012444073126979035,0.0014418930920390067,0.008095102817857252,0.05863682565932311,0.05823114170485006,0.055787536235866006,0.0523188312398575,0,0.01216387352779771,NA
Calvin Ridley,WR,JAC,2,0,37,1,0.017414289220376227,0.003221935839921999,0.012098209310274222,0.19636083212677444,0.17546166344462227,0.1791534831153084,0.15840084073257385,0.21,0.007,NA
Christian Kirk,WR,JAC,2,2,44,1,0.0019219599430121827,0.002308249121788601,0.0025297565205773444,0.22052631408263093,0.22696360404517055,0.2527574881041827,0.239219308197771,0,0.01266797529092265,NA
D Ernest Johnson,RB,JAC,2,1,12,0,0.04024696099523415,0.05975545149976254,0.039819387966562356,0.005439911845317017,0.0057158922508884725,0.005186888729563475,0.005274622732012024,0,0.01276668495926379,NA
Jamycal Hasty,RB,JAC,1,2,0,0,0.005214252739496857,0.003937139161483749,0.006105953778270646,0.02537815052066337,0.0234358843267837,0.021045472636319933,0.023528584306767592,0,0.01149647515724598,NA
Travis Etienne,RB,JAC,2,2,178,0,0.688045021047883,0.6448010848294118,0.6871700608212705,0.1379863714392646,0.12946702866417026,0.14363175659973945,0.208782722505746,0,0.01576083132818326,NA
Luke Farrell,TE,JAC,2,2,5,0,0,0,0,0.018793219840479238,0.021105024365602184,0.01662814663685748,0.015519078685697317,0,0.01283127189834944,NA
Tim Jones,WR,JAC,2,1,5,0,0,0,0,0.022646878675798218,0.024537178462111987,0.021004520902654103,0.019974652467929024,0,0.01285280087804466,NA
Brenton Strange,TE,JAC,2,0,4,0,0,0,0,0.044452087615755836,0.04384670233220266,0.04621684778701833,0.04753500248828384,0.21,0.007,NA
Tank Bigsby,RB,JAC,2,0,24,2,0.0946961322624848,0.06566211976803031,0.07141732839505595,0.023861225202667383,0.024425055678842372,0.0233326805622973,0.023148904285264758,0.21,0.007,NA
Elijah Cooks,WR,JAC,2,0,0,0,0,0,0,0,0,0,0,0.21,0.007,NA
Kalif Raymond,WR,DET,2,2,22,0,0.011035427146056737,0.003126683387534359,0.0044672828997013815,0.07497003189851893,0.07351742956140825,0.07799806013874211,0.06894945238324109,0,0.01675482291358858,NA
Josh Reynolds,WR,DET,2,2,22,1,0,0,0,0.07692659739198551,0.07878088909050587,0.10138584896283785,0.08446294382211987,0,0.01209928658871206,NA
David Montgomery,RB,DET,2,2,100,2,0.36497622079647224,0.3830473148997726,0.45826921901625706,0.06735234089521856,0.0619345704189228,0.062433255382942074,0.05835059599533982,0,0.0111914109220876,NA
Craig Reynolds,RB,DET,2,1,46,1,0.18792786337760314,0.17992086526063278,0.0965798698180945,0.016756822677517415,0.019430774669901167,0.021629020060505554,0.015616304112546454,0,0.01222846046688336,NA
Amon Ra St Brown,WR,DET,2,2,58,1,3.8933119349278324e-4,4.161223527179707e-4,2.961539363618724e-4,0.26039602418521374,0.2598912751907202,0.28182516709016475,0.24948247602514625,0,0.01044155515218033,NA
Brock Wright,TE,DET,2,2,7,0,0,0,0,0.025883991844880605,0.0282522371433048,0.022840772173201407,0.02338687834321523,0,0.0125298661826164,NA
Jameson Williams,WR,DET,2,2,6,0,1.3903772559325026e-4,5.557885106334194e-4,2.4058814303969833e-4,0.06120082433809352,0.049902244426720026,0.04508229289064977,0.05235793197806147,0,0.01287432985773988,NA
James Mitchell,TE,DET,2,2,0,0,0,0,0,0.006087781177592687,0.006279808979178666,0.00647534824980517,0.006518777077345888,0,0.01268056904048292,NA
Jahmyr Gibbs,RB,DET,2,0,104,0,0.40089154461989956,0.42071316091933963,0.42079755220802584,0.13658959858679684,0.14903776851783407,0.122941277873812,0.11880604606434138,0.21,0.007,NA
Sam LaPorta,TE,DET,2,0,43,0,0,0,0,0.18373854008854115,0.18430936201684384,0.17169760944981263,0.2340214945025801,0.21,0.007,NA
Antoine Green,WR,DET,2,0,1,0,0,0,0,0.00805794872071902,0.006630927124400548,0.006068977793010572,0.00725639769386739,0.21,0.007,NA
Keenan Allen,WR,LAC,2,2,64,1,2.2192452699049685e-7,7.776953398277449e-8,1.727324257782551e-7,0.30142497672919644,0.32850782649864246,0.349440335337996,0.2913428750537282,0,0.01314161284421742,NA
Gerald Everett,TE,LAC,2,2,23,2,0.0059083637350336345,0.005510202424389678,0.005254716497740984,0.1099088045238748,0.12552389265599997,0.11182416172362487,0.14454349961313928,0,0.0116471780151125,NA
Austin Ekeler,RB,LAC,2,2,91,1,0.5985781751066697,0.5282876586217284,0.6352015861966994,0.17926777902523974,0.160496521353727,0.17548189948119083,0.1695634582912715,0,0.0145552084652511,NA
Jalen Guyton,WR,LAC,2,2,0,0,0.0027724237804427317,0.0025247078781000356,0.002939125947001698,0.06097113251108769,0.047262062815119917,0.06042534595929162,0.0588231756501272,0,0.01287432985773988,NA
Donald Parham,TE,LAC,2,2,13,0,0,0,0,0.08306528791194394,0.06857969690741574,0.06560928299879647,0.08227313832529876,0,0.01270209802017814,NA
Joshua Kelley,RB,LAC,2,2,77,0,0.18068432210274768,0.2610399151461795,0.19004372142464973,0.025067521856069298,0.02907415542009374,0.0210642823398762,0.021698605851656193,0,0.01113048250242728,NA
Simi Fehoko,WR,LAC,2,0,1,0,0,0,0,0.012239809532688033,0.010389953735160275,0.0098232563941995,0.020944223679544526,0,0.01285280087804466,NA
Isaiah Spiller,RB,LAC,1,1,15,0,0.04987768617988783,0.024576923843292305,0.033981270156413224,0.0125815079568984,0.01411569921048165,0.011744461496882823,0.012320761556557987,0,0.01246527924353075,NA
Stone Smartt,TE,LAC,2,1,2,0,0,0,0,0.01917007008929873,0.013829768014533195,0.01074161071026684,0.014522552044297338,0,0.01283127189834944,NA
Quentin Johnston,WR,LAC,2,0,15,0,0.021376151219951917,0.011668543944820047,0.00870411494896368,0.12372839398360462,0.12424869358739198,0.12232997791565432,0.11495811591195076,0.21,0.007,NA
Derius Davis,WR,LAC,2,0,15,2,0.01829913612835042,0.023429949901365512,0.021216965375432023,0.048282880484183555,0.05454878365141967,0.03492172086026667,0.04207502558983771,0.21,0.007,NA
Elijah Dotson,RB,LAC,1,0,6,0,0,0,0,0.0025013928092929823,0.0025912351862029787,0.0023989416092817686,0.002627335002305235,0.21,0.007,NA
Donovan Peoples Jones,WR,DET,1,2,8,1,1.6768462812163123e-9,3.611737758199828e-10,4.528182540074313e-9,0.08203949819492204,0.08203271286025979,0.07962236993451612,0.08079070200219503,0,0.01324925774269351,Q
Nick Vannett,TE,LAC,2,0,0,0,0,0,0,0.02179044258662178,0.020831710963811485,0.02419472317267209,0.024307233430285353,0,0.01283127189834944,NA
Cordarrelle Patterson,RB,ATL,2,2,17,0,0.0778594526953977,0.06794326187664596,0.05981732644957091,0.029593328543874222,0.032414219457395754,0.025999717763258448,0.02698781479013533,0,0.01103177283408614,NA
Keith Smith,RB,ATL,2,0,2,0,2.6711621319706284e-4,3.0376879049212146e-4,3.127936021645231e-4,0.017639234567987258,0.01866207166912034,0.015460537380807625,0.01634893063137118,0,0.01291738781713031,NA
MyCole Pruitt,TE,ATL,2,2,4,0,0,0,0,0.0300814130427099,0.029165906743372126,0.026280859600542633,0.027978816194497436,0,0.01257292414200684,NA
Jonnu Smith,TE,ATL,2,2,35,1,0.01634995005746552,0.0017186033914426552,0.005460986965866507,0.1212770599076622,0.13394045968563162,0.15664972552871745,0.18997696267563263,0,0.01398124305233089,NA
KhaDarel Hodge,WR,ATL,2,1,12,1,0.0012452144628686357,5.344071518943071e-4,9.312023963531935e-4,0.06190231996695464,0.062410290063319517,0.09096388728343587,0.05555567421688522,0,0.01263751108109249,NA
Scott Miller,WR,ATL,2,2,6,0,4.9773542511381e-9,6.443466432680558e-9,5.897336780033363e-9,0.026621838617634827,0.029733939931406703,0.03302007727383629,0.04996260943946017,0,0.0124006923044451,NA
Van Jefferson,WR,ATL,2,2,14,0,3.960756006830255e-4,3.976531663988321e-4,4.2119255713224884e-4,0.0845830261265629,0.07322666642258785,0.06600395986386318,0.06818315293976927,0,0.0124006923044451,NA
Kyle Pitts,TE,ATL,2,2,33,0,7.574470898681187e-4,3.757616551038967e-4,6.008496021626764e-4,0.18001669065598414,0.18250675054447416,0.18653730995832785,0.16895434407843962,0,0.01231457638566423,NA
Drake London,WR,ATL,2,2,37,0,0,0,0,0.22916936442977376,0.2364680042776801,0.23132240420092395,0.20897310443571196,0,0.01636730127907467,NA
Tyler Allgeier,RB,ATL,2,2,127,0,0.4322166104976707,0.3791934783874417,0.5315783034869958,0.054149523791347735,0.05548708802623257,0.03914106412803553,0.04480363161817623,0,0.00805183840601122,NA
John FitzPatrick,TE,ATL,1,0,0,0,0,0,0,0.0028743046339692,0.0028748002447576354,0.002859447735828499,0.0029247261443575852,0,0.01291738781713031,NA
Bijan Robinson,RB,ATL,2,0,131,2,0.37651835337639705,0.4303819351922085,0.33140514458204834,0.1217497574671205,0.10998051278580843,0.09378009229747228,0.10461359171143933,0.21,0.007,NA
Geoff Swaim,TE,ARI,2,2,3,0,0,0,-0,0.014480667755223546,0.015962559157089804,0.016773781875320984,0.017432233164869148,0,0.0126590400607877,Q
Zach Pascal,WR,ARI,2,1,4,0,0,0,5.823922018971488e-7,0.03722349952581187,0.025748833889909024,0.020635397302640385,0.03144656046236395,0,0.01257292414200684,NA
Marquise Brown,WR,ARI,2,2,43,0,0,0,7.359850975213531e-4,0.2730399893140473,0.26097823121623637,0.26353153548581065,0.27706471402064087,0,0.01312008386452221,NA
Greg Dortch,WR,ARI,2,2,1,0,0,0,0.005274614836961388,0.0322907640989958,0.03720252831448662,0.026934032419128128,0.03128613858432147,0,0.01331384468177916,NA
Rondale Moore,WR,ARI,2,2,41,0,0,0,0.4512855449474895,0.1222552806358274,0.11981134746770164,0.1028138336310101,0.11985747393990542,0,0.0119055257714551,NA
Trey McBride,TE,ARI,2,2,28,0,0,0,-0,0.1788490398213058,0.18397050603101398,0.2093213452164165,0.19111814861380347,0,0.01395971407263568,NA
Keaontay Ingram,RB,ARI,2,2,37,0,0.09709218042242475,0,0.2192379949772127,0.01805028537622893,0.021135127374674257,0.017077596587356126,0.01936865698931949,0,0.01224998944657858,NA
Michael Wilson,WR,ARI,2,0,25,0,0,0,0,0.1419227692458059,0.14489142426568805,0.1882052981625451,0.1397978672939871,0.21,0.007,Q
Elijah Higgins,TE,ARI,2,0,1,0,0,0,-0,0.012340433811266526,0.013286441460761555,0.010660757275763343,0.013306774496214802,0.21,0.007,NA
Blake Whiteheart,TE,ARI,1,0,0,0,0,0,-0,0,0,0,0,0.21,0.007,NA
Tony Jones,RB,ARI,2,0,5,0,0.14639864585490342,0.06477458804235214,0,0.051377341302779704,0.05726750616243383,0.03752894019214984,0.04128290570753447,0,0.01259445312170205,NA
Damiere Byrd,WR,ATL,2,0,0,0,0,0,0,0.04034213824841866,0.03312929014821323,0.03198091698495042,0.034736641124124036,0,0.01263751108109249,NA
Tucker Fisk,TE,ATL,2,0,0,0,0,0,0,0,0,0,0,0.21,0.007,NA
Corey Clement,RB,ARI,1,0,0,0,0.026579725379212795,0.023709239926082485,0,0.02073533467109819,0.021033847553540368,0.019025108489044165,0.023735796757862207,0,0.01248680822322597,NA
Andre Baccellia,WR,ARI,2,0,0,0,0,0,-0,0.019178770491757223,0.01949375600967853,0.01769917826212382,0.02130641165216427,0,0.01287432985773988,NA
James Conner,RB,ARI,2,2,76,0,0.6799294483434589,0.8615161720315653,0.2734652777486131,0.07825582394985188,0.07921789109678598,0.06979319510069087,0.07299631831701323,0,0.01298725146692557,Q
Logan Thomas,TE,WAS,2,2,34,1,7.88153867964205e-4,5.660758488684746e-4,8.195816285774278e-4,0.13308016133177067,0.136852623571897,0.1266883982254037,0.12551161966380953,0,0.01207775760901684,NA
Jamison Crowder,WR,WAS,2,2,13,1,0,0,0,0.06578177175793377,0.06870019757896309,0.06545375872043238,0.05970693647867861,0,0.01445488060562567,NA
Curtis Samuel,WR,WAS,2,2,39,0,0.008357987411569567,0.0035209108512418226,0.009263170502417204,0.13908379298987408,0.1437573191535867,0.13258393842564276,0.13238333179676243,0,0.01238809855488482,Q
Byron Pringle,WR,WAS,2,2,7,0,0,0,0,0.03984449017809305,0.04024247394844569,0.05094427587900286,0.035135036942693154,0,0.01270209802017814,NA
Terry McLaurin,WR,WAS,2,2,47,0,9.993261254277622e-6,1.5168098344478292e-5,1.5451720288259537e-5,0.22374061113907953,0.21345851642466254,0.23259913679845468,0.21256548857409374,0,0.01277562018939873,NA
Antonio Gibson,RB,WAS,2,2,51,3,0.1566421695860364,0.19565302841755153,0.11542188678306149,0.08586813239977416,0.0968960556460932,0.08626943086269774,0.07626517740796508,0,0.01038590344322962,NA
Dyami Brown,WR,WAS,2,2,9,0,0.015465645111842776,0.002977642312897585,0.008404045796819777,0.03843368270007271,0.03374907808757659,0.038441566286316085,0.03172239421567983,0,0.01278821393895901,NA
John Bates,TE,WAS,2,1,10,0,0,0,0,0.03205243293960388,0.03013739331967387,0.023844156269340493,0.026672131309345155,0,0.01428264876806394,NA
Jahan Dotson,WR,WAS,2,2,34,0,2.4901269051178752e-8,2.8787329705321636e-8,3.3088255963097574e-8,0.1603543107058166,0.15263560089172662,0.16380593128836685,0.22130703146091307,0,0.01212081556840727,NA
Brian Robinson,RB,WAS,2,2,127,2,0.5784447061577352,0.5303564034371973,0.6542676908244209,0.04717303418483301,0.04680150167174794,0.044163946073554054,0.043510249353999504,0,0.01164351949568717,NA
Cole Turner,TE,WAS,2,1,8,0,0,0,0,0.019922363721304154,0.021702595841351268,0.022365250226095444,0.021353604101317796,0,0.01287432985773988,NA
Curtis Hodges,TE,WAS,1,0,0,0,0,0,0,0,0,0,0,0.21,0.007,NA
Chris Rodriguez,RB,WAS,1,0,14,0,0.06425986727888228,0.07288936045016535,0.069253325768751,0.011800612868238535,0.011794929666051614,0.01181455580219881,0.012008079644257244,0.21,0.007,NA
Mitchell Tinsley,WR,WAS,1,0,0,0,0,0,0,0,0,0,0,0.21,0.007,NA
Nick Bellore,RB,SEA,1,1,0,0,0,0,0,0,0,0,0,0,0.01291738781713031,NA
Tyler Lockett,WR,SEA,2,2,38,0,0,1.5965877493500253e-12,1.8137144706865854e-12,0.21835824788841285,0.21354331937817433,0.20657477741475966,0.21391843714262498,0,0.0144422868560654,NA
Will Dissly,TE,SEA,2,2,6,0,0,0,0,0.02874762197736446,0.023838867603224654,0.023511922698083887,0.027059179411747025,0,0.01218540250749293,NA
Noah Fant,TE,SEA,2,2,14,0,0,0,0,0.06096395965777862,0.05749999120267931,0.07075880890953526,0.0653618175751563,0,0.01184093883236945,NA
D K Metcalf,WR,SEA,2,2,28,0,0,3.2240559585014788e-12,3.05737364525711e-12,0.21522869835817623,0.1872448196716442,0.2325186265135471,0.21660781613432264,0,0.0143131129778941,NA
Colby Parkinson,TE,SEA,2,2,12,0,0,0,0,0.05739041534481832,0.06228497493893649,0.056052704757488254,0.057725693222953664,0,0.01237916332474988,Q
DeeJay Dallas,RB,SEA,1,2,9,1,0.0017360259637507096,0.0014929702911012407,0.002430729312503215,0.02059603989310523,0.023017706362486613,0.016069475940781536,0.020277455184496272,0,0.01346454753964568,Q
Easop Winston,WR,SEA,1,0,0,0,0,0,0,0,0,0,0,0,0.01291738781713031,NA
D Wayne Eskridge,WR,SEA,1,1,1,0,0.014604376468363784,0.0014552448563208583,0.008015362558383353,0.019753191923690575,0.01889314388802796,0.016143488325242934,0.02001686734391342,0,0.01272362699987336,NA
Kenneth Walker,RB,SEA,2,2,141,0,0.5920764024796361,0.60090377275267,0.5587444004462596,0.0687453005219916,0.06768623299981444,0.0479842029456229,0.05970154065486172,0,0.00742749799484993,NA
Jaxon Smith Njigba,WR,SEA,2,0,29,0,0,0,0,0.1895670972891828,0.21209210136264464,0.20394180923148197,0.1966463762310881,0.21,0.007,NA
Zach Charbonnet,RB,SEA,2,0,41,0,0.24988254861001938,0.2926585621046026,0.2269205630830708,0.06243172120338194,0.06909368480051761,0.05448808576097008,0.0599829643146052,0.21,0.007,NA
Jake Bobo,WR,SEA,2,0,11,0,0.014555018375300863,0.008067834114039028,0.09611819393425967,0.04577900528903679,0.048489315021009505,0.054475052117864325,0.05401618192955548,0.21,0.007,NA
Brady Russell,TE,SEA,1,0,0,0,0,0,0,0,0,0,0,0.21,0.007,NA
Alex Armah,RB,WAS,2,0,1,0,0,0,0,0.0028646030836059055,0.0032717141982238356,0.0010256551424942205,0.0018589190504848005,0,0.01291738781713031,NA
Dareke Young,WR,SEA,0,2,0,0,0,0,0,0.0124387006530606,0.016315842770840264,0.017481045384622102,0.008685670854675236,0,0.01287432985773988,NA
Sterling Shepard,WR,NYG,2,2,4,1,0,0,0,0.049659439024433434,0.05018012892022616,0.04997656848797217,0.05136221783507983,0,0.01263751108109249,NA
Matt Breida,RB,NYG,2,2,57,1,0.11406057047215484,0.07196360657463269,0.09004571820183796,0.07052486154057985,0.076055643621019825,0.12055913287510843,0.07850804749578515,0,0.01132424331968424,NA
Saquon Barkley,RB,NYG,2,1,148,1,0.765526275878516,0.814564359646952,0.6737825973162392,0.1934178135338092,0.206427009612874,0.13717070075083782,0.15973156035961647,0,0.00700585363108053,NA
Parris Campbell,WR,NYG,2,2,18,0,0,0,0,0.08634550363290688,0.0923967145163505,0.09064577245397047,0.08387078763051256,0,0.01312008386452221,Q
Darius Slayton,WR,NYG,2,1,23,0,0,0,0,0.1757041460029139,0.1680146623929295,0.17038835804731753,0.14920220353564753,0,0.01526038808448365,NA
Isaiah Hodgins,WR,NYG,2,1,12,1,0,0,0,0.06515642171139949,0.0580387990947952,0.055491364085534546,0.0603026287650968,0,0.01378748223507394,NA
Wan Dale Robinson,WR,NYG,2,2,31,0,0.012864055562260154,0.022719718809514344,0.015959552458704045,0.16452086211324074,0.16542776941550263,0.1638701745876187,0.24353121318739698,0,0.01237916332474988,NA
Daniel Bellinger,TE,NYG,2,1,7,0,0,0,0,0.052050587328988415,0.05418365740890603,0.068297578918645,0.04327724065625603,0,0.01391665611324524,NA
Jashaun Corbin,RB,NYG,1,1,0,0,0,0,0,0,0,0,0,0,0.01291738781713031,Q
Jalin Hyatt,WR,NYG,2,0,11,1,0,0,0,0.11492958074882888,0.10041096426612593,0.11303788299928447,0.10073040046197677,0.21,0.007,NA
Brandin Cooks,WR,DAL,2,2,20,1,0.01512500083150164,0.02533197379899562,0.02528878930975491,0.12439560969473697,0.12220994603618784,0.1182597175586581,0.12848131674407678,0,0.0116471780151125,NA
Michael Gallup,WR,DAL,2,2,22,0,0,0,0,0.14918206161466518,0.1386300673099485,0.12727261813726515,0.1313105479258844,0,0.01207775760901684,NA
Tony Pollard,RB,DAL,2,2,149,2,0.5750230077113367,0.5845069596086258,0.5369621211315517,0.12470565342170856,0.12821157479602016,0.11060198343780951,0.10976981504742606,0,0.00792266452783992,NA
CeeDee Lamb,WR,DAL,2,2,61,2,0.010279206431006065,0.027422212031475296,0.021397081685173906,0.2794272479447957,0.28952136114207383,0.3327482979290714,0.2677115400626584,0,0.0103984971927899,NA
Rico Dowdle,RB,DAL,2,1,42,0,0.1329465681517827,0.1333390388492158,0.13474534148481954,0.021933604784439585,0.022555360919111936,0.017531032824739404,0.019222916247816572,0,0.01291738781713031,NA
Sean McKeon,TE,DAL,2,0,0,0,0,0,0,0.009977845523259454,0.006304936320467358,0.004870165261391141,0.007327576488468422,0,0.01289585883743509,NA
Jalen Tolbert,WR,DAL,2,1,10,1,0,0,0,0.04332997832304057,0.03990566232482112,0.04426640684587328,0.059262258026380396,0,0.01287432985773988,NA
Jake Ferguson,TE,DAL,2,2,32,0,0,0,0,0.13007513516717212,0.13688289260111866,0.13919796864085757,0.14312259310992434,0,0.01250833720292118,NA
KaVontae Turpin,WR,DAL,2,1,14,1,0.03285365258700653,0.008622899449126,0.01866611926686173,0.02616987828585138,0.026854200932107455,0.027630372131433715,0.05160485926134663,0,0.01783127189834944,Q
Luke Schoonmaker,TE,DAL,2,0,3,0,0,0,0,0.05143252003494209,0.05132386155287747,0.044332259242395616,0.0465882569512444,0.21,0.007,NA
Deuce Vaughn,RB,DAL,1,0,25,0,0.025001279900612596,0.02633205613865601,0.03290985814654984,0.02401597683341656,0.024618280679246235,0.02467522079484582,0.02438020765251509,0.21,0.007,NA
Jalen Brooks,WR,DAL,1,0,0,0,0,0,0,0.004659026650448861,0.004660479621353308,0.004614273223938284,0.004637801022087178,0.21,0.007,NA
Hunter Luepke,RB,DAL,2,0,5,0,0.0012004212019910664,0.0012436832766745602,0.0028059314713177984,0.010695461721523003,0.008321375764666095,0.003999683971721012,0.006580311460171282,0.21,0.007,NA
Gunner Olszewski,WR,NYG,1,0,0,1,0.0013422608346070266,0.0011290476386827696,0.001414324042249318,0.005526218987245472,0.005860465179712569,0.005005776992809516,0.005578071573930724,0,0.01597084441442582,NA
Lawrence Cager,TE,NYG,2,0,0,0,0,0,0,0.02216456537565378,0.02300418557155771,0.02555668980090133,0.023905628498701155,0,0.01268056904048292,NA
Randall Cobb,WR,NYJ,1,2,3,0,2.4330988651351265e-7,2.3413543420498214e-7,3.2461002404892e-7,0.06212485390350669,0.05125331557297186,0.04500924363914582,0.060552428793855965,0,0.01385206917415959,NA
C J Uzomah,TE,NYJ,2,1,7,0,0,0,0,0.05100131964935709,0.04651110096354661,0.04278630046881724,0.043776410943284945,0,0.01246527924353075,NA
Dalvin Cook,RB,NYJ,2,2,53,1,0.13138354526241208,0.12591482511720875,0.13719307125600438,0.04343956292804625,0.04388783495462955,0.034606527461198223,0.04140674203326152,0,0.01306077363614617,NA
Tyler Conklin,TE,NYJ,2,2,26,0,6.778582965875836e-6,4.367004828572909e-6,8.571648502830056e-6,0.12874574009832215,0.13514101173407853,0.15248538154155764,0.13325593686132176,0,0.01495898236875061,NA
Nick Bawden,RB,NYJ,2,0,2,0,8.362465457654619e-4,6.983130529418671e-4,0.001759296542708319,0.004440306356715381,0.005763691537589822,0.005354841703733239,0.0030936111810276083,0.21,0.007,NA
Allen Lazard,WR,NYJ,2,2,19,0,1.1937096885875828e-4,7.742344113458055e-5,1.511138754309346e-4,0.14725970434559452,0.136791351638277,0.1429361379337014,0.14492846833266634,0,0.01158259107602684,NA
Michael Carter,RB,NYJ,2,2,23,0,0.036035326065956975,0.026646153280846976,0.03832409574735419,0.07021194232973602,0.07576737899105511,0.05548322728445996,0.05950054820596828,0,0.01291372929770498,NA
Garrett Wilson,WR,NYJ,2,2,47,1,0.011263594944635889,0.02281952346848602,0.017139423959293305,0.3150066929799298,0.3073894163248727,0.3299121318284783,0.31087472019018775,0,0.01437769991697975,NA
Breece Hall,RB,NYJ,2,2,117,2,0.6611368150198969,0.5931842822576899,0.6071894398532428,0.12809559871359863,0.14630154305767132,0.13197573057555076,0.154155712411386,0,0.01245268549397047,NA
Jeremy Ruckert,TE,NYJ,2,2,5,0,0,0,0,0.022416844516197642,0.023095715253938522,0.02149019924643078,0.021135787617662327,0,0.01289585883743509,NA
Irvin Charles,WR,NYJ,2,0,0,0,0,0,0,0,0,0,0,0,0.01291738781713031,NA
Israel Abanikanda,RB,NYJ,1,0,0,0,0.0020441582229822446,0.0022246406290504063,0.0031778741403002565,0.011390652365999059,0.01182584348327195,0.012118373127366367,0.012974247131489213,0.21,0.007,NA
Jason Brownlee,WR,NYJ,1,0,0,0,0,0,0,0,0,0,0,0.21,0.007,NA
Xavier Gipson,WR,NYJ,2,0,7,3,0.02200659414441417,0.0386634110204095,0.035323916245033476,0.015866781812996777,0.016271796488097054,0.025841905189560307,0.01434538629788828,0.21,0.007,NA
Brandon Bolden,RB,LV,1,1,0,0,2.527324295445403e-4,3.198064529202633e-4,2.8636990114255394e-4,8.083752489662376e-4,8.087087428917577e-4,8.079765679903124e-4,8.968651533160372e-4,0,0.01235763434505466,NA
Davante Adams,WR,LV,2,2,51,0,3.1363398041247797e-6,3.5247661772195168e-6,3.371568138479302e-6,0.26993069758192406,0.24703278206184542,0.2309981956007389,0.25323781688821156,0,0.01236656957518961,NA
Ameer Abdullah,RB,LV,2,2,13,0,0.043732778476346636,0.05190824847868519,0.02791654545153731,0.04687343932387563,0.05515607969582219,0.049164485349617225,0.044385689125036897,0,0.01229304740596901,NA
DeAndre Carter,WR,LV,2,2,5,1,0.0022625593932114785,0.0017744418387962218,0.0020147638516212363,0.027285034436730287,0.028585767520677006,0.0292246608434701,0.026675812632373654,0,0.01688399679175989,NA
Austin Hooper,TE,LV,2,2,13,0,0,0,0,0.06305555994168406,0.07543959601235219,0.0720738842301016,0.06641299274045304,0,0.01203469964962641,NA
Jakob Johnson,RB,LV,2,2,1,0,0,0,0,0.006113862748380855,0.005986204321771285,0.00596002746759303,0.006474913462894987,0,0.01280974291865422,Q
Josh Jacobs,RB,LV,2,2,187,1,0.7799207227015512,0.8053381645598381,0.752266887621972,0.12128745728347709,0.11961205767484841,0.11385990664093525,0.12470734588670375,0,0.00945649879690995,NA
Hunter Renfrow,WR,LV,2,2,12,0,6.480607221905952e-7,7.694910274826424e-7,7.153786137027014e-7,0.09292143762101057,0.09366850639101175,0.09226373427389024,0.08632903993344199,0,0.01714234454810249,NA
Jakobi Meyers,WR,LV,2,2,42,0,0.015502164040767293,0.05963755383394848,0.09636630554058238,0.1976753563583579,0.18999974249499782,0.202303681139294,0.2120718624574699,0,0.01476522155149366,NA
Jesper Horsted,TE,LV,2,0,1,0,0,0,0,0.007413559060822103,0.008027518017691302,0.007224535320868744,0.007952159526158329,0,0.01291738781713031,NA
Kristian Wilkerson,WR,LV,1,0,0,0,0,0,0,0,0,0,0,0.21,0.007,NA
Zamir White,RB,LV,2,2,22,1,0.08352323251978223,0.017517806646841397,0.03745171998444287,0.015798496821704665,0.018470325598376143,0.017930316987932758,0.017530630146838994,0,0.01255139516231162,NA
Michael Mayer,TE,LV,2,0,13,0,0,0,0,0.09247836575703909,0.09860028741452498,0.09712392459942497,0.0940322126031014,0.21,0.007,NA
Tre Tucker,WR,LV,2,0,11,0,0.026765256241085025,0.031410581343820944,0.01977375196634988,0.054352764893830716,0.05493669604271269,0.07787827325010604,0.055221688059741175,0.21,0.007,NA
DJ Turner,WR,LV,2,0,0,0,5.95610438174728e-4,6.82725946268716e-4,6.533678246944768e-4,0.004005592922196692,0.0036757280104770663,0.003186397728036805,0.00407097138425831,0,0.01449793856501611,NA
Chris Manhertz,TE,DEN,2,1,1,0,0,0,0,0.012803390866516218,0.010492974720219136,0.009251963154746384,0.011075031009234232,0,0.01278821393895901,NA
Michael Burton,RB,DEN,2,1,5,0,0.022214818999826608,0.004327577372141031,0.017946162871368212,0.0014437840537415139,0.0014584360217880584,0.0013696549189422815,0.0014106409161099365,0,0.01276668495926379,NA
Dwayne Washington,RB,DEN,2,0,0,0,3.4317883530391295e-5,4.2174748791554545e-5,6.629389083814533e-5,6.16398280699428e-4,6.205100570614042e-4,6.212838221891055e-4,6.171231483286206e-4,0,0.0126590400607877,NA
Samaje Perine,RB,DEN,2,2,49,2,0.06631757981498695,0.05898898255237831,0.07819324163986548,0.13260927555725374,0.13790970166398844,0.14440223009185862,0.11680273023536401,0,0.01005403351766642,NA
Courtland Sutton,WR,DEN,2,2,33,2,3.024459552700321e-8,3.3569394886296446e-8,5.583067712233445e-8,0.21319341571483863,0.21632924746183022,0.25474681514613357,0.26822793083167173,0,0.01151800413694119,NA
Jerry Jeudy,WR,DEN,2,2,27,1,4.2526137752188373e-4,7.190628113733491e-4,9.680074420882572e-4,0.24693657907526625,0.22291577946606114,0.2760093557665193,0.2447466926230231,0,0.01138883025876989,NA
Adam Trautman,TE,DEN,2,2,11,0,0,0,0,0.06901614291476807,0.06452113348676138,0.05467556765536442,0.06166945475542921,0,0.0125298661826164,NA
Javonte Williams,RB,DEN,2,2,107,0,0.56898171152783,0.49723414597251775,0.5062395479889115,0.12881860734283826,0.14089690543291752,0.09874644640131568,0.1301704780324011,0,0.01322772876299829,NA
Marvin Mims,WR,DEN,2,0,15,1,0.011574800223992184,0.001103452016323293,0.006155023553366095,0.07268337352736295,0.07406855356508593,0.06546214760931879,0.06548367573309889,0.21,0.007,NA
Jaleel McLaughlin,RB,DEN,2,0,50,0,0.1766477225296304,0.2515858847649607,0.2257333100954989,0.08186141939489541,0.0910666877848039,0.06205937414016395,0.06414460400704035,0.21,0.007,NA
Nate Adkins,TE,DEN,2,0,4,0,0,0,0,0.02311452961671497,0.022711070597040497,0.015786059183844684,0.0188259282863169,0.21,0.007,NA
Latavius Murray,RB,BUF,2,2,53,0,0.1629135949909614,0.10747275962061402,0.11633940941524476,0.038482097731208614,0.04118874348932858,0.035619442190595645,0.033498650209941964,0,0.01032131650414397,NA
Stefon Diggs,WR,BUF,2,2,70,1,8.787175913014667e-6,7.60381836385446e-6,8.512502717276238e-6,0.30946716483579684,0.30365573642688715,0.3156729844594033,0.3627030661159952,0,0.0122373956970183,Q
Trent Sherfield,WR,BUF,2,1,7,0,0,0,0,0.04234966493815267,0.03898686236175405,0.03491521858662699,0.03436275220234201,0,0.01227151842627379,NA
Ty Johnson,RB,BUF,1,0,0,0,0.05709079247758787,0.032107761274232115,0.03916022212531766,0.03313696272846463,0.03399467887606042,0.03378090817297434,0.033697555213977264,0,0.01201317066993119,NA
Deonte Harty,WR,BUF,2,2,16,1,6.040829080204648e-4,3.6832085841005544e-4,5.165189879369084e-4,0.03619647508097341,0.03275575880052198,0.031935403546574315,0.033277566266157126,0,0.01454099652440654,NA
Gabriel Davis,WR,BUF,2,2,32,1,2.4364571753864928e-4,1.2587185545844096e-4,1.982523698298176e-4,0.1665655152142096,0.15124251917063333,0.1466440916166328,0.15810231187057594,0,0.01355066345842655,NA
Reggie Gilliam,RB,BUF,1,2,1,0,0,0,0,0.002420566787308115,0.002428996895092464,0.0023232149802772505,0.002345924370534565,0,0.01274515597956857,NA
Quintin Morris,TE,BUF,2,2,1,0,0,0,0,0.007311258381230487,0.008676313264552737,0.012805119875712841,0.020937425558794635,0,0.01441182264623524,NA
James Cook,RB,BUF,2,2,130,0,0.4387227508374028,0.4414137674320439,0.35368262782183035,0.07674663906512084,0.08260255474987044,0.07288696971298289,0.06804654407668778,0,0.01221586671732309,NA
Khalil Shakir,WR,BUF,2,2,18,0,0,0,0,0.08096423813171327,0.09015281660059711,0.11217453140365684,0.07284599090767238,0,0.01270209802017814,NA
Dalton Kincaid,TE,BUF,2,0,40,1,0,0,0,0.20635941710582148,0.21431501936470168,0.2012421154545629,0.18018221320732117,0.21,0.007,NA
Lil Jordan Humphrey,WR,DEN,2,0,0,0,0,0,0,0.01690308365510453,0.01700899974244239,0.016869102109603146,0.016825710421981922,0,0.01287432985773988,NA
Gardner Minshew,QB,IND,2,0,13,4,0.11050730574377111,0.07080169635861144,0.09885636794628376,0,0,0,0,1.5673603504928808,0,NA
Mac Jones,QB,NE,2,2,23,2,0.11246939829955696,0.04065061554150975,0.05899196891744,0,0,0,0,1.6128148959474262,0,NA
Bryce Young,QB,CAR,2,0,17,4,0.13320043660184894,0.20008524647802875,0.1431858278298563,0,0,0,0,0.21,0.007,NA
Tyson Bagent,QB,CHI,2,0,17,3,0.16819608197023597,0.21669885137895692,0.28142174641784373,0,0,0,0,0.21,0.007,NA
Jordan Love,QB,GB,2,2,29,4,0.13284166030639305,0.1586537134328915,0.1241244841421112,0,0,0,0,1.385542168674699,0,NA
Kenny Pickett,QB,PIT,2,2,26,1,0.09380781303500783,0.05116123024734253,0.07655132144261638,0,0,0,0,1.5673603504928808,0,NA
Derek Carr,QB,NO,2,0,12,3,0.07882751706273855,0.04137109446180374,0.05433105195768733,0,0,0,0,1.5673603504928808,0,NA
Joshua Dobbs,QB,MIN,2,0,7,3,0.31295443311855875,0.4285766019742687,0.6730469476108135,0,0,0,0,1.5673603504928808,0,NA
C J Stroud,QB,HOU,2,0,21,4,0.04388730953352009,0.12642209274228064,0.157693645735886,0.00110131915772088,0.00113727150033549,9.160574358926938e-4,0.00103037539019706,0.21,0.007,NA
Joe Burrow,QB,CIN,2,2,25,1,0.19493024010657456,0.1418478616594386,0.12132796305298714,0,0,0,0,1.6582694414019716,0,NA
Deshaun Watson,QB,CLE,2,0,3,0,0.12936358366802467,0.1885524622156461,0.1254061362135611,0,0,0,0,1.4309967141292443,0,NA
Lamar Jackson,QB,BAL,2,2,84,10,0.2481294807467876,0.22656031899247853,0.18568349821687696,0,0,0,0,1.6128148959474262,0,NA
Will Levis,QB,TEN,2,0,8,0,0.08276252100852426,0.04947945393059279,0.05788153051329279,0,0,0,0,0.21,0.007,NA
Baker Mayfield,QB,TB,2,2,35,3,0.14828762521147149,0.16049880084237464,0.13252580436949774,0,0,0,0,1.5219058050383354,0,NA
Brock Purdy,QB,SF,2,2,26,6,0.18955975077471415,0.2898036841487629,0.1414031069046505,0,0,0,0,1.385542168674699,0,NA
Trevor Lawrence,QB,JAC,2,2,42,6,0.13996544468446148,0.21879638792867895,0.17268138702993538,0,0,0,0,1.9309967141292443,0,NA
Jared Goff,QB,DET,2,2,18,2,0.03464057346403607,0.01222006430819553,0.01934932945033715,1.3352233616902636e-4,1.3323795421808253e-4,1.3508616421399448e-4,1.4024225899687611e-4,1.703723986856517,0,NA
Justin Herbert,QB,LAC,2,2,33,2,0.12250351982238904,0.14296202047059048,0.10265832672067346,0.00286670212027658,0.00327957133424173,0.00341683087251966,0.00332276001884674,1.7491785323110625,0,NA
Taylor Heinicke,QB,ATL,2,0,5,0,0.09438977502909791,0.11915112394490554,0.06947219446036902,0,0,0,0,1.703723986856517,0,NA
Kyler Murray,QB,ARI,0,2,0,0,0.05,0.05,0.05,0,0,0,0,1.7491785323110625,0,NA
Sam Howell,QB,WAS,2,2,29,3,0.17603145242344617,0.19402138179640385,0.1425548138874081,0,0,0,0,1.385542168674699,0,NA
Geno Smith,QB,SEA,2,2,23,3,0.127145628102929,0.09542161587644558,0.10777075066065218,0.00292001628116174,0.00328092532782314,0.00172150582572823,0.00267044339039581,1.7491785323110625,0,NA
Dak Prescott,QB,DAL,2,2,29,1,0.2075708631847627,0.1932011768472309,0.22722475750397053,0,0,0,0,1.5673603504928808,0,NA
Tommy DeVito,QB,NYG,2,0,4,0,0.1062068372524621,0.08962326733021814,0.21879780798096932,0,0,0,0,0.21,0.007,NA
Zach Wilson,QB,NYJ,2,0,25,8,0.13516732693222516,0.1897668265919692,0.1597328721221054,2.3122519534096887e-4,2.3647309674771125e-4,2.2908237420903987e-4,2.5646723897899764e-4,1.4309967141292443,0,NA
Aidan O Connell,QB,LV,2,0,0,0,0.04744115935901066,0.031406376641676,0.06326620091090508,0,0,0,0,0.21,0.007,NA
Russell Wilson,QB,DEN,2,2,31,5,0.15380375739808608,0.18599868619211912,0.1646983566873863,1.671365519395745e-4,1.6981550764925534e-4,1.7070434844532125e-4,1.6731752720582703e-4,1.6582694414019716,0,NA
Josh Allen,QB,BUF,2,2,44,3,0.34041634589257586,0.4185039151408776,0.4900944567771232,0,0,0,0,1.97645125958379,0,NA
