Contest ID,Entry ID,QB,RB1,RB2,WR1,WR2,WR3,TE,FLEX,DEF, ,Instructions,ID,First Name,Last Name,ID + Name,Position,Team,Opponent,Game,Time,Salary,FPPG,Injury Status,Starting
15277825,232560146, , , , , , , , , , ,1. The Contest ID column lists the contest you are editing; you may only edit one contest at a time, , , , , , , , , , , , , 
 , , , , , , , , , , , ,2. The Entry ID column lists all of your contest entries for this contest, , , , , , , , , , , , , 
 , , , , , , , , , , , ,3. Your current lineup is listed next to each entry (blank for reserved entries), , , , , , , , , , , , , 
 , , , , , , , , , , , ,4. You can change the lineup for an entry by entering the IDs of the players in the row next to that entry, , , , , , , , , , , , , 
 , , , , , , , , , , , ,"5. Use values from the ""ID"" or ""ID + Name"" column (you cannot use just the player's name)", , , , , , , , , , , , , 
 , , , , , , , , , , , ,6. For faster processing only include entries you are changing in the file you upload, , , , , , , , , , , , , 
 , , , , , , , , , , , ,"Note: For each entry, the salary cap is 200", , , , , , , , , , , , , 
 , , , , , , , , , , , , , , , , , , , , , , , , , 
 , , , , , , , , , , , , ,nfl.p.25812$nfl.g.13553524,Kirk,Cousins,nfl.p.25812$nfl.g.13553524 - Kirk Cousins,QB,ATL,TB,ATL@TB,8:15PM EST,21,10.1, , 
 , , , , , , , , , , , , ,nfl.p.30278$nfl.g.13553524,Jamal,Agnew,nfl.p.30278$nfl.g.13553524 - Jamal Agnew,WR,ATL,TB,ATL@TB,8:15PM EST,10,0,O, 
 , , , , , , , , , , , , ,nfl.p.31769$nfl.g.13553524,KhaDarel,Hodge,nfl.p.31769$nfl.g.13553524 - KhaDarel Hodge,WR,ATL,TB,ATL@TB,8:15PM EST,10,0.6, , 
 , , , , , , , , , , , , ,nfl.p.31998$nfl.g.13553524,Easton,Stick,nfl.p.31998$nfl.g.13553524 - Easton Stick,QB,ATL,TB,ATL@TB,8:15PM EST,20,0, , 
 , , , , , , , , , , , , ,nfl.p.32418$nfl.g.13553524,David,Sills V,nfl.p.32418$nfl.g.13553524 - David Sills V,WR,ATL,TB,ATL@TB,8:15PM EST,10,3.7, , 
 , , , , , , , , , , , , ,nfl.p.32843$nfl.g.13553524,Darnell,Mooney,nfl.p.32843$nfl.g.13553524 - Darnell Mooney,WR,ATL,TB,ATL@TB,8:15PM EST,17,4.6, , 
 , , , , , , , , , , , , ,nfl.p.32860$nfl.g.13553524,Charlie,Woerner,nfl.p.32860$nfl.g.13553524 - Charlie Woerner,TE,ATL,TB,ATL@TB,8:15PM EST,10,1.6, , 
 , , , , , , , , , , , , ,nfl.p.33392$nfl.g.13553524,Kyle,Pitts Sr.,nfl.p.33392$nfl.g.13553524 - Kyle Pitts Sr.,TE,ATL,TB,ATL@TB,8:15PM EST,16,10, , 
 , , , , , , , , , , , , ,nfl.p.33729$nfl.g.13553524,Feleipe,Franks,nfl.p.33729$nfl.g.13553524 - Feleipe Franks,TE,ATL,TB,ATL@TB,8:15PM EST,10,0, , 
 , , , , , , , , , , , , ,nfl.p.33963$nfl.g.13553524,Drake,London,nfl.p.33963$nfl.g.13553524 - Drake London,WR,ATL,TB,ATL@TB,8:15PM EST,38,16.3,O, 
 , , , , , , , , , , , , ,nfl.p.34107$nfl.g.13553524,Tyler,Allgeier,nfl.p.34107$nfl.g.13553524 - Tyler Allgeier,RB,ATL,TB,ATL@TB,8:15PM EST,18,7.4, , 
 , , , , , , , , , , , , ,nfl.p.34126$nfl.g.13553524,Teagan,Quitoriano,nfl.p.34126$nfl.g.13553524 - Teagan Quitoriano,TE,ATL,TB,ATL@TB,8:15PM EST,10,0, , 
 , , , , , , , , , , , , ,nfl.p.40055$nfl.g.13553524,Bijan,Robinson,nfl.p.40055$nfl.g.13553524 - Bijan Robinson,RB,ATL,TB,ATL@TB,8:15PM EST,40,18.7, , 
 , , , , , , , , , , , , ,nfl.p.41074$nfl.g.13553524,Casey,Washington,nfl.p.41074$nfl.g.13553524 - Casey Washington,WR,ATL,TB,ATL@TB,8:15PM EST,10,2.5,O, 
 , , , , , , , , , , , , ,nfl.p.42196$nfl.g.13553524,Nathan,Carter,nfl.p.42196$nfl.g.13553524 - Nathan Carter,RB,ATL,TB,ATL@TB,8:15PM EST,10,2, , 
 , , , , , , , , , , , , ,nfl.p.27560$nfl.g.13553524,Teddy,Bridgewater,nfl.p.27560$nfl.g.13553524 - Teddy Bridgewater,QB,TB,ATL,ATL@TB,8:15PM EST,20,1, , 
 , , , , , , , , , , , , ,nfl.p.29274$nfl.g.13553524,Sterling,Shepard,nfl.p.29274$nfl.g.13553524 - Sterling Shepard,WR,TB,ATL,ATL@TB,8:15PM EST,10,4.8, , 
 , , , , , , , , , , , , ,nfl.p.30197$nfl.g.13553524,Chris,Godwin Jr.,nfl.p.30197$nfl.g.13553524 - Chris Godwin Jr.,WR,TB,ATL,ATL@TB,8:15PM EST,20,6.6, , 
 , , , , , , , , , , , , ,nfl.p.30971$nfl.g.13553524,Baker,Mayfield,nfl.p.30971$nfl.g.13553524 - Baker Mayfield,QB,TB,ATL,ATL@TB,8:15PM EST,32,16.8, , 
 , , , , , , , , , , , , ,nfl.p.34047$nfl.g.13553524,Rachaad,White,nfl.p.34047$nfl.g.13553524 - Rachaad White,RB,TB,ATL,ATL@TB,8:15PM EST,15,7.7, , 
 , , , , , , , , , , , , ,nfl.p.34062$nfl.g.13553524,Cade,Otton,nfl.p.34062$nfl.g.13553524 - Cade Otton,TE,TB,ATL,ATL@TB,8:15PM EST,11,5.5,O, 
 , , , , , , , , , , , , ,nfl.p.40193$nfl.g.13553524,Payne,Durham,nfl.p.40193$nfl.g.13553524 - Payne Durham,TE,TB,ATL,ATL@TB,8:15PM EST,10,0.3, , 
 , , , , , , , , , , , , ,nfl.p.40676$nfl.g.13553524,Ryan,Miller,nfl.p.40676$nfl.g.13553524 - Ryan Miller,WR,NYG,TB,ATL@TB,8:15PM EST,10,1.2, , 
 , , , , , , , , , , , , ,nfl.p.40742$nfl.g.13553524,Sean,Tucker,nfl.p.40742$nfl.g.13553524 - Sean Tucker,RB,TB,ATL,ATL@TB,8:15PM EST,15,5.8, , 
 , , , , , , , , , , , , ,nfl.p.40993$nfl.g.13553524,Bucky,Irving,nfl.p.40993$nfl.g.13553524 - Bucky Irving,RB,TB,ATL,ATL@TB,8:15PM EST,34,14.3, , 
 , , , , , , , , , , , , ,nfl.p.41120$nfl.g.13553524,Devin,Culp,nfl.p.41120$nfl.g.13553524 - Devin Culp,TE,TB,ATL,ATL@TB,8:15PM EST,10,3.6, , 
 , , , , , , , , , , , , ,nfl.p.41300$nfl.g.13553524,Kameron,Johnson,nfl.p.41300$nfl.g.13553524 - Kameron Johnson,WR,TB,ATL,ATL@TB,8:15PM EST,10,1.1, , 
 , , , , , , , , , , , , ,nfl.p.41804$nfl.g.13553524,Emeka,Egbuka,nfl.p.41804$nfl.g.13553524 - Emeka Egbuka,WR,TB,ATL,ATL@TB,8:15PM EST,23,11.1, , 
 , , , , , , , , , , , , ,nfl.p.42030$nfl.g.13553524,Tez,Johnson,nfl.p.42030$nfl.g.13553524 - Tez Johnson,WR,TB,ATL,ATL@TB,8:15PM EST,10,5.6, , 
 , , , , , , , , , , , , ,nfl.p.42086$nfl.g.13553524,Josh,Williams,nfl.p.42086$nfl.g.13553524 - Josh Williams,RB,TB,ATL,ATL@TB,8:15PM EST,10,0.6,SUSP, 
 , , , , , , , , , , , , ,nfl.t.1$nfl.g.13553524,Atlanta,Falcons,nfl.t.1$nfl.g.13553524 - Atlanta Falcons,DEF,ATL,TB,ATL@TB,8:15PM EST,11,6.4, , 
 , , , , , , , , , , , , ,nfl.t.27$nfl.g.13553524,Tampa Bay,Buccaneers,nfl.t.27$nfl.g.13553524 - Tampa Bay Buccaneers,DEF,TB,ATL,ATL@TB,8:15PM EST,11,6.1, , 
 , , , , , , , , , , , , ,nfl.p.40737$nfl.g.13553524,Dylan,Drummond,nfl.p.40737$nfl.g.13553524 - Dylan Drummond,WR,ATL,TB,ATL@TB,8:15PM EST,10,1.9, , 
 , , , , , , , , , , , , ,nfl.p.42084$nfl.g.13553524,Connor,Bazelak,nfl.p.42084$nfl.g.13553524 - Connor Bazelak,QB,TB,ATL,ATL@TB,8:15PM EST,20,0,O, 
 , , , , , , , , , , , , ,nfl.p.27535$nfl.g.13553524,Mike,Evans,nfl.p.27535$nfl.g.13553524 - Mike Evans,WR,TB,ATL,ATL@TB,8:15PM EST,25,8.6, , 
 , , , , , , , , , , , , ,nfl.p.40954$nfl.g.13553524,Jalen,McMillan,nfl.p.40954$nfl.g.13553524 - Jalen McMillan,WR,TB,ATL,ATL@TB,8:15PM EST,16,4.8, , 
 , , , , , , , , , , , , ,nfl.p.34520$nfl.g.13553524,Deven,Thompkins,nfl.p.34520$nfl.g.13553524 - Deven Thompkins,WR,ATL,TB,ATL@TB,8:15PM EST,10,1.2, , 
 , , , , , , , , , , , , ,nfl.p.8937$nfl.g.13553525,Josh,Johnson,nfl.p.8937$nfl.g.13553525 - Josh Johnson,QB,WAS,NYG,WAS@NYG,1:00PM EST,20,0.2, , 
 , , , , , , , , , , , , ,nfl.p.26658$nfl.g.13553525,Zach,Ertz,nfl.p.26658$nfl.g.13553525 - Zach Ertz,TE,WAS,NYG,WAS@NYG,1:00PM EST,10,7.8,IR, 
 , , , , , , , , , , , , ,nfl.p.28390$nfl.g.13553525,Marcus,Mariota,nfl.p.28390$nfl.g.13553525 - Marcus Mariota,QB,WAS,NYG,WAS@NYG,1:00PM EST,26,12.7, , 
 , , , , , , , , , , , , ,nfl.p.30275$nfl.g.13553525,Jeremy,McNichols,nfl.p.30275$nfl.g.13553525 - Jeremy McNichols,RB,WAS,NYG,WAS@NYG,1:00PM EST,10,4.3, , 
 , , , , , , , , , , , , ,nfl.p.31868$nfl.g.13553525,Deebo,Samuel,nfl.p.31868$nfl.g.13553525 - Deebo Samuel,WR,WAS,NYG,WAS@NYG,1:00PM EST,22,10.7,Q, 
 , , , , , , , , , , , , ,nfl.p.31908$nfl.g.13553525,Terry,McLaurin,nfl.p.31908$nfl.g.13553525 - Terry McLaurin,WR,WAS,NYG,WAS@NYG,1:00PM EST,25,9.6, , 
 , , , , , , , , , , , , ,nfl.p.33512$nfl.g.13553525,John,Bates,nfl.p.33512$nfl.g.13553525 - John Bates,TE,WAS,NYG,WAS@NYG,1:00PM EST,10,1.6, , 
 , , , , , , , , , , , , ,nfl.p.33973$nfl.g.13553525,Treylon,Burks,nfl.p.33973$nfl.g.13553525 - Treylon Burks,WR,WAS,NYG,WAS@NYG,1:00PM EST,10,4, , 
 , , , , , , , , , , , , ,nfl.p.40231$nfl.g.13553525,Chris,Rodriguez Jr.,nfl.p.40231$nfl.g.13553525 - Chris Rodriguez Jr.,RB,WAS,NYG,WAS@NYG,1:00PM EST,16,6.2,Q, 
 , , , , , , , , , , , , ,nfl.p.40896$nfl.g.13553525,Jayden,Daniels,nfl.p.40896$nfl.g.13553525 - Jayden Daniels,QB,WAS,NYG,WAS@NYG,1:00PM EST,28,16.8,O, 
 , , , , , , , , , , , , ,nfl.p.40931$nfl.g.13553525,Ben,Sinnott,nfl.p.40931$nfl.g.13553525 - Ben Sinnott,TE,WAS,NYG,WAS@NYG,1:00PM EST,10,3, , 
 , , , , , , , , , , , , ,nfl.p.41233$nfl.g.13553525,Colson,Yankoff,nfl.p.41233$nfl.g.13553525 - Colson Yankoff,TE,WAS,NYG,WAS@NYG,1:00PM EST,10,0.3, , 
 , , , , , , , , , , , , ,nfl.p.41920$nfl.g.13553525,Jaylin,Lane,nfl.p.41920$nfl.g.13553525 - Jaylin Lane,WR,WAS,NYG,WAS@NYG,1:00PM EST,10,2.9, , 
 , , , , , , , , , , , , ,nfl.p.42010$nfl.g.13553525,Jacory,Croskey-Merritt,nfl.p.42010$nfl.g.13553525 - Jacory Croskey-Merritt,RB,WAS,NYG,WAS@NYG,1:00PM EST,14,6.6, , 
 , , , , , , , , , , , , ,nfl.p.25785$nfl.g.13553525,Russell,Wilson,nfl.p.25785$nfl.g.13553525 - Russell Wilson,QB,NYG,WAS,WAS@NYG,1:00PM EST,20,8.8, , 
 , , , , , , , , , , , , ,nfl.p.28365$nfl.g.13553525,Chris,Manhertz,nfl.p.28365$nfl.g.13553525 - Chris Manhertz,TE,NYG,WAS,WAS@NYG,1:00PM EST,10,0.6, , 
 , , , , , , , , , , , , ,nfl.p.28389$nfl.g.13553525,Jameis,Winston,nfl.p.28389$nfl.g.13553525 - Jameis Winston,QB,NYG,WAS,WAS@NYG,1:00PM EST,20,22.4, , 
 , , , , , , , , , , , , ,nfl.p.31906$nfl.g.13553525,Devin,Singletary,nfl.p.31906$nfl.g.13553525 - Devin Singletary,RB,NYG,WAS,WAS@NYG,1:00PM EST,20,5.2, , 
 , , , , , , , , , , , , ,nfl.p.32003$nfl.g.13553525,Darius,Slayton,nfl.p.32003$nfl.g.13553525 - Darius Slayton,WR,NYG,WAS,WAS@NYG,1:00PM EST,19,6, , 
 , , , , , , , , , , , , ,nfl.p.32612$nfl.g.13553525,Gunner,Olszewski,nfl.p.32612$nfl.g.13553525 - Gunner Olszewski,WR,NYG,WAS,WAS@NYG,1:00PM EST,10,1.1,Q, 
 , , , , , , , , , , , , ,nfl.p.32877$nfl.g.13553525,Isaiah,Hodgins,nfl.p.32877$nfl.g.13553525 - Isaiah Hodgins,WR,NYG,WAS,WAS@NYG,1:00PM EST,12,6.8, , 
 , , , , , , , , , , , , ,nfl.p.33998$nfl.g.13553525,Wan'Dale,Robinson,nfl.p.33998$nfl.g.13553525 - Wan'Dale Robinson,WR,NYG,WAS,WAS@NYG,1:00PM EST,26,10.6, , 
 , , , , , , , , , , , , ,nfl.p.34068$nfl.g.13553525,Daniel,Bellinger,nfl.p.34068$nfl.g.13553525 - Daniel Bellinger,TE,NYG,WAS,WAS@NYG,1:00PM EST,10,3.6, , 
 , , , , , , , , , , , , ,nfl.p.40128$nfl.g.13553525,Jalin,Hyatt,nfl.p.40128$nfl.g.13553525 - Jalin Hyatt,WR,NYG,WAS,WAS@NYG,1:00PM EST,10,1.2, , 
 , , , , , , , , , , , , ,nfl.p.40198$nfl.g.13553525,Eric,Gray,nfl.p.40198$nfl.g.13553525 - Eric Gray,RB,NYG,WAS,WAS@NYG,1:00PM EST,10,0, , 
 , , , , , , , , , , , , ,nfl.p.41003$nfl.g.13553525,Theo,Johnson,nfl.p.41003$nfl.g.13553525 - Theo Johnson,TE,NYG,WAS,WAS@NYG,1:00PM EST,15,7.4, , 
 , , , , , , , , , , , , ,nfl.p.41048$nfl.g.13553525,Tyrone,Tracy Jr.,nfl.p.41048$nfl.g.13553525 - Tyrone Tracy Jr.,RB,NYG,WAS,WAS@NYG,1:00PM EST,23,7.3, , 
 , , , , , , , , , , , , ,nfl.p.41810$nfl.g.13553525,Jaxson,Dart,nfl.p.41810$nfl.g.13553525 - Jaxson Dart,QB,NYG,WAS,WAS@NYG,1:00PM EST,32,17.7, , 
 , , , , , , , , , , , , ,nfl.t.28$nfl.g.13553525,Washington,Commanders,nfl.t.28$nfl.g.13553525 - Washington Commanders,DEF,WAS,NYG,WAS@NYG,1:00PM EST,10,4.1, , 
 , , , , , , , , , , , , ,nfl.t.19$nfl.g.13553525,New York,Giants,nfl.t.19$nfl.g.13553525 - New York Giants,DEF,NYG,WAS,WAS@NYG,1:00PM EST,10,2.6, , 
 , , , , , , , , , , , , ,nfl.p.30352$nfl.g.13553525,Noah,Brown,nfl.p.30352$nfl.g.13553525 - Noah Brown,WR,WAS,NYG,WAS@NYG,1:00PM EST,10,2.5, , 
 , , , , , , , , , , , , ,nfl.p.26662$nfl.g.13553526,Geno,Smith,nfl.p.26662$nfl.g.13553526 - Geno Smith,QB,LV,PHI,LV@PHI,1:00PM EST,22,12.8,O, 
 , , , , , , , , , , , , ,nfl.p.28457$nfl.g.13553526,Tyler,Lockett,nfl.p.28457$nfl.g.13553526 - Tyler Lockett,WR,LV,PHI,LV@PHI,1:00PM EST,10,3, , 
 , , , , , , , , , , , , ,nfl.p.28654$nfl.g.13553526,Raheem,Mostert,nfl.p.28654$nfl.g.13553526 - Raheem Mostert,RB,LV,PHI,LV@PHI,1:00PM EST,10,2.1, , 
 , , , , , , , , , , , , ,nfl.p.31071$nfl.g.13553526,Ian,Thomas,nfl.p.31071$nfl.g.13553526 - Ian Thomas,TE,LV,PHI,LV@PHI,1:00PM EST,10,2.2,Q, 
 , , , , , , , , , , , , ,nfl.p.32124$nfl.g.13553526,Alex,Bachman,nfl.p.32124$nfl.g.13553526 - Alex Bachman,WR,LV,PHI,LV@PHI,1:00PM EST,10,0.2,O, 
 , , , , , , , , , , , , ,nfl.p.33975$nfl.g.13553526,Kenny,Pickett,nfl.p.33975$nfl.g.13553526 - Kenny Pickett,QB,LV,PHI,LV@PHI,1:00PM EST,20,2.3, , 
 , , , , , , , , , , , , ,nfl.p.34078$nfl.g.13553526,Zamir,White,nfl.p.34078$nfl.g.13553526 - Zamir White,RB,LV,PHI,LV@PHI,1:00PM EST,10,2, , 
 , , , , , , , , , , , , ,nfl.p.40065$nfl.g.13553526,Michael,Mayer,nfl.p.40065$nfl.g.13553526 - Michael Mayer,TE,LV,PHI,LV@PHI,1:00PM EST,10,3.9, , 
 , , , , , , , , , , , , ,nfl.p.40114$nfl.g.13553526,Tre,Tucker,nfl.p.40114$nfl.g.13553526 - Tre Tucker,WR,LV,PHI,LV@PHI,1:00PM EST,14,8.8, , 
 , , , , , , , , , , , , ,nfl.p.40138$nfl.g.13553526,Aidan,O'Connell,nfl.p.40138$nfl.g.13553526 - Aidan O'Connell,QB,LV,PHI,LV@PHI,1:00PM EST,20,10.8, , 
 , , , , , , , , , , , , ,nfl.p.40878$nfl.g.13553526,Brock,Bowers,nfl.p.40878$nfl.g.13553526 - Brock Bowers,TE,LV,PHI,LV@PHI,1:00PM EST,27,12.7, , 
 , , , , , , , , , , , , ,nfl.p.41054$nfl.g.13553526,Dylan,Laube,nfl.p.41054$nfl.g.13553526 - Dylan Laube,RB,LV,PHI,LV@PHI,1:00PM EST,10,0.3, , 
 , , , , , , , , , , , , ,nfl.p.41791$nfl.g.13553526,Ashton,Jeanty,nfl.p.41791$nfl.g.13553526 - Ashton Jeanty,RB,LV,PHI,LV@PHI,1:00PM EST,28,12.4, , 
 , , , , , , , , , , , , ,nfl.p.41843$nfl.g.13553526,Jack,Bech,nfl.p.41843$nfl.g.13553526 - Jack Bech,WR,LV,PHI,LV@PHI,1:00PM EST,10,2, , 
 , , , , , , , , , , , , ,nfl.p.41892$nfl.g.13553526,Dont'e,Thornton Jr.,nfl.p.41892$nfl.g.13553526 - Dont'e Thornton Jr.,WR,LV,PHI,LV@PHI,1:00PM EST,10,1.8, , 
 , , , , , , , , , , , , ,nfl.p.42433$nfl.g.13553526,Carter,Runyon,nfl.p.42433$nfl.g.13553526 - Carter Runyon,TE,LV,PHI,LV@PHI,1:00PM EST,10,0.3, , 
 , , , , , , , , , , , , ,nfl.p.30972$nfl.g.13553526,Saquon,Barkley,nfl.p.30972$nfl.g.13553526 - Saquon Barkley,RB,PHI,LV,LV@PHI,1:00PM EST,29,13, , 
 , , , , , , , , , , , , ,nfl.p.31019$nfl.g.13553526,Dallas,Goedert,nfl.p.31019$nfl.g.13553526 - Dallas Goedert,TE,PHI,LV,LV@PHI,1:00PM EST,15,9.5, , 
 , , , , , , , , , , , , ,nfl.p.31883$nfl.g.13553526,A.J.,Brown,nfl.p.31883$nfl.g.13553526 - A.J. Brown,WR,PHI,LV,LV@PHI,1:00PM EST,31,12.2, , 
 , , , , , , , , , , , , ,nfl.p.32723$nfl.g.13553526,Jalen,Hurts,nfl.p.32723$nfl.g.13553526 - Jalen Hurts,QB,PHI,LV,LV@PHI,1:00PM EST,40,19.5, , 
 , , , , , , , , , , , , ,nfl.p.32732$nfl.g.13553526,A.J.,Dillon,nfl.p.32732$nfl.g.13553526 - A.J. Dillon,RB,PHI,LV,LV@PHI,1:00PM EST,10,1.4, , 
 , , , , , , , , , , , , ,nfl.p.33398$nfl.g.13553526,DeVonta,Smith,nfl.p.33398$nfl.g.13553526 - DeVonta Smith,WR,PHI,LV,LV@PHI,1:00PM EST,27,10.3, , 
 , , , , , , , , , , , , ,nfl.p.33515$nfl.g.13553526,Kylen,Granson,nfl.p.33515$nfl.g.13553526 - Kylen Granson,TE,PHI,LV,LV@PHI,1:00PM EST,10,0.3, , 
 , , , , , , , , , , , , ,nfl.p.33971$nfl.g.13553526,Jahan,Dotson,nfl.p.33971$nfl.g.13553526 - Jahan Dotson,WR,PHI,LV,LV@PHI,1:00PM EST,10,2.7, , 
 , , , , , , , , , , , , ,nfl.p.34100$nfl.g.13553526,Sam,Howell,nfl.p.34100$nfl.g.13553526 - Sam Howell,QB,PHI,LV,LV@PHI,1:00PM EST,20,0.2, , 
 , , , , , , , , , , , , ,nfl.p.34154$nfl.g.13553526,Grant,Calcaterra,nfl.p.34154$nfl.g.13553526 - Grant Calcaterra,TE,PHI,LV,LV@PHI,1:00PM EST,10,1.2, , 
 , , , , , , , , , , , , ,nfl.p.40095$nfl.g.13553526,Tank,Bigsby,nfl.p.40095$nfl.g.13553526 - Tank Bigsby,RB,PHI,LV,LV@PHI,1:00PM EST,10,1.7, , 
 , , , , , , , , , , , , ,nfl.p.40101$nfl.g.13553526,Cameron,Latu,nfl.p.40101$nfl.g.13553526 - Cameron Latu,TE,PHI,LV,LV@PHI,1:00PM EST,10,0, , 
 , , , , , , , , , , , , ,nfl.p.40220$nfl.g.13553526,Tanner,McKee,nfl.p.40220$nfl.g.13553526 - Tanner McKee,QB,PHI,LV,LV@PHI,1:00PM EST,20,-0.2, , 
 , , , , , , , , , , , , ,nfl.p.40548$nfl.g.13553526,Xavier,Gipson,nfl.p.40548$nfl.g.13553526 - Xavier Gipson,WR,PHI,LV,LV@PHI,1:00PM EST,10,-1.2, , 
 , , , , , , , , , , , , ,nfl.p.41002$nfl.g.13553526,Will,Shipley,nfl.p.41002$nfl.g.13553526 - Will Shipley,RB,PHI,LV,LV@PHI,1:00PM EST,10,1.2, , 
 , , , , , , , , , , , , ,nfl.p.42464$nfl.g.13553526,Darius,Cooper,nfl.p.42464$nfl.g.13553526 - Darius Cooper,WR,PHI,LV,LV@PHI,1:00PM EST,10,1.4, , 
 , , , , , , , , , , , , ,nfl.t.13$nfl.g.13553526,Las Vegas,Raiders,nfl.t.13$nfl.g.13553526 - Las Vegas Raiders,DEF,LV,PHI,LV@PHI,1:00PM EST,10,4.2, , 
 , , , , , , , , , , , , ,nfl.t.21$nfl.g.13553526,Philadelphia,Eagles,nfl.t.21$nfl.g.13553526 - Philadelphia Eagles,DEF,PHI,LV,LV@PHI,1:00PM EST,17,7.5, , 
 , , , , , , , , , , , , ,nfl.p.34378$nfl.g.13553526,Britain,Covey,nfl.p.34378$nfl.g.13553526 - Britain Covey,WR,PHI,LV,LV@PHI,1:00PM EST,10,0, , 
 , , , , , , , , , , , , ,nfl.p.33813$nfl.g.13553526,DJ,Turner,nfl.p.33813$nfl.g.13553526 - DJ Turner,WR,LV,PHI,LV@PHI,1:00PM EST,10,3, , 
 , , , , , , , , , , , , ,nfl.p.40491$nfl.g.13553526,Shedrick,Jackson,nfl.p.40491$nfl.g.13553526 - Shedrick Jackson,WR,LV,PHI,LV@PHI,1:00PM EST,11,9, , 
 , , , , , , , , , , , , ,nfl.p.30125$nfl.g.13553527,Deshaun,Watson,nfl.p.30125$nfl.g.13553527 - Deshaun Watson,QB,CLE,CHI,CLE@CHI,1:00PM EST,20,11.4,PUP, 
 , , , , , , , , , , , , ,nfl.p.30142$nfl.g.13553527,David,Njoku,nfl.p.30142$nfl.g.13553527 - David Njoku,TE,CLE,CHI,CLE@CHI,1:00PM EST,10,6.3,O, 
 , , , , , , , , , , , , ,nfl.p.32685$nfl.g.13553527,Jerry,Jeudy,nfl.p.32685$nfl.g.13553527 - Jerry Jeudy,WR,CLE,CHI,CLE@CHI,1:00PM EST,18,6.1, , 
 , , , , , , , , , , , , ,nfl.p.34112$nfl.g.13553527,Jerome,Ford,nfl.p.34112$nfl.g.13553527 - Jerome Ford,RB,CLE,CHI,CLE@CHI,1:00PM EST,10,2.4,IR, 
 , , , , , , , , , , , , ,nfl.p.40093$nfl.g.13553527,Cedric,Tillman,nfl.p.40093$nfl.g.13553527 - Cedric Tillman,WR,CLE,CHI,CLE@CHI,1:00PM EST,12,4.5,Q, 
 , , , , , , , , , , , , ,nfl.p.40433$nfl.g.13553527,Blake,Whiteheart,nfl.p.40433$nfl.g.13553527 - Blake Whiteheart,TE,CLE,CHI,CLE@CHI,1:00PM EST,10,0.2, , 
 , , , , , , , , , , , , ,nfl.p.40944$nfl.g.13553527,Malachi,Corley,nfl.p.40944$nfl.g.13553527 - Malachi Corley,WR,CLE,CHI,CLE@CHI,1:00PM EST,10,1.7,Q, 
 , , , , , , , , , , , , ,nfl.p.41016$nfl.g.13553527,Jamari,Thrash,nfl.p.41016$nfl.g.13553527 - Jamari Thrash,WR,CLE,CHI,CLE@CHI,1:00PM EST,10,2, , 
 , , , , , , , , , , , , ,nfl.p.41675$nfl.g.13553527,Brenden,Bates,nfl.p.41675$nfl.g.13553527 - Brenden Bates,TE,CLE,CHI,CLE@CHI,1:00PM EST,10,3.3, , 
 , , , , , , , , , , , , ,nfl.p.41821$nfl.g.13553527,Quinshon,Judkins,nfl.p.41821$nfl.g.13553527 - Quinshon Judkins,RB,CLE,CHI,CLE@CHI,1:00PM EST,27,12.2, , 
 , , , , , , , , , , , , ,nfl.p.41861$nfl.g.13553527,Dillon,Gabriel,nfl.p.41861$nfl.g.13553527 - Dillon Gabriel,QB,CLE,CHI,CLE@CHI,1:00PM EST,21,8, , 
 , , , , , , , , , , , , ,nfl.p.41877$nfl.g.13553527,Harold,Fannin Jr.,nfl.p.41877$nfl.g.13553527 - Harold Fannin Jr.,TE,CLE,CHI,CLE@CHI,1:00PM EST,17,8.8, , 
 , , , , , , , , , , , , ,nfl.p.41907$nfl.g.13553527,Dylan,Sampson,nfl.p.41907$nfl.g.13553527 - Dylan Sampson,RB,CLE,CHI,CLE@CHI,1:00PM EST,12,4.7,O, 
 , , , , , , , , , , , , ,nfl.p.41930$nfl.g.13553527,Shedeur,Sanders,nfl.p.41930$nfl.g.13553527 - Shedeur Sanders,QB,CLE,CHI,CLE@CHI,1:00PM EST,28,14.7, , 
 , , , , , , , , , , , , ,nfl.p.42139$nfl.g.13553527,Raheim,Sanders,nfl.p.42139$nfl.g.13553527 - Raheim Sanders,RB,CLE,CHI,CLE@CHI,1:00PM EST,10,3.2, , 
 , , , , , , , , , , , , ,nfl.p.42417$nfl.g.13553527,Gage,Larvadain,nfl.p.42417$nfl.g.13553527 - Gage Larvadain,WR,CLE,CHI,CLE@CHI,1:00PM EST,10,0.8, , 
 , , , , , , , , , , , , ,nfl.p.42598$nfl.g.13553527,Isaiah,Bond,nfl.p.42598$nfl.g.13553527 - Isaiah Bond,WR,CLE,CHI,CLE@CHI,1:00PM EST,10,2.7, , 
 , , , , , , , , , , , , ,nfl.p.26483$nfl.g.13553527,Case,Keenum,nfl.p.26483$nfl.g.13553527 - Case Keenum,QB,CHI,CLE,CLE@CHI,1:00PM EST,20,0, , 
 , , , , , , , , , , , , ,nfl.p.30994$nfl.g.13553527,DJ,Moore,nfl.p.30994$nfl.g.13553527 - DJ Moore,WR,CHI,CLE,CLE@CHI,1:00PM EST,21,7.9, , 
 , , , , , , , , , , , , ,nfl.p.31093$nfl.g.13553527,Durham,Smythe,nfl.p.31093$nfl.g.13553527 - Durham Smythe,TE,CHI,CLE,CLE@CHI,1:00PM EST,10,1, , 
 , , , , , , , , , , , , ,nfl.p.32036$nfl.g.13553527,Travis,Homer,nfl.p.32036$nfl.g.13553527 - Travis Homer,RB,CHI,CLE,CLE@CHI,1:00PM EST,10,0,O, 
 , , , , , , , , , , , , ,nfl.p.32123$nfl.g.13553527,Olamide,Zaccheaus,nfl.p.32123$nfl.g.13553527 - Olamide Zaccheaus,WR,CHI,CLE,CLE@CHI,1:00PM EST,10,5.1, , 
 , , , , , , , , , , , , ,nfl.p.32705$nfl.g.13553527,D'Andre,Swift,nfl.p.32705$nfl.g.13553527 - D'Andre Swift,RB,CHI,CLE,CLE@CHI,1:00PM EST,27,12.9, , 
 , , , , , , , , , , , , ,nfl.p.32713$nfl.g.13553527,Cole,Kmet,nfl.p.32713$nfl.g.13553527 - Cole Kmet,TE,CHI,CLE,CLE@CHI,1:00PM EST,10,4.2, , 
 , , , , , , , , , , , , ,nfl.p.32762$nfl.g.13553527,Devin,Duvernay,nfl.p.32762$nfl.g.13553527 - Devin Duvernay,WR,CHI,CLE,CLE@CHI,1:00PM EST,10,0.3, , 
 , , , , , , , , , , , , ,nfl.p.40504$nfl.g.13553527,Tyson,Bagent,nfl.p.40504$nfl.g.13553527 - Tyson Bagent,QB,CHI,CLE,CLE@CHI,1:00PM EST,20,1.3, , 
 , , , , , , , , , , , , ,nfl.p.40900$nfl.g.13553527,Caleb,Williams,nfl.p.40900$nfl.g.13553527 - Caleb Williams,QB,CHI,CLE,CLE@CHI,1:00PM EST,33,18.7, , 
 , , , , , , , , , , , , ,nfl.p.40901$nfl.g.13553527,Rome,Odunze,nfl.p.40901$nfl.g.13553527 - Rome Odunze,WR,CHI,CLE,CLE@CHI,1:00PM EST,20,10.3,Q, 
 , , , , , , , , , , , , ,nfl.p.41795$nfl.g.13553527,Colston,Loveland,nfl.p.41795$nfl.g.13553527 - Colston Loveland,TE,CHI,CLE,CLE@CHI,1:00PM EST,14,7.1, , 
 , , , , , , , , , , , , ,nfl.p.41824$nfl.g.13553527,Luther,Burden III,nfl.p.41824$nfl.g.13553527 - Luther Burden III,WR,CHI,CLE,CLE@CHI,1:00PM EST,13,5.3, , 
 , , , , , , , , , , , , ,nfl.p.42025$nfl.g.13553527,Kyle,Monangai,nfl.p.42025$nfl.g.13553527 - Kyle Monangai,RB,CHI,CLE,CLE@CHI,1:00PM EST,21,8.6, , 
 , , , , , , , , , , , , ,nfl.p.42400$nfl.g.13553527,Jahdae,Walker,nfl.p.42400$nfl.g.13553527 - Jahdae Walker,WR,CHI,CLE,CLE@CHI,1:00PM EST,10,0, , 
 , , , , , , , , , , , , ,nfl.t.5$nfl.g.13553527,Cleveland,Browns,nfl.t.5$nfl.g.13553527 - Cleveland Browns,DEF,CLE,CHI,CLE@CHI,1:00PM EST,15,7.6, , 
 , , , , , , , , , , , , ,nfl.t.3$nfl.g.13553527,Chicago,Bears,nfl.t.3$nfl.g.13553527 - Chicago Bears,DEF,CHI,CLE,CLE@CHI,1:00PM EST,14,6.2, , 
 , , , , , , , , , , , , ,nfl.p.28947$nfl.g.13553527,DeAndre,Carter,nfl.p.28947$nfl.g.13553527 - DeAndre Carter,WR,CLE,CHI,CLE@CHI,1:00PM EST,10,0,IR, 
 , , , , , , , , , , , , ,nfl.p.26650$nfl.g.13553528,DeAndre,Hopkins,nfl.p.26650$nfl.g.13553528 - DeAndre Hopkins,WR,BAL,CIN,BAL@CIN,1:00PM EST,10,3.6, , 
 , , , , , , , , , , , , ,nfl.p.29279$nfl.g.13553528,Derrick,Henry,nfl.p.29279$nfl.g.13553528 - Derrick Henry,RB,BAL,CIN,BAL@CIN,1:00PM EST,34,13.9, , 
 , , , , , , , , , , , , ,nfl.p.30592$nfl.g.13553528,Patrick,Ricard,nfl.p.30592$nfl.g.13553528 - Patrick Ricard,RB,BAL,CIN,BAL@CIN,1:00PM EST,10,0.1, , 
 , , , , , , , , , , , , ,nfl.p.30788$nfl.g.13553528,Cooper,Rush,nfl.p.30788$nfl.g.13553528 - Cooper Rush,QB,BAL,CIN,BAL@CIN,1:00PM EST,20,1.4, , 
 , , , , , , , , , , , , ,nfl.p.31002$nfl.g.13553528,Lamar,Jackson,nfl.p.31002$nfl.g.13553528 - Lamar Jackson,QB,BAL,CIN,BAL@CIN,1:00PM EST,36,18, , 
 , , , , , , , , , , , , ,nfl.p.31056$nfl.g.13553528,Mark,Andrews,nfl.p.31056$nfl.g.13553528 - Mark Andrews,TE,BAL,CIN,BAL@CIN,1:00PM EST,14,7.2, , 
 , , , , , , , , , , , , ,nfl.p.32993$nfl.g.13553528,Tyler,Huntley,nfl.p.32993$nfl.g.13553528 - Tyler Huntley,QB,BAL,CIN,BAL@CIN,1:00PM EST,20,11.7, , 
 , , , , , , , , , , , , ,nfl.p.33415$nfl.g.13553528,Rashod,Bateman,nfl.p.33415$nfl.g.13553528 - Rashod Bateman,WR,BAL,CIN,BAL@CIN,1:00PM EST,12,4.1,Q, 
 , , , , , , , , , , , , ,nfl.p.33519$nfl.g.13553528,Tylan,Wallace,nfl.p.33519$nfl.g.13553528 - Tylan Wallace,WR,BAL,CIN,BAL@CIN,1:00PM EST,10,1.2, , 
 , , , , , , , , , , , , ,nfl.p.34084$nfl.g.13553528,Charlie,Kolar,nfl.p.34084$nfl.g.13553528 - Charlie Kolar,TE,BAL,CIN,BAL@CIN,1:00PM EST,10,2.6, , 
 , , , , , , , , , , , , ,nfl.p.34095$nfl.g.13553528,Isaiah,Likely,nfl.p.34095$nfl.g.13553528 - Isaiah Likely,TE,BAL,CIN,BAL@CIN,1:00PM EST,13,4.4, , 
 , , , , , , , , , , , , ,nfl.p.40039$nfl.g.13553528,Zay,Flowers,nfl.p.40039$nfl.g.13553528 - Zay Flowers,WR,BAL,CIN,BAL@CIN,1:00PM EST,26,10, , 
 , , , , , , , , , , , , ,nfl.p.40641$nfl.g.13553528,Keaton,Mitchell,nfl.p.40641$nfl.g.13553528 - Keaton Mitchell,RB,BAL,CIN,BAL@CIN,1:00PM EST,11,4.2, , 
 , , , , , , , , , , , , ,nfl.p.40991$nfl.g.13553528,Devontez,Walker,nfl.p.40991$nfl.g.13553528 - Devontez Walker,WR,BAL,CIN,BAL@CIN,1:00PM EST,10,4.6, , 
 , , , , , , , , , , , , ,nfl.p.41033$nfl.g.13553528,Rasheen,Ali,nfl.p.41033$nfl.g.13553528 - Rasheen Ali,RB,BAL,CIN,BAL@CIN,1:00PM EST,10,0.6, , 
 , , , , , , , , , , , , ,nfl.p.42000$nfl.g.13553528,LaJohntay,Wester,nfl.p.42000$nfl.g.13553528 - LaJohntay Wester,WR,BAL,CIN,BAL@CIN,1:00PM EST,10,0, , 
 , , , , , , , , , , , , ,nfl.p.8795$nfl.g.13553528,Joe,Flacco,nfl.p.8795$nfl.g.13553528 - Joe Flacco,QB,CIN,BAL,BAL@CIN,1:00PM EST,20,15.5, , 
 , , , , , , , , , , , , ,nfl.p.30227$nfl.g.13553528,Samaje,Perine,nfl.p.30227$nfl.g.13553528 - Samaje Perine,RB,CIN,BAL,BAL@CIN,1:00PM EST,12,3.5, , 
 , , , , , , , , , , , , ,nfl.p.31012$nfl.g.13553528,Mike,Gesicki,nfl.p.31012$nfl.g.13553528 - Mike Gesicki,TE,CIN,BAL,BAL@CIN,1:00PM EST,12,4.5, , 
 , , , , , , , , , , , , ,nfl.p.31257$nfl.g.13553528,Tanner,Hudson,nfl.p.31257$nfl.g.13553528 - Tanner Hudson,TE,CIN,BAL,BAL@CIN,1:00PM EST,10,4.3, , 
 , , , , , , , , , , , , ,nfl.p.31852$nfl.g.13553528,Noah,Fant,nfl.p.31852$nfl.g.13553528 - Noah Fant,TE,CIN,BAL,BAL@CIN,1:00PM EST,10,5.3, , 
 , , , , , , , , , , , , ,nfl.p.31884$nfl.g.13553528,Drew,Sample,nfl.p.31884$nfl.g.13553528 - Drew Sample,TE,CIN,BAL,BAL@CIN,1:00PM EST,10,1.7, , 
 , , , , , , , , , , , , ,nfl.p.32138$nfl.g.13553528,Jake,Browning,nfl.p.32138$nfl.g.13553528 - Jake Browning,QB,CIN,BAL,BAL@CIN,1:00PM EST,20,11.3, , 
 , , , , , , , , , , , , ,nfl.p.32703$nfl.g.13553528,Tee,Higgins,nfl.p.32703$nfl.g.13553528 - Tee Higgins,WR,CIN,BAL,BAL@CIN,1:00PM EST,33,12.1,O, 
 , , , , , , , , , , , , ,nfl.p.33393$nfl.g.13553528,Ja'Marr,Chase,nfl.p.33393$nfl.g.13553528 - Ja'Marr Chase,WR,CIN,BAL,BAL@CIN,1:00PM EST,35,14.7, , 
 , , , , , , , , , , , , ,nfl.p.40158$nfl.g.13553528,Charlie,Jones,nfl.p.40158$nfl.g.13553528 - Charlie Jones,WR,CIN,BAL,BAL@CIN,1:00PM EST,10,0.5, , 
 , , , , , , , , , , , , ,nfl.p.40196$nfl.g.13553528,Chase,Brown,nfl.p.40196$nfl.g.13553528 - Chase Brown,RB,CIN,BAL,BAL@CIN,1:00PM EST,33,12.3, , 
 , , , , , , , , , , , , ,nfl.p.40211$nfl.g.13553528,Andrei,Iosivas,nfl.p.40211$nfl.g.13553528 - Andrei Iosivas,WR,CIN,BAL,BAL@CIN,1:00PM EST,13,5.7, , 
 , , , , , , , , , , , , ,nfl.p.40313$nfl.g.13553528,Mitch,Tinsley,nfl.p.40313$nfl.g.13553528 - Mitch Tinsley,WR,CIN,BAL,BAL@CIN,1:00PM EST,10,4.2, , 
 , , , , , , , , , , , , ,nfl.p.40974$nfl.g.13553528,Jermaine,Burton,nfl.p.40974$nfl.g.13553528 - Jermaine Burton,WR,CIN,BAL,BAL@CIN,1:00PM EST,10,1.6, , 
 , , , , , , , , , , , , ,nfl.p.40989$nfl.g.13553528,Erick,All Jr.,nfl.p.40989$nfl.g.13553528 - Erick All Jr.,TE,CIN,BAL,BAL@CIN,1:00PM EST,10,3.2,PUP, 
 , , , , , , , , , , , , ,nfl.p.41353$nfl.g.13553528,Cam,Grandy,nfl.p.41353$nfl.g.13553528 - Cam Grandy,TE,CIN,BAL,BAL@CIN,1:00PM EST,10,1.1, , 
 , , , , , , , , , , , , ,nfl.p.41983$nfl.g.13553528,Tahj,Brooks,nfl.p.41983$nfl.g.13553528 - Tahj Brooks,RB,CIN,BAL,BAL@CIN,1:00PM EST,10,0.4, , 
 , , , , , , , , , , , , ,nfl.p.32671$nfl.g.13553528,Joe,Burrow,nfl.p.32671$nfl.g.13553528 - Joe Burrow,QB,CIN,BAL,BAL@CIN,1:00PM EST,39,15.1, , 
 , , , , , , , , , , , , ,nfl.t.33$nfl.g.13553528,Baltimore,Ravens,nfl.t.33$nfl.g.13553528 - Baltimore Ravens,DEF,BAL,CIN,BAL@CIN,1:00PM EST,11,4.4, , 
 , , , , , , , , , , , , ,nfl.t.4$nfl.g.13553528,Cincinnati,Bengals,nfl.t.4$nfl.g.13553528 - Cincinnati Bengals,DEF,CIN,BAL,BAL@CIN,1:00PM EST,11,3.8, , 
 , , , , , , , , , , , , ,nfl.p.29325$nfl.g.13553529,Jacoby,Brissett,nfl.p.29325$nfl.g.13553529 - Jacoby Brissett,QB,ARI,HOU,ARI@HOU,1:00PM EST,33,16.9, , 
 , , , , , , , , , , , , ,nfl.p.32523$nfl.g.13553529,Greg,Dortch,nfl.p.32523$nfl.g.13553529 - Greg Dortch,WR,ARI,HOU,ARI@HOU,1:00PM EST,11,5,IR, 
 , , , , , , , , , , , , ,nfl.p.32764$nfl.g.13553529,Josiah,Deguara,nfl.p.32764$nfl.g.13553529 - Josiah Deguara,TE,ARI,HOU,ARI@HOU,1:00PM EST,10,0.4, , 
 , , , , , , , , , , , , ,nfl.p.32943$nfl.g.13553529,Andre,Baccellia,nfl.p.32943$nfl.g.13553529 - Andre Baccellia,WR,ARI,HOU,ARI@HOU,1:00PM EST,10,0.6, , 
 , , , , , , , , , , , , ,nfl.p.33495$nfl.g.13553529,Michael,Carter,nfl.p.33495$nfl.g.13553529 - Michael Carter,RB,ARI,HOU,ARI@HOU,1:00PM EST,11,6, , 
 , , , , , , , , , , , , ,nfl.p.34010$nfl.g.13553529,Trey,McBride,nfl.p.34010$nfl.g.13553529 - Trey McBride,TE,ARI,HOU,ARI@HOU,1:00PM EST,28,14.5, , 
 , , , , , , , , , , , , ,nfl.p.34357$nfl.g.13553529,Bam,Knight,nfl.p.34357$nfl.g.13553529 - Bam Knight,RB,ARI,HOU,ARI@HOU,1:00PM EST,16,7.5, , 
 , , , , , , , , , , , , ,nfl.p.40121$nfl.g.13553529,Michael,Wilson,nfl.p.40121$nfl.g.13553529 - Michael Wilson,WR,ARI,HOU,ARI@HOU,1:00PM EST,29,9.2, , 
 , , , , , , , , , , , , ,nfl.p.40226$nfl.g.13553529,Elijah,Higgins,nfl.p.40226$nfl.g.13553529 - Elijah Higgins,TE,ARI,HOU,ARI@HOU,1:00PM EST,10,2.1,Q, 
 , , , , , , , , , , , , ,nfl.p.40430$nfl.g.13553529,Emari,Demercado,nfl.p.40430$nfl.g.13553529 - Emari Demercado,RB,ARI,HOU,ARI@HOU,1:00PM EST,12,4.8,Q, 
 , , , , , , , , , , , , ,nfl.p.40893$nfl.g.13553529,Marvin,Harrison Jr.,nfl.p.40893$nfl.g.13553529 - Marvin Harrison Jr.,WR,ARI,HOU,ARI@HOU,1:00PM EST,25,10.5,O, 
 , , , , , , , , , , , , ,nfl.p.41202$nfl.g.13553529,Xavier,Weaver,nfl.p.41202$nfl.g.13553529 - Xavier Weaver,WR,ARI,HOU,ARI@HOU,1:00PM EST,10,0.8,O, 
 , , , , , , , , , , , , ,nfl.p.41476$nfl.g.13553529,Kedon,Slovis,nfl.p.41476$nfl.g.13553529 - Kedon Slovis,QB,ARI,HOU,ARI@HOU,1:00PM EST,20,-0.1, , 
 , , , , , , , , , , , , ,nfl.p.30860$nfl.g.13553529,Dare,Ogunbowale,nfl.p.30860$nfl.g.13553529 - Dare Ogunbowale,RB,HOU,ARI,ARI@HOU,1:00PM EST,10,1.1, , 
 , , , , , , , , , , , , ,nfl.p.31005$nfl.g.13553529,Nick,Chubb,nfl.p.31005$nfl.g.13553529 - Nick Chubb,RB,HOU,ARI,ARI@HOU,1:00PM EST,12,5.9,Q, 
 , , , , , , , , , , , , ,nfl.p.31017$nfl.g.13553529,Christian,Kirk,nfl.p.31017$nfl.g.13553529 - Christian Kirk,WR,HOU,ARI,ARI@HOU,1:00PM EST,12,4.2, , 
 , , , , , , , , , , , , ,nfl.p.31107$nfl.g.13553529,Dalton,Schultz,nfl.p.31107$nfl.g.13553529 - Dalton Schultz,TE,HOU,ARI,ARI@HOU,1:00PM EST,15,7.3, , 
 , , , , , , , , , , , , ,nfl.p.31180$nfl.g.13553529,Braxton,Berrios,nfl.p.31180$nfl.g.13553529 - Braxton Berrios,WR,HOU,ARI,ARI@HOU,1:00PM EST,10,1.7, , 
 , , , , , , , , , , , , ,nfl.p.31826$nfl.g.13553529,Jakob,Johnson,nfl.p.31826$nfl.g.13553529 - Jakob Johnson,RB,HOU,ARI,ARI@HOU,1:00PM EST,10,0, , 
 , , , , , , , , , , , , ,nfl.p.33455$nfl.g.13553529,Davis,Mills,nfl.p.33455$nfl.g.13553529 - Davis Mills,QB,HOU,ARI,ARI@HOU,1:00PM EST,20,13.4, , 
 , , , , , , , , , , , , ,nfl.p.33477$nfl.g.13553529,Nico,Collins,nfl.p.33477$nfl.g.13553529 - Nico Collins,WR,HOU,ARI,ARI@HOU,1:00PM EST,33,12.8, , 
 , , , , , , , , , , , , ,nfl.p.40030$nfl.g.13553529,C.J.,Stroud,nfl.p.40030$nfl.g.13553529 - C.J. Stroud,QB,HOU,ARI,ARI@HOU,1:00PM EST,29,14.9, , 
 , , , , , , , , , , , , ,nfl.p.40097$nfl.g.13553529,Tank,Dell,nfl.p.40097$nfl.g.13553529 - Tank Dell,WR,HOU,ARI,ARI@HOU,1:00PM EST,11,8.2,PUP, 
 , , , , , , , , , , , , ,nfl.p.40232$nfl.g.13553529,Xavier,Hutchinson,nfl.p.40232$nfl.g.13553529 - Xavier Hutchinson,WR,HOU,ARI,ARI@HOU,1:00PM EST,10,5.2, , 
 , , , , , , , , , , , , ,nfl.p.40987$nfl.g.13553529,Cade,Stover,nfl.p.40987$nfl.g.13553529 - Cade Stover,TE,HOU,ARI,ARI@HOU,1:00PM EST,10,1.8, , 
 , , , , , , , , , , , , ,nfl.p.41480$nfl.g.13553529,British,Brooks,nfl.p.41480$nfl.g.13553529 - British Brooks,RB,HOU,ARI,ARI@HOU,1:00PM EST,10,0.3, , 
 , , , , , , , , , , , , ,nfl.p.41819$nfl.g.13553529,Jayden,Higgins,nfl.p.41819$nfl.g.13553529 - Jayden Higgins,WR,HOU,ARI,ARI@HOU,1:00PM EST,16,6.2, , 
 , , , , , , , , , , , , ,nfl.p.41885$nfl.g.13553529,Jaylin,Noel,nfl.p.41885$nfl.g.13553529 - Jaylin Noel,WR,HOU,ARI,ARI@HOU,1:00PM EST,10,3.1, , 
 , , , , , , , , , , , , ,nfl.p.41902$nfl.g.13553529,Woody,Marks,nfl.p.41902$nfl.g.13553529 - Woody Marks,RB,HOU,ARI,ARI@HOU,1:00PM EST,25,8.8, , 
 , , , , , , , , , , , , ,nfl.p.41975$nfl.g.13553529,Graham,Mertz,nfl.p.41975$nfl.g.13553529 - Graham Mertz,QB,HOU,ARI,ARI@HOU,1:00PM EST,20,0, , 
 , , , , , , , , , , , , ,nfl.t.22$nfl.g.13553529,Arizona,Cardinals,nfl.t.22$nfl.g.13553529 - Arizona Cardinals,DEF,ARI,HOU,ARI@HOU,1:00PM EST,10,5.5, , 
 , , , , , , , , , , , , ,nfl.t.34$nfl.g.13553529,Houston,Texans,nfl.t.34$nfl.g.13553529 - Houston Texans,DEF,HOU,ARI,ARI@HOU,1:00PM EST,19,9.7, , 
 , , , , , , , , , , , , ,nfl.p.42386$nfl.g.13553529,Corey,Kiner,nfl.p.42386$nfl.g.13553529 - Corey Kiner,RB,ARI,HOU,ARI@HOU,1:00PM EST,10,0, , 
 , , , , , , , , , , , , ,nfl.p.30627$nfl.g.13553529,Pharaoh,Brown,nfl.p.30627$nfl.g.13553529 - Pharaoh Brown,TE,ARI,HOU,ARI@HOU,1:00PM EST,10,0, , 
 , , , , , , , , , , , , ,nfl.p.40958$nfl.g.13553529,Trey,Benson,nfl.p.40958$nfl.g.13553529 - Trey Benson,RB,ARI,HOU,ARI@HOU,1:00PM EST,16,5.8,IR, 
 , , , , , , , , , , , , ,nfl.p.31320$nfl.g.13553529,Trent,Sherfield Sr.,nfl.p.31320$nfl.g.13553529 - Trent Sherfield Sr.,WR,ARI,HOU,ARI@HOU,1:00PM EST,10,0.7, , 
 , , , , , , , , , , , , ,nfl.p.40257$nfl.g.13553529,Jalen,Brooks,nfl.p.40257$nfl.g.13553529 - Jalen Brooks,WR,ARI,HOU,ARI@HOU,1:00PM EST,10,2.1, , 
 , , , , , , , , , , , , ,nfl.p.32785$nfl.g.13553529,Harrison,Bryant,nfl.p.32785$nfl.g.13553529 - Harrison Bryant,TE,HOU,ARI,ARI@HOU,1:00PM EST,10,0.3,IR, 
 , , , , , , , , , , , , ,nfl.p.27548$nfl.g.13553530,Brandin,Cooks,nfl.p.27548$nfl.g.13553530 - Brandin Cooks,WR,BUF,NE,BUF@NE,1:00PM EST,10,2.5, , 
 , , , , , , , , , , , , ,nfl.p.30115$nfl.g.13553530,Mitchell,Trubisky,nfl.p.30115$nfl.g.13553530 - Mitchell Trubisky,QB,BUF,NE,BUF@NE,1:00PM EST,20,0.8, , 
 , , , , , , , , , , , , ,nfl.p.30977$nfl.g.13553530,Josh,Allen,nfl.p.30977$nfl.g.13553530 - Josh Allen,QB,BUF,NE,BUF@NE,1:00PM EST,46,24.6, , 
 , , , , , , , , , , , , ,nfl.p.31928$nfl.g.13553530,Dawson,Knox,nfl.p.31928$nfl.g.13553530 - Dawson Knox,TE,BUF,NE,BUF@NE,1:00PM EST,11,4.3, , 
 , , , , , , , , , , , , ,nfl.p.32018$nfl.g.13553530,Ty,Johnson,nfl.p.32018$nfl.g.13553530 - Ty Johnson,RB,BUF,NE,BUF@NE,1:00PM EST,11,4, , 
 , , , , , , , , , , , , ,nfl.p.33357$nfl.g.13553530,Reggie,Gilliam,nfl.p.33357$nfl.g.13553530 - Reggie Gilliam,RB,BUF,NE,BUF@NE,1:00PM EST,10,0.1, , 
 , , , , , , , , , , , , ,nfl.p.33465$nfl.g.13553530,Joshua,Palmer,nfl.p.33465$nfl.g.13553530 - Joshua Palmer,WR,BUF,NE,BUF@NE,1:00PM EST,12,4.5,Q, 
 , , , , , , , , , , , , ,nfl.p.34019$nfl.g.13553530,James,Cook III,nfl.p.34019$nfl.g.13553530 - James Cook III,RB,BUF,NE,BUF@NE,1:00PM EST,37,16.9, , 
 , , , , , , , , , , , , ,nfl.p.34104$nfl.g.13553530,Khalil,Shakir,nfl.p.34104$nfl.g.13553530 - Khalil Shakir,WR,BUF,NE,BUF@NE,1:00PM EST,20,8.4, , 
 , , , , , , , , , , , , ,nfl.p.40048$nfl.g.13553530,Dalton,Kincaid,nfl.p.40048$nfl.g.13553530 - Dalton Kincaid,TE,BUF,NE,BUF@NE,1:00PM EST,17,10.6, , 
 , , , , , , , , , , , , ,nfl.p.40630$nfl.g.13553530,Tyrell,Shavers,nfl.p.40630$nfl.g.13553530 - Tyrell Shavers,WR,BUF,NE,BUF@NE,1:00PM EST,10,3.4, , 
 , , , , , , , , , , , , ,nfl.p.40911$nfl.g.13553530,Keon,Coleman,nfl.p.40911$nfl.g.13553530 - Keon Coleman,WR,BUF,NE,BUF@NE,1:00PM EST,14,6.9, , 
 , , , , , , , , , , , , ,nfl.p.40980$nfl.g.13553530,Ray,Davis,nfl.p.40980$nfl.g.13553530 - Ray Davis,RB,BUF,NE,BUF@NE,1:00PM EST,10,2, , 
 , , , , , , , , , , , , ,nfl.p.41959$nfl.g.13553530,Jackson,Hawes,nfl.p.41959$nfl.g.13553530 - Jackson Hawes,TE,BUF,NE,BUF@NE,1:00PM EST,10,3.9, , 
 , , , , , , , , , , , , ,nfl.p.28534$nfl.g.13553530,Stefon,Diggs,nfl.p.28534$nfl.g.13553530 - Stefon Diggs,WR,NE,BUF,BUF@NE,1:00PM EST,28,9.3, , 
 , , , , , , , , , , , , ,nfl.p.29269$nfl.g.13553530,Hunter,Henry,nfl.p.29269$nfl.g.13553530 - Hunter Henry,TE,NE,BUF,BUF@NE,1:00PM EST,17,8.7, , 
 , , , , , , , , , , , , ,nfl.p.29315$nfl.g.13553530,Austin,Hooper,nfl.p.29315$nfl.g.13553530 - Austin Hooper,TE,NE,BUF,BUF@NE,1:00PM EST,10,3.5, , 
 , , , , , , , , , , , , ,nfl.p.30231$nfl.g.13553530,Mack,Hollins,nfl.p.30231$nfl.g.13553530 - Mack Hollins,WR,NE,BUF,BUF@NE,1:00PM EST,13,6.2, , 
 , , , , , , , , , , , , ,nfl.p.30248$nfl.g.13553530,Joshua,Dobbs,nfl.p.30248$nfl.g.13553530 - Joshua Dobbs,QB,NE,BUF,BUF@NE,1:00PM EST,20,0, , 
 , , , , , , , , , , , , ,nfl.p.33508$nfl.g.13553530,Rhamondre,Stevenson,nfl.p.33508$nfl.g.13553530 - Rhamondre Stevenson,RB,NE,BUF,BUF@NE,1:00PM EST,18,7.8, , 
 , , , , , , , , , , , , ,nfl.p.40222$nfl.g.13553530,DeMario,Douglas,nfl.p.40222$nfl.g.13553530 - DeMario Douglas,WR,NE,BUF,BUF@NE,1:00PM EST,11,6.1, , 
 , , , , , , , , , , , , ,nfl.p.40224$nfl.g.13553530,Kayshon,Boutte,nfl.p.40224$nfl.g.13553530 - Kayshon Boutte,WR,NE,BUF,BUF@NE,1:00PM EST,15,9, , 
 , , , , , , , , , , , , ,nfl.p.40533$nfl.g.13553530,Tommy,DeVito,nfl.p.40533$nfl.g.13553530 - Tommy DeVito,QB,NE,BUF,BUF@NE,1:00PM EST,20,6.7, , 
 , , , , , , , , , , , , ,nfl.p.40881$nfl.g.13553530,Drake,Maye,nfl.p.40881$nfl.g.13553530 - Drake Maye,QB,NE,BUF,BUF@NE,1:00PM EST,38,20.4, , 
 , , , , , , , , , , , , ,nfl.p.41352$nfl.g.13553530,Jack,Westover,nfl.p.41352$nfl.g.13553530 - Jack Westover,RB,NE,BUF,BUF@NE,1:00PM EST,10,0, , 
 , , , , , , , , , , , , ,nfl.p.41713$nfl.g.13553530,Terrell,Jennings,nfl.p.41713$nfl.g.13553530 - Terrell Jennings,RB,NE,BUF,BUF@NE,1:00PM EST,10,2.4,O, 
 , , , , , , , , , , , , ,nfl.p.41823$nfl.g.13553530,TreVeyon,Henderson,nfl.p.41823$nfl.g.13553530 - TreVeyon Henderson,RB,NE,BUF,BUF@NE,1:00PM EST,31,10.2, , 
 , , , , , , , , , , , , ,nfl.p.41864$nfl.g.13553530,Kyle,Williams,nfl.p.41864$nfl.g.13553530 - Kyle Williams,WR,NE,BUF,BUF@NE,1:00PM EST,10,2.9, , 
 , , , , , , , , , , , , ,nfl.p.42291$nfl.g.13553530,CJ,Dippre,nfl.p.42291$nfl.g.13553530 - CJ Dippre,TE,NE,BUF,BUF@NE,1:00PM EST,10,0, , 
 , , , , , , , , , , , , ,nfl.p.42296$nfl.g.13553530,Efton,Chism III,nfl.p.42296$nfl.g.13553530 - Efton Chism III,WR,NE,BUF,BUF@NE,1:00PM EST,10,0, , 
 , , , , , , , , , , , , ,nfl.t.2$nfl.g.13553530,Buffalo,Bills,nfl.t.2$nfl.g.13553530 - Buffalo Bills,DEF,BUF,NE,BUF@NE,1:00PM EST,15,6.8, , 
 , , , , , , , , , , , , ,nfl.t.17$nfl.g.13553530,New England,Patriots,nfl.t.17$nfl.g.13553530 - New England Patriots,DEF,NE,BUF,BUF@NE,1:00PM EST,15,8.1, , 
 , , , , , , , , , , , , ,nfl.p.32798$nfl.g.13553530,Gabe,Davis,nfl.p.32798$nfl.g.13553530 - Gabe Davis,WR,BUF,NE,BUF@NE,1:00PM EST,10,3.1, , 
 , , , , , , , , , , , , ,nfl.p.24967$nfl.g.13553531,Tyrod,Taylor,nfl.p.24967$nfl.g.13553531 - Tyrod Taylor,QB,NYJ,JAC,NYJ@JAC,1:00PM EST,25,10.7,O, 
 , , , , , , , , , , , , ,nfl.p.31268$nfl.g.13553531,Allen,Lazard,nfl.p.31268$nfl.g.13553531 - Allen Lazard,WR,NYJ,JAC,NYJ@JAC,1:00PM EST,10,2.1, , 
 , , , , , , , , , , , , ,nfl.p.32225$nfl.g.13553531,Andrew,Beck,nfl.p.32225$nfl.g.13553531 - Andrew Beck,RB,NYJ,JAC,NYJ@JAC,1:00PM EST,10,1.4, , 
 , , , , , , , , , , , , ,nfl.p.32831$nfl.g.13553531,Tyler,Johnson,nfl.p.32831$nfl.g.13553531 - Tyler Johnson,WR,NYJ,JAC,NYJ@JAC,1:00PM EST,10,4.2, , 
 , , , , , , , , , , , , ,nfl.p.33399$nfl.g.13553531,Justin,Fields,nfl.p.33399$nfl.g.13553531 - Justin Fields,QB,NYJ,JAC,NYJ@JAC,1:00PM EST,23,16,O, 
 , , , , , , , , , , , , ,nfl.p.33507$nfl.g.13553531,Kene,Nwangwu,nfl.p.33507$nfl.g.13553531 - Kene Nwangwu,RB,NYJ,JAC,NYJ@JAC,1:00PM EST,10,0.9, , 
 , , , , , , , , , , , , ,nfl.p.33605$nfl.g.13553531,Khalil,Herbert,nfl.p.33605$nfl.g.13553531 - Khalil Herbert,RB,NYJ,JAC,NYJ@JAC,1:00PM EST,10,0, , 
 , , , , , , , , , , , , ,nfl.p.33991$nfl.g.13553531,Breece,Hall,nfl.p.33991$nfl.g.13553531 - Breece Hall,RB,NYJ,JAC,NYJ@JAC,1:00PM EST,29,12.1, , 
 , , , , , , , , , , , , ,nfl.p.33999$nfl.g.13553531,John,Metchie III,nfl.p.33999$nfl.g.13553531 - John Metchie III,WR,NYJ,JAC,NYJ@JAC,1:00PM EST,15,4.5, , 
 , , , , , , , , , , , , ,nfl.p.34029$nfl.g.13553531,Jelani,Woods,nfl.p.34029$nfl.g.13553531 - Jelani Woods,TE,NYJ,JAC,NYJ@JAC,1:00PM EST,10,0, , 
 , , , , , , , , , , , , ,nfl.p.34057$nfl.g.13553531,Jeremy,Ruckert,nfl.p.34057$nfl.g.13553531 - Jeremy Ruckert,TE,NYJ,JAC,NYJ@JAC,1:00PM EST,10,2.7, , 
 , , , , , , , , , , , , ,nfl.p.34356$nfl.g.13553531,Irvin,Charles,nfl.p.34356$nfl.g.13553531 - Irvin Charles,WR,NYJ,JAC,NYJ@JAC,1:00PM EST,10,0,PUP, 
 , , , , , , , , , , , , ,nfl.p.34637$nfl.g.13553531,Stone,Smartt,nfl.p.34637$nfl.g.13553531 - Stone Smartt,TE,NYJ,JAC,NYJ@JAC,1:00PM EST,10,0,Q, 
 , , , , , , , , , , , , ,nfl.p.40915$nfl.g.13553531,Adonai,Mitchell,nfl.p.40915$nfl.g.13553531 - Adonai Mitchell,WR,NYJ,JAC,NYJ@JAC,1:00PM EST,14,4, , 
 , , , , , , , , , , , , ,nfl.p.41031$nfl.g.13553531,Isaiah,Davis,nfl.p.41031$nfl.g.13553531 - Isaiah Davis,RB,NYJ,JAC,NYJ@JAC,1:00PM EST,10,2.9, , 
 , , , , , , , , , , , , ,nfl.p.41421$nfl.g.13553531,Isaiah,Williams,nfl.p.41421$nfl.g.13553531 - Isaiah Williams,WR,NYJ,JAC,NYJ@JAC,1:00PM EST,10,2.4, , 
 , , , , , , , , , , , , ,nfl.p.41827$nfl.g.13553531,Mason,Taylor,nfl.p.41827$nfl.g.13553531 - Mason Taylor,TE,NYJ,JAC,NYJ@JAC,1:00PM EST,12,5.1,O, 
 , , , , , , , , , , , , ,nfl.p.41896$nfl.g.13553531,Arian,Smith,nfl.p.41896$nfl.g.13553531 - Arian Smith,WR,NYJ,JAC,NYJ@JAC,1:00PM EST,10,1, , 
 , , , , , , , , , , , , ,nfl.p.30373$nfl.g.13553531,Johnny,Mundt,nfl.p.30373$nfl.g.13553531 - Johnny Mundt,TE,JAC,NYJ,NYJ@JAC,1:00PM EST,10,1.5, , 
 , , , , , , , , , , , , ,nfl.p.30511$nfl.g.13553531,Tim,Patrick,nfl.p.30511$nfl.g.13553531 - Tim Patrick,WR,JAC,NYJ,NYJ@JAC,1:00PM EST,10,4.2, , 
 , , , , , , , , , , , , ,nfl.p.30563$nfl.g.13553531,Nick,Mullens,nfl.p.30563$nfl.g.13553531 - Nick Mullens,QB,JAC,NYJ,NYJ@JAC,1:00PM EST,20,0, , 
 , , , , , , , , , , , , ,nfl.p.32231$nfl.g.13553531,Jakobi,Meyers,nfl.p.32231$nfl.g.13553531 - Jakobi Meyers,WR,JAC,NYJ,NYJ@JAC,1:00PM EST,23,9.2, , 
 , , , , , , , , , , , , ,nfl.p.33389$nfl.g.13553531,Trevor,Lawrence,nfl.p.33389$nfl.g.13553531 - Trevor Lawrence,QB,JAC,NYJ,NYJ@JAC,1:00PM EST,37,17.5, , 
 , , , , , , , , , , , , ,nfl.p.33413$nfl.g.13553531,Travis,Etienne Jr.,nfl.p.33413$nfl.g.13553531 - Travis Etienne Jr.,RB,JAC,NYJ,NYJ@JAC,1:00PM EST,31,13.6, , 
 , , , , , , , , , , , , ,nfl.p.33469$nfl.g.13553531,Hunter,Long,nfl.p.33469$nfl.g.13553531 - Hunter Long,TE,JAC,NYJ,NYJ@JAC,1:00PM EST,10,3.8, , 
 , , , , , , , , , , , , ,nfl.p.33470$nfl.g.13553531,Dyami,Brown,nfl.p.33470$nfl.g.13553531 - Dyami Brown,WR,JAC,NYJ,NYJ@JAC,1:00PM EST,13,4.4, , 
 , , , , , , , , , , , , ,nfl.p.33819$nfl.g.13553531,Quintin,Morris,nfl.p.33819$nfl.g.13553531 - Quintin Morris,TE,JAC,NYJ,NYJ@JAC,1:00PM EST,10,0.5, , 
 , , , , , , , , , , , , ,nfl.p.40078$nfl.g.13553531,Brenton,Strange,nfl.p.40078$nfl.g.13553531 - Brenton Strange,TE,JAC,NYJ,NYJ@JAC,1:00PM EST,14,7.3, , 
 , , , , , , , , , , , , ,nfl.p.40234$nfl.g.13553531,Parker,Washington,nfl.p.40234$nfl.g.13553531 - Parker Washington,WR,JAC,NYJ,NYJ@JAC,1:00PM EST,18,7.8,Q, 
 , , , , , , , , , , , , ,nfl.p.40883$nfl.g.13553531,Brian,Thomas Jr.,nfl.p.40883$nfl.g.13553531 - Brian Thomas Jr.,WR,JAC,NYJ,NYJ@JAC,1:00PM EST,22,8.5, , 
 , , , , , , , , , , , , ,nfl.p.41900$nfl.g.13553531,Bhayshul,Tuten,nfl.p.41900$nfl.g.13553531 - Bhayshul Tuten,RB,JAC,NYJ,NYJ@JAC,1:00PM EST,13,5.1, , 
 , , , , , , , , , , , , ,nfl.p.42007$nfl.g.13553531,LeQuint,Allen Jr.,nfl.p.42007$nfl.g.13553531 - LeQuint Allen Jr.,RB,JAC,NYJ,NYJ@JAC,1:00PM EST,10,1.3, , 
 , , , , , , , , , , , , ,nfl.t.20$nfl.g.13553531,New York,Jets,nfl.t.20$nfl.g.13553531 - New York Jets,DEF,NYJ,JAC,NYJ@JAC,1:00PM EST,10,4, , 
 , , , , , , , , , , , , ,nfl.t.30$nfl.g.13553531,Jacksonville,Jaguars,nfl.t.30$nfl.g.13553531 - Jacksonville Jaguars,DEF,JAC,NYJ,NYJ@JAC,1:00PM EST,18,8.3, , 
 , , , , , , , , , , , , ,nfl.p.33745$nfl.g.13553531,Austin,Trammell,nfl.p.33745$nfl.g.13553531 - Austin Trammell,WR,JAC,NYJ,NYJ@JAC,1:00PM EST,10,1, , 
 , , , , , , , , , , , , ,nfl.p.42229$nfl.g.13553531,Brady,Cook,nfl.p.42229$nfl.g.13553531 - Brady Cook,QB,NYJ,JAC,NYJ@JAC,1:00PM EST,20,4.5, , 
 , , , , , , , , , , , , ,nfl.p.40981$nfl.g.13553531,Braelon,Allen,nfl.p.40981$nfl.g.13553531 - Braelon Allen,RB,NYJ,JAC,NYJ@JAC,1:00PM EST,10,0,IR, 
 , , , , , , , , , , , , ,nfl.p.30230$nfl.g.13553531,Josh,Reynolds,nfl.p.30230$nfl.g.13553531 - Josh Reynolds,WR,NYJ,JAC,NYJ@JAC,1:00PM EST,10,3.5,IR, 
 , , , , , , , , , , , , ,nfl.p.33965$nfl.g.13553531,Garrett,Wilson,nfl.p.33965$nfl.g.13553531 - Garrett Wilson,WR,NYJ,JAC,NYJ@JAC,1:00PM EST,26,11.6,IR, 
 , , , , , , , , , , , , ,nfl.p.26699$nfl.g.13553532,Keenan,Allen,nfl.p.26699$nfl.g.13553532 - Keenan Allen,WR,LAC,KC,LAC@KC,1:00PM EST,15,9.2, , 
 , , , , , , , , , , , , ,nfl.p.31090$nfl.g.13553532,Will,Dissly,nfl.p.31090$nfl.g.13553532 - Will Dissly,TE,LAC,KC,LAC@KC,1:00PM EST,10,1.4, , 
 , , , , , , , , , , , , ,nfl.p.31127$nfl.g.13553532,Tyler,Conklin,nfl.p.31127$nfl.g.13553532 - Tyler Conklin,TE,LAC,KC,LAC@KC,1:00PM EST,10,2.5, , 
 , , , , , , , , , , , , ,nfl.p.32676$nfl.g.13553532,Justin,Herbert,nfl.p.32676$nfl.g.13553532 - Justin Herbert,QB,LAC,KC,LAC@KC,1:00PM EST,34,18.6, , 
 , , , , , , , , , , , , ,nfl.p.33391$nfl.g.13553532,Trey,Lance,nfl.p.33391$nfl.g.13553532 - Trey Lance,QB,LAC,KC,LAC@KC,1:00PM EST,20,1.7, , 
 , , , , , , , , , , , , ,nfl.p.34625$nfl.g.13553532,Tucker,Fisk,nfl.p.34625$nfl.g.13553532 - Tucker Fisk,TE,LAC,KC,LAC@KC,1:00PM EST,10,0.7,IR, 
 , , , , , , , , , , , , ,nfl.p.40051$nfl.g.13553532,Quentin,Johnston,nfl.p.40051$nfl.g.13553532 - Quentin Johnston,WR,LAC,KC,LAC@KC,1:00PM EST,21,10.5,Q, 
 , , , , , , , , , , , , ,nfl.p.40133$nfl.g.13553532,Derius,Davis,nfl.p.40133$nfl.g.13553532 - Derius Davis,WR,LAC,KC,LAC@KC,1:00PM EST,10,0,O, 
 , , , , , , , , , , , , ,nfl.p.40225$nfl.g.13553532,Scott,Matlock,nfl.p.40225$nfl.g.13553532 - Scott Matlock,RB,LAC,KC,LAC@KC,1:00PM EST,10,2.4, , 
 , , , , , , , , , , , , ,nfl.p.40908$nfl.g.13553532,Ladd,McConkey,nfl.p.40908$nfl.g.13553532 - Ladd McConkey,WR,LAC,KC,LAC@KC,1:00PM EST,27,9.9, , 
 , , , , , , , , , , , , ,nfl.p.41052$nfl.g.13553532,Kimani,Vidal,nfl.p.41052$nfl.g.13553532 - Kimani Vidal,RB,LAC,KC,LAC@KC,1:00PM EST,25,10.2, , 
 , , , , , , , , , , , , ,nfl.p.41840$nfl.g.13553532,Tre',Harris,nfl.p.41840$nfl.g.13553532 - Tre' Harris,WR,LAC,KC,LAC@KC,1:00PM EST,10,2.9, , 
 , , , , , , , , , , , , ,nfl.p.41944$nfl.g.13553532,KeAndre,Lambert-Smith,nfl.p.41944$nfl.g.13553532 - KeAndre Lambert-Smith,WR,LAC,KC,LAC@KC,1:00PM EST,10,0.1, , 
 , , , , , , , , , , , , ,nfl.p.41951$nfl.g.13553532,Oronde,Gadsden,nfl.p.41951$nfl.g.13553532 - Oronde Gadsden,TE,LAC,KC,LAC@KC,1:00PM EST,14,7.6, , 
 , , , , , , , , , , , , ,nfl.p.26686$nfl.g.13553532,Travis,Kelce,nfl.p.26686$nfl.g.13553532 - Travis Kelce,TE,KC,LAC,LAC@KC,1:00PM EST,19,10.4, , 
 , , , , , , , , , , , , ,nfl.p.30123$nfl.g.13553532,Patrick,Mahomes,nfl.p.30123$nfl.g.13553532 - Patrick Mahomes,QB,KC,LAC,LAC@KC,1:00PM EST,37,21.7, , 
 , , , , , , , , , , , , ,nfl.p.30175$nfl.g.13553532,JuJu,Smith-Schuster,nfl.p.30175$nfl.g.13553532 - JuJu Smith-Schuster,WR,KC,LAC,LAC@KC,1:00PM EST,10,4.2, , 
 , , , , , , , , , , , , ,nfl.p.30199$nfl.g.13553532,Kareem,Hunt,nfl.p.30199$nfl.g.13553532 - Kareem Hunt,RB,KC,LAC,LAC@KC,1:00PM EST,19,9.6, , 
 , , , , , , , , , , , , ,nfl.p.30777$nfl.g.13553532,Robert,Tonyan,nfl.p.30777$nfl.g.13553532 - Robert Tonyan,TE,KC,LAC,LAC@KC,1:00PM EST,10,0.2, , 
 , , , , , , , , , , , , ,nfl.p.31857$nfl.g.13553532,Hollywood,Brown,nfl.p.31857$nfl.g.13553532 - Hollywood Brown,WR,KC,LAC,LAC@KC,1:00PM EST,12,7.7,O, 
 , , , , , , , , , , , , ,nfl.p.32010$nfl.g.13553532,Gardner,Minshew,nfl.p.32010$nfl.g.13553532 - Gardner Minshew,QB,KC,LAC,LAC@KC,1:00PM EST,20,-0.3, , 
 , , , , , , , , , , , , ,nfl.p.33550$nfl.g.13553532,Noah,Gray,nfl.p.33550$nfl.g.13553532 - Noah Gray,TE,KC,LAC,LAC@KC,1:00PM EST,10,2.1, , 
 , , , , , , , , , , , , ,nfl.p.33582$nfl.g.13553532,Elijah,Mitchell,nfl.p.33582$nfl.g.13553532 - Elijah Mitchell,RB,KC,LAC,LAC@KC,1:00PM EST,10,0, , 
 , , , , , , , , , , , , ,nfl.p.34005$nfl.g.13553532,Tyquan,Thornton,nfl.p.34005$nfl.g.13553532 - Tyquan Thornton,WR,KC,LAC,LAC@KC,1:00PM EST,10,6, , 
 , , , , , , , , , , , , ,nfl.p.34207$nfl.g.13553532,Isiah,Pacheco,nfl.p.34207$nfl.g.13553532 - Isiah Pacheco,RB,KC,LAC,LAC@KC,1:00PM EST,14,6.2, , 
 , , , , , , , , , , , , ,nfl.p.40084$nfl.g.13553532,Rashee,Rice,nfl.p.40084$nfl.g.13553532 - Rashee Rice,WR,KC,LAC,LAC@KC,1:00PM EST,36,16.4, , 
 , , , , , , , , , , , , ,nfl.p.40571$nfl.g.13553532,Nikko,Remigio,nfl.p.40571$nfl.g.13553532 - Nikko Remigio,WR,KC,LAC,LAC@KC,1:00PM EST,10,0.3, , 
 , , , , , , , , , , , , ,nfl.p.40877$nfl.g.13553532,Xavier,Worthy,nfl.p.40877$nfl.g.13553532 - Xavier Worthy,WR,KC,LAC,LAC@KC,1:00PM EST,19,7.2, , 
 , , , , , , , , , , , , ,nfl.p.40978$nfl.g.13553532,Jared,Wiley,nfl.p.40978$nfl.g.13553532 - Jared Wiley,TE,KC,LAC,LAC@KC,1:00PM EST,10,0.9, , 
 , , , , , , , , , , , , ,nfl.p.41891$nfl.g.13553532,Jalen,Royals,nfl.p.41891$nfl.g.13553532 - Jalen Royals,WR,KC,LAC,LAC@KC,1:00PM EST,10,0, , 
 , , , , , , , , , , , , ,nfl.p.42012$nfl.g.13553532,Brashard,Smith,nfl.p.42012$nfl.g.13553532 - Brashard Smith,RB,KC,LAC,LAC@KC,1:00PM EST,10,2.7, , 
 , , , , , , , , , , , , ,nfl.t.24$nfl.g.13553532,Los Angeles,Chargers,nfl.t.24$nfl.g.13553532 - Los Angeles Chargers,DEF,LAC,KC,LAC@KC,1:00PM EST,12,6.2, , 
 , , , , , , , , , , , , ,nfl.t.12$nfl.g.13553532,Kansas City,Chiefs,nfl.t.12$nfl.g.13553532 - Kansas City Chiefs,DEF,KC,LAC,LAC@KC,1:00PM EST,10,5.2, , 
 , , , , , , , , , , , , ,nfl.p.33706$nfl.g.13553532,Jaret,Patterson,nfl.p.33706$nfl.g.13553532 - Jaret Patterson,RB,LAC,KC,LAC@KC,1:00PM EST,10,4.7, , 
 , , , , , , , , , , , , ,nfl.p.34087$nfl.g.13553532,Hassan,Haskins,nfl.p.34087$nfl.g.13553532 - Hassan Haskins,RB,LAC,KC,LAC@KC,1:00PM EST,10,0.6, , 
 , , , , , , , , , , , , ,nfl.p.41807$nfl.g.13553532,Omarion,Hampton,nfl.p.41807$nfl.g.13553532 - Omarion Hampton,RB,LAC,KC,LAC@KC,1:00PM EST,24,13.4, , 
 , , , , , , , , , , , , ,nfl.p.28442$nfl.g.13553533,Ameer,Abdullah,nfl.p.28442$nfl.g.13553533 - Ameer Abdullah,RB,IND,SEA,IND@SEA,4:25PM EST,10,1.9, , 
 , , , , , , , , , , , , ,nfl.p.29257$nfl.g.13553533,Laquon,Treadwell,nfl.p.29257$nfl.g.13553533 - Laquon Treadwell,WR,IND,SEA,IND@SEA,4:25PM EST,10,0, , 
 , , , , , , , , , , , , ,nfl.p.30112$nfl.g.13553533,Mo,Alie-Cox,nfl.p.30112$nfl.g.13553533 - Mo Alie-Cox,TE,IND,SEA,IND@SEA,4:25PM EST,10,1, , 
 , , , , , , , , , , , , ,nfl.p.31838$nfl.g.13553533,Daniel,Jones,nfl.p.31838$nfl.g.13553533 - Daniel Jones,QB,IND,SEA,IND@SEA,4:25PM EST,20,18,IR, 
 , , , , , , , , , , , , ,nfl.p.32704$nfl.g.13553533,Michael,Pittman Jr.,nfl.p.32704$nfl.g.13553533 - Michael Pittman Jr.,WR,IND,SEA,IND@SEA,4:25PM EST,22,11.4, , 
 , , , , , , , , , , , , ,nfl.p.32711$nfl.g.13553533,Jonathan,Taylor,nfl.p.32711$nfl.g.13553533 - Jonathan Taylor,RB,IND,SEA,IND@SEA,4:25PM EST,38,22.4, , 
 , , , , , , , , , , , , ,nfl.p.34008$nfl.g.13553533,Alec,Pierce,nfl.p.34008$nfl.g.13553533 - Alec Pierce,WR,IND,SEA,IND@SEA,4:25PM EST,24,9.8, , 
 , , , , , , , , , , , , ,nfl.p.34148$nfl.g.13553533,Drew,Ogletree,nfl.p.34148$nfl.g.13553533 - Drew Ogletree,TE,IND,SEA,IND@SEA,4:25PM EST,10,1, , 
 , , , , , , , , , , , , ,nfl.p.34261$nfl.g.13553533,Tyler,Goodson,nfl.p.34261$nfl.g.13553533 - Tyler Goodson,RB,IND,SEA,IND@SEA,4:25PM EST,10,0.4, , 
 , , , , , , , , , , , , ,nfl.p.40126$nfl.g.13553533,Josh,Downs,nfl.p.40126$nfl.g.13553533 - Josh Downs,WR,IND,SEA,IND@SEA,4:25PM EST,15,6.4, , 
 , , , , , , , , , , , , ,nfl.p.40180$nfl.g.13553533,Will,Mallory,nfl.p.40180$nfl.g.13553533 - Will Mallory,TE,IND,SEA,IND@SEA,4:25PM EST,10,0.7, , 
 , , , , , , , , , , , , ,nfl.p.41046$nfl.g.13553533,Anthony,Gould,nfl.p.41046$nfl.g.13553533 - Anthony Gould,WR,IND,SEA,IND@SEA,4:25PM EST,10,0.2,O, 
 , , , , , , , , , , , , ,nfl.p.41799$nfl.g.13553533,Tyler,Warren,nfl.p.41799$nfl.g.13553533 - Tyler Warren,TE,IND,SEA,IND@SEA,4:25PM EST,18,10.1, , 
 , , , , , , , , , , , , ,nfl.p.41937$nfl.g.13553533,DJ,Giddens,nfl.p.41937$nfl.g.13553533 - DJ Giddens,RB,IND,SEA,IND@SEA,4:25PM EST,10,1.6, , 
 , , , , , , , , , , , , ,nfl.p.41968$nfl.g.13553533,Riley,Leonard,nfl.p.41968$nfl.g.13553533 - Riley Leonard,QB,IND,SEA,IND@SEA,4:25PM EST,20,5.7, , 
 , , , , , , , , , , , , ,nfl.p.30182$nfl.g.13553533,Cooper,Kupp,nfl.p.30182$nfl.g.13553533 - Cooper Kupp,WR,SEA,IND,IND@SEA,4:25PM EST,17,6.4, , 
 , , , , , , , , , , , , ,nfl.p.30973$nfl.g.13553533,Sam,Darnold,nfl.p.30973$nfl.g.13553533 - Sam Darnold,QB,SEA,IND,IND@SEA,4:25PM EST,32,15.4, , 
 , , , , , , , , , , , , ,nfl.p.31874$nfl.g.13553533,Drew,Lock,nfl.p.31874$nfl.g.13553533 - Drew Lock,QB,SEA,IND,IND@SEA,4:25PM EST,20,0, , 
 , , , , , , , , , , , , ,nfl.p.32948$nfl.g.13553533,Cody,White,nfl.p.32948$nfl.g.13553533 - Cody White,WR,SEA,IND,IND@SEA,4:25PM EST,10,2.4, , 
 , , , , , , , , , , , , ,nfl.p.33996$nfl.g.13553533,Kenneth,Walker III,nfl.p.33996$nfl.g.13553533 - Kenneth Walker III,RB,SEA,IND,IND@SEA,4:25PM EST,20,9.9, , 
 , , , , , , , , , , , , ,nfl.p.34659$nfl.g.13553533,Rashid,Shaheed,nfl.p.34659$nfl.g.13553533 - Rashid Shaheed,WR,SEA,IND,IND@SEA,4:25PM EST,13,7.6, , 
 , , , , , , , , , , , , ,nfl.p.40041$nfl.g.13553533,Jaxon,Smith-Njigba,nfl.p.40041$nfl.g.13553533 - Jaxon Smith-Njigba,WR,SEA,IND,IND@SEA,4:25PM EST,44,18.7, , 
 , , , , , , , , , , , , ,nfl.p.40075$nfl.g.13553533,Zach,Charbonnet,nfl.p.40075$nfl.g.13553533 - Zach Charbonnet,RB,SEA,IND,IND@SEA,4:25PM EST,22,9.2, , 
 , , , , , , , , , , , , ,nfl.p.40452$nfl.g.13553533,Jake,Bobo,nfl.p.40452$nfl.g.13553533 - Jake Bobo,WR,SEA,IND,IND@SEA,4:25PM EST,10,1, , 
 , , , , , , , , , , , , ,nfl.p.40519$nfl.g.13553533,Brady,Russell,nfl.p.40519$nfl.g.13553533 - Brady Russell,RB,SEA,IND,IND@SEA,4:25PM EST,10,0, , 
 , , , , , , , , , , , , ,nfl.p.41001$nfl.g.13553533,AJ,Barner,nfl.p.41001$nfl.g.13553533 - AJ Barner,TE,SEA,IND,IND@SEA,4:25PM EST,13,6.9, , 
 , , , , , , , , , , , , ,nfl.p.41835$nfl.g.13553533,Elijah,Arroyo,nfl.p.41835$nfl.g.13553533 - Elijah Arroyo,TE,SEA,IND,IND@SEA,4:25PM EST,10,2.3,O, 
 , , , , , , , , , , , , ,nfl.p.41882$nfl.g.13553533,Jalen,Milroe,nfl.p.41882$nfl.g.13553533 - Jalen Milroe,QB,SEA,IND,IND@SEA,4:25PM EST,20,0, , 
 , , , , , , , , , , , , ,nfl.p.41961$nfl.g.13553533,Robbie,Ouzts,nfl.p.41961$nfl.g.13553533 - Robbie Ouzts,RB,SEA,IND,IND@SEA,4:25PM EST,10,0, , 
 , , , , , , , , , , , , ,nfl.p.42465$nfl.g.13553533,Nick,Kallerup,nfl.p.42465$nfl.g.13553533 - Nick Kallerup,TE,SEA,IND,IND@SEA,4:25PM EST,10,0, , 
 , , , , , , , , , , , , ,nfl.t.11$nfl.g.13553533,Indianapolis,Colts,nfl.t.11$nfl.g.13553533 - Indianapolis Colts,DEF,IND,SEA,IND@SEA,4:25PM EST,12,7.2, , 
 , , , , , , , , , , , , ,nfl.t.26$nfl.g.13553533,Seattle,Seahawks,nfl.t.26$nfl.g.13553533 - Seattle Seahawks,DEF,SEA,IND,IND@SEA,4:25PM EST,20,11.6, , 
 , , , , , , , , , , , , ,nfl.p.32722$nfl.g.13553533,Cam,Akers,nfl.p.32722$nfl.g.13553533 - Cam Akers,RB,SEA,IND,IND@SEA,4:25PM EST,10,3.6, , 
 , , , , , , , , , , , , ,nfl.p.34189$nfl.g.13553533,Dareke,Young,nfl.p.34189$nfl.g.13553533 - Dareke Young,WR,SEA,IND,IND@SEA,4:25PM EST,10,1,IR, 
 , , , , , , , , , , , , ,nfl.p.34027$nfl.g.13553533,Velus,Jones Jr.,nfl.p.34027$nfl.g.13553533 - Velus Jones Jr.,RB,SEA,IND,IND@SEA,4:25PM EST,10,0.6, , 
 , , , , , , , , , , , , ,nfl.p.40040$nfl.g.13553533,Anthony,Richardson Sr.,nfl.p.40040$nfl.g.13553533 - Anthony Richardson Sr.,QB,IND,SEA,IND@SEA,4:25PM EST,20,0.8,IR, 
 , , , , , , , , , , , , ,nfl.p.29435$nfl.g.13553534,Brandon,Allen,nfl.p.29435$nfl.g.13553534 - Brandon Allen,QB,TEN,SF,TEN@SF,4:25PM EST,20,2.8, , 
 , , , , , , , , , , , , ,nfl.p.31960$nfl.g.13553534,Tony,Pollard,nfl.p.31960$nfl.g.13553534 - Tony Pollard,RB,TEN,SF,TEN@SF,4:25PM EST,21,9.5, , 
 , , , , , , , , , , , , ,nfl.p.32727$nfl.g.13553534,Van,Jefferson,nfl.p.32727$nfl.g.13553534 - Van Jefferson,WR,TEN,SF,TEN@SF,4:25PM EST,10,3.7, , 
 , , , , , , , , , , , , ,nfl.p.32871$nfl.g.13553534,James,Proche II,nfl.p.32871$nfl.g.13553534 - James Proche II,WR,TEN,SF,TEN@SF,4:25PM EST,10,2.5, , 
 , , , , , , , , , , , , ,nfl.p.33351$nfl.g.13553534,Mason,Kinsey,nfl.p.33351$nfl.g.13553534 - Mason Kinsey,WR,TEN,SF,TEN@SF,4:25PM EST,10,0.5, , 
 , , , , , , , , , , , , ,nfl.p.34099$nfl.g.13553534,Chig,Okonkwo,nfl.p.34099$nfl.g.13553534 - Chig Okonkwo,TE,TEN,SF,TEN@SF,4:25PM EST,11,4.9, , 
 , , , , , , , , , , , , ,nfl.p.34451$nfl.g.13553534,Julius,Chestnut,nfl.p.34451$nfl.g.13553534 - Julius Chestnut,RB,TEN,SF,TEN@SF,4:25PM EST,10,0.3, , 
 , , , , , , , , , , , , ,nfl.p.40119$nfl.g.13553534,Tyjae,Spears,nfl.p.40119$nfl.g.13553534 - Tyjae Spears,RB,TEN,SF,TEN@SF,4:25PM EST,15,6.5, , 
 , , , , , , , , , , , , ,nfl.p.41662$nfl.g.13553534,David,Martin-Robinson,nfl.p.41662$nfl.g.13553534 - David Martin-Robinson,TE,TEN,SF,TEN@SF,4:25PM EST,10,1.1, , 
 , , , , , , , , , , , , ,nfl.p.41786$nfl.g.13553534,Cam,Ward,nfl.p.41786$nfl.g.13553534 - Cam Ward,QB,TEN,SF,TEN@SF,4:25PM EST,22,10.3, , 
 , , , , , , , , , , , , ,nfl.p.41903$nfl.g.13553534,Chimere,Dike,nfl.p.41903$nfl.g.13553534 - Chimere Dike,WR,TEN,SF,TEN@SF,4:25PM EST,16,5.8, , 
 , , , , , , , , , , , , ,nfl.p.41904$nfl.g.13553534,Elic,Ayomanor,nfl.p.41904$nfl.g.13553534 - Elic Ayomanor,WR,TEN,SF,TEN@SF,4:25PM EST,15,5.7, , 
 , , , , , , , , , , , , ,nfl.p.41905$nfl.g.13553534,Gunnar,Helm,nfl.p.41905$nfl.g.13553534 - Gunnar Helm,TE,TEN,SF,TEN@SF,4:25PM EST,10,4.2, , 
 , , , , , , , , , , , , ,nfl.p.41986$nfl.g.13553534,Kalel,Mullings,nfl.p.41986$nfl.g.13553534 - Kalel Mullings,RB,TEN,SF,TEN@SF,4:25PM EST,10,0, , 
 , , , , , , , , , , , , ,nfl.p.26753$nfl.g.13553534,Kyle,Juszczyk,nfl.p.26753$nfl.g.13553534 - Kyle Juszczyk,RB,SF,TEN,TEN@SF,4:25PM EST,10,2.6, , 
 , , , , , , , , , , , , ,nfl.p.29360$nfl.g.13553534,Demarcus,Robinson,nfl.p.29360$nfl.g.13553534 - Demarcus Robinson,WR,SF,TEN,TEN@SF,4:25PM EST,10,2.5, , 
 , , , , , , , , , , , , ,nfl.p.30121$nfl.g.13553534,Christian,McCaffrey,nfl.p.30121$nfl.g.13553534 - Christian McCaffrey,RB,SF,TEN,TEN@SF,4:25PM EST,46,22, , 
 , , , , , , , , , , , , ,nfl.p.30259$nfl.g.13553534,George,Kittle,nfl.p.30259$nfl.g.13553534 - George Kittle,TE,SF,TEN,TEN@SF,4:25PM EST,23,11, , 
 , , , , , , , , , , , , ,nfl.p.30551$nfl.g.13553534,Kendrick,Bourne,nfl.p.30551$nfl.g.13553534 - Kendrick Bourne,WR,SF,TEN,TEN@SF,4:25PM EST,10,6.4, , 
 , , , , , , , , , , , , ,nfl.p.32695$nfl.g.13553534,Brandon,Aiyuk,nfl.p.32695$nfl.g.13553534 - Brandon Aiyuk,WR,SF,TEN,TEN@SF,4:25PM EST,10,7.1,PUP, 
 , , , , , , , , , , , , ,nfl.p.32887$nfl.g.13553534,Jauan,Jennings,nfl.p.32887$nfl.g.13553534 - Jauan Jennings,WR,SF,TEN,TEN@SF,4:25PM EST,26,8.8, , 
 , , , , , , , , , , , , ,nfl.p.33403$nfl.g.13553534,Mac,Jones,nfl.p.33403$nfl.g.13553534 - Mac Jones,QB,SF,TEN,TEN@SF,4:25PM EST,20,13.6, , 
 , , , , , , , , , , , , ,nfl.p.33533$nfl.g.13553534,Luke,Farrell,nfl.p.33533$nfl.g.13553534 - Luke Farrell,TE,SF,TEN,TEN@SF,4:25PM EST,10,2, , 
 , , , , , , , , , , , , ,nfl.p.34009$nfl.g.13553534,Skyy,Moore,nfl.p.34009$nfl.g.13553534 - Skyy Moore,WR,SF,TEN,TEN@SF,4:25PM EST,10,0.7, , 
 , , , , , , , , , , , , ,nfl.p.34054$nfl.g.13553534,Brian,Robinson Jr.,nfl.p.34054$nfl.g.13553534 - Brian Robinson Jr.,RB,SF,TEN,TEN@SF,4:25PM EST,10,3.9, , 
 , , , , , , , , , , , , ,nfl.p.34218$nfl.g.13553534,Brock,Purdy,nfl.p.34218$nfl.g.13553534 - Brock Purdy,QB,SF,TEN,TEN@SF,4:25PM EST,35,17, , 
 , , , , , , , , , , , , ,nfl.p.34374$nfl.g.13553534,Jake,Tonges,nfl.p.34374$nfl.g.13553534 - Jake Tonges,TE,SF,TEN,TEN@SF,4:25PM EST,10,7.5, , 
 , , , , , , , , , , , , ,nfl.p.40892$nfl.g.13553534,Ricky,Pearsall,nfl.p.40892$nfl.g.13553534 - Ricky Pearsall,WR,SF,TEN,TEN@SF,4:25PM EST,18,5.9, , 
 , , , , , , , , , , , , ,nfl.p.40998$nfl.g.13553534,Isaac,Guerendo,nfl.p.40998$nfl.g.13553534 - Isaac Guerendo,RB,SF,TEN,TEN@SF,4:25PM EST,10,0, , 
 , , , , , , , , , , , , ,nfl.p.41917$nfl.g.13553534,Jordan,Watkins,nfl.p.41917$nfl.g.13553534 - Jordan Watkins,WR,SF,TEN,TEN@SF,4:25PM EST,10,1.8, , 
 , , , , , , , , , , , , ,nfl.p.41933$nfl.g.13553534,Jordan,James,nfl.p.41933$nfl.g.13553534 - Jordan James,RB,SF,TEN,TEN@SF,4:25PM EST,10,0, , 
 , , , , , , , , , , , , ,nfl.t.10$nfl.g.13553534,Tennessee,Titans,nfl.t.10$nfl.g.13553534 - Tennessee Titans,DEF,TEN,SF,TEN@SF,4:25PM EST,11,5.8, , 
 , , , , , , , , , , , , ,nfl.t.25$nfl.g.13553534,San Francisco,49ers,nfl.t.25$nfl.g.13553534 - San Francisco 49ers,DEF,SF,TEN,TEN@SF,4:25PM EST,11,4.7, , 
 , , , , , , , , , , , , ,nfl.p.40996$nfl.g.13553534,Jacob,Cowing,nfl.p.40996$nfl.g.13553534 - Jacob Cowing,WR,SF,TEN,TEN@SF,4:25PM EST,10,0,IR, 
 , , , , , , , , , , , , ,nfl.p.31856$nfl.g.13553535,Josh,Jacobs,nfl.p.31856$nfl.g.13553535 - Josh Jacobs,RB,GB,DEN,GB@DEN,4:25PM EST,35,16,Q, 
 , , , , , , , , , , , , ,nfl.p.32696$nfl.g.13553535,Jordan,Love,nfl.p.32696$nfl.g.13553535 - Jordan Love,QB,GB,DEN,GB@DEN,4:25PM EST,34,17, , 
 , , , , , , , , , , , , ,nfl.p.33989$nfl.g.13553535,Christian,Watson,nfl.p.33989$nfl.g.13553535 - Christian Watson,WR,GB,DEN,GB@DEN,4:25PM EST,24,12.6, , 
 , , , , , , , , , , , , ,nfl.p.34042$nfl.g.13553535,Malik,Willis,nfl.p.34042$nfl.g.13553535 - Malik Willis,QB,GB,DEN,GB@DEN,4:25PM EST,20,3.2, , 
 , , , , , , , , , , , , ,nfl.p.34088$nfl.g.13553535,Romeo,Doubs,nfl.p.34088$nfl.g.13553535 - Romeo Doubs,WR,GB,DEN,GB@DEN,4:25PM EST,16,8.4, , 
 , , , , , , , , , , , , ,nfl.p.34169$nfl.g.13553535,John,FitzPatrick,nfl.p.34169$nfl.g.13553535 - John FitzPatrick,TE,GB,DEN,GB@DEN,4:25PM EST,10,1.8, , 
 , , , , , , , , , , , , ,nfl.p.40074$nfl.g.13553535,Luke,Musgrave,nfl.p.40074$nfl.g.13553535 - Luke Musgrave,TE,GB,DEN,GB@DEN,4:25PM EST,10,2.2, , 
 , , , , , , , , , , , , ,nfl.p.40182$nfl.g.13553535,Josh,Whyle,nfl.p.40182$nfl.g.13553535 - Josh Whyle,TE,GB,DEN,GB@DEN,4:25PM EST,10,2.5, , 
 , , , , , , , , , , , , ,nfl.p.40201$nfl.g.13553535,Dontayvion,Wicks,nfl.p.40201$nfl.g.13553535 - Dontayvion Wicks,WR,GB,DEN,GB@DEN,4:25PM EST,12,5.6, , 
 , , , , , , , , , , , , ,nfl.p.40625$nfl.g.13553535,Chris,Brooks,nfl.p.40625$nfl.g.13553535 - Chris Brooks,RB,GB,DEN,GB@DEN,4:25PM EST,10,1.3, , 
 , , , , , , , , , , , , ,nfl.p.40707$nfl.g.13553535,Emanuel,Wilson,nfl.p.40707$nfl.g.13553535 - Emanuel Wilson,RB,GB,DEN,GB@DEN,4:25PM EST,15,5.4, , 
 , , , , , , , , , , , , ,nfl.p.41808$nfl.g.13553535,Matthew,Golden,nfl.p.41808$nfl.g.13553535 - Matthew Golden,WR,GB,DEN,GB@DEN,4:25PM EST,13,4.5, , 
 , , , , , , , , , , , , ,nfl.p.41851$nfl.g.13553535,Savion,Williams,nfl.p.41851$nfl.g.13553535 - Savion Williams,WR,GB,DEN,GB@DEN,4:25PM EST,10,1.8,Q, 
 , , , , , , , , , , , , ,nfl.p.30136$nfl.g.13553535,Evan,Engram,nfl.p.30136$nfl.g.13553535 - Evan Engram,TE,DEN,GB,GB@DEN,4:25PM EST,11,5.1, , 
 , , , , , , , , , , , , ,nfl.p.31010$nfl.g.13553535,Courtland,Sutton,nfl.p.31010$nfl.g.13553535 - Courtland Sutton,WR,DEN,GB,GB@DEN,4:25PM EST,24,10.6, , 
 , , , , , , , , , , , , ,nfl.p.31965$nfl.g.13553535,Jarrett,Stidham,nfl.p.31965$nfl.g.13553535 - Jarrett Stidham,QB,DEN,GB,GB@DEN,4:25PM EST,20,-0.1, , 
 , , , , , , , , , , , , ,nfl.p.32494$nfl.g.13553535,Lil'Jordan,Humphrey,nfl.p.32494$nfl.g.13553535 - Lil'Jordan Humphrey,WR,DEN,GB,GB@DEN,4:25PM EST,10,2.9, , 
 , , , , , , , , , , , , ,nfl.p.32775$nfl.g.13553535,Adam,Trautman,nfl.p.32775$nfl.g.13553535 - Adam Trautman,TE,DEN,GB,GB@DEN,4:25PM EST,10,3.3, , 
 , , , , , , , , , , , , ,nfl.p.33901$nfl.g.13553535,Adam,Prentice,nfl.p.33901$nfl.g.13553535 - Adam Prentice,RB,DEN,GB,GB@DEN,4:25PM EST,10,1.3, , 
 , , , , , , , , , , , , ,nfl.p.34152$nfl.g.13553535,Tyler,Badie,nfl.p.34152$nfl.g.13553535 - Tyler Badie,RB,DEN,GB,GB@DEN,4:25PM EST,10,1.8, , 
 , , , , , , , , , , , , ,nfl.p.40090$nfl.g.13553535,Marvin,Mims Jr.,nfl.p.40090$nfl.g.13553535 - Marvin Mims Jr.,WR,DEN,GB,GB@DEN,4:25PM EST,11,5, , 
 , , , , , , , , , , , , ,nfl.p.40696$nfl.g.13553535,Jaleel,McLaughlin,nfl.p.40696$nfl.g.13553535 - Jaleel McLaughlin,RB,DEN,GB,GB@DEN,4:25PM EST,10,3.8, , 
 , , , , , , , , , , , , ,nfl.p.40702$nfl.g.13553535,Nate,Adkins,nfl.p.40702$nfl.g.13553535 - Nate Adkins,TE,DEN,GB,GB@DEN,4:25PM EST,10,2.3, , 
 , , , , , , , , , , , , ,nfl.p.40875$nfl.g.13553535,Bo,Nix,nfl.p.40875$nfl.g.13553535 - Bo Nix,QB,DEN,GB,GB@DEN,4:25PM EST,33,18.4, , 
 , , , , , , , , , , , , ,nfl.p.41009$nfl.g.13553535,Troy,Franklin,nfl.p.41009$nfl.g.13553535 - Troy Franklin,WR,DEN,GB,GB@DEN,4:25PM EST,17,8.8, , 
 , , , , , , , , , , , , ,nfl.p.41845$nfl.g.13553535,RJ,Harvey,nfl.p.41845$nfl.g.13553535 - RJ Harvey,RB,DEN,GB,GB@DEN,4:25PM EST,29,10.2, , 
 , , , , , , , , , , , , ,nfl.p.41860$nfl.g.13553535,Pat,Bryant,nfl.p.41860$nfl.g.13553535 - Pat Bryant,WR,DEN,GB,GB@DEN,4:25PM EST,14,4.8,O, 
 , , , , , , , , , , , , ,nfl.t.9$nfl.g.13553535,Green Bay,Packers,nfl.t.9$nfl.g.13553535 - Green Bay Packers,DEF,GB,DEN,GB@DEN,4:25PM EST,13,5.8, , 
 , , , , , , , , , , , , ,nfl.t.7$nfl.g.13553535,Denver,Broncos,nfl.t.7$nfl.g.13553535 - Denver Broncos,DEF,DEN,GB,GB@DEN,4:25PM EST,18,8.2, , 
 , , , , , , , , , , , , ,nfl.p.40063$nfl.g.13553535,Jayden,Reed,nfl.p.40063$nfl.g.13553535 - Jayden Reed,WR,GB,DEN,GB@DEN,4:25PM EST,15,6.4, , 
 , , , , , , , , , , , , ,nfl.p.40971$nfl.g.13553535,MarShawn,Lloyd,nfl.p.40971$nfl.g.13553535 - MarShawn Lloyd,RB,GB,DEN,GB@DEN,4:25PM EST,10,2.3,IR, 
 , , , , , , , , , , , , ,nfl.p.34185$nfl.g.13553535,Bo,Melton,nfl.p.34185$nfl.g.13553535 - Bo Melton,WR,GB,DEN,GB@DEN,4:25PM EST,10,2.3, , 
 , , , , , , , , , , , , ,nfl.p.7777$nfl.g.13553535,Marcedes,Lewis,nfl.p.7777$nfl.g.13553535 - Marcedes Lewis,TE,DEN,GB,GB@DEN,4:25PM EST,10,0.2, , 
 , , , , , , , , , , , , ,nfl.p.24822$nfl.g.13553536,Andy,Dalton,nfl.p.24822$nfl.g.13553536 - Andy Dalton,QB,CAR,NO,CAR@NO,4:25PM EST,20,2.6, , 
 , , , , , , , , , , , , ,nfl.p.31981$nfl.g.13553536,Hunter,Renfrow,nfl.p.31981$nfl.g.13553536 - Hunter Renfrow,WR,CAR,NO,CAR@NO,4:25PM EST,10,4.7, , 
 , , , , , , , , , , , , ,nfl.p.33100$nfl.g.13553536,Rico,Dowdle,nfl.p.33100$nfl.g.13553536 - Rico Dowdle,RB,CAR,NO,CAR@NO,4:25PM EST,27,13, , 
 , , , , , , , , , , , , ,nfl.p.33471$nfl.g.13553536,Tommy,Tremble,nfl.p.33471$nfl.g.13553536 - Tommy Tremble,TE,CAR,NO,CAR@NO,4:25PM EST,10,2.9, , 
 , , , , , , , , , , , , ,nfl.p.33514$nfl.g.13553536,Chuba,Hubbard,nfl.p.33514$nfl.g.13553536 - Chuba Hubbard,RB,CAR,NO,CAR@NO,4:25PM EST,20,8.9, , 
 , , , , , , , , , , , , ,nfl.p.34133$nfl.g.13553536,James,Mitchell,nfl.p.34133$nfl.g.13553536 - James Mitchell,TE,CAR,NO,CAR@NO,4:25PM EST,10,2.2, , 
 , , , , , , , , , , , , ,nfl.p.40029$nfl.g.13553536,Bryce,Young,nfl.p.40029$nfl.g.13553536 - Bryce Young,QB,CAR,NO,CAR@NO,4:25PM EST,31,14, , 
 , , , , , , , , , , , , ,nfl.p.40407$nfl.g.13553536,Brycen,Tremayne,nfl.p.40407$nfl.g.13553536 - Brycen Tremayne,WR,CAR,NO,CAR@NO,4:25PM EST,10,1.8, , 
 , , , , , , , , , , , , ,nfl.p.40890$nfl.g.13553536,Xavier,Legette,nfl.p.40890$nfl.g.13553536 - Xavier Legette,WR,CAR,NO,CAR@NO,4:25PM EST,15,5.5, , 
 , , , , , , , , , , , , ,nfl.p.40926$nfl.g.13553536,Jonathon,Brooks,nfl.p.40926$nfl.g.13553536 - Jonathon Brooks,RB,CAR,NO,CAR@NO,4:25PM EST,10,2,PUP, 
 , , , , , , , , , , , , ,nfl.p.40995$nfl.g.13553536,Ja'Tavion,Sanders,nfl.p.40995$nfl.g.13553536 - Ja'Tavion Sanders,TE,CAR,NO,CAR@NO,4:25PM EST,10,3.3, , 
 , , , , , , , , , , , , ,nfl.p.41293$nfl.g.13553536,Jalen,Coker,nfl.p.41293$nfl.g.13553536 - Jalen Coker,WR,CAR,NO,CAR@NO,4:25PM EST,15,5.6, , 
 , , , , , , , , , , , , ,nfl.p.41793$nfl.g.13553536,Tetairoa,McMillan,nfl.p.41793$nfl.g.13553536 - Tetairoa McMillan,WR,CAR,NO,CAR@NO,4:25PM EST,32,11.3, , 
 , , , , , , , , , , , , ,nfl.p.41913$nfl.g.13553536,Trevor,Etienne,nfl.p.41913$nfl.g.13553536 - Trevor Etienne,RB,CAR,NO,CAR@NO,4:25PM EST,10,0.9, , 
 , , , , , , , , , , , , ,nfl.p.41949$nfl.g.13553536,Mitchell,Evans,nfl.p.41949$nfl.g.13553536 - Mitchell Evans,TE,CAR,NO,CAR@NO,4:25PM EST,10,3.3, , 
 , , , , , , , , , , , , ,nfl.p.41999$nfl.g.13553536,Jimmy,Horn Jr.,nfl.p.41999$nfl.g.13553536 - Jimmy Horn Jr.,WR,CAR,NO,CAR@NO,4:25PM EST,10,2.6, , 
 , , , , , , , , , , , , ,nfl.p.30180$nfl.g.13553536,Alvin,Kamara,nfl.p.30180$nfl.g.13553536 - Alvin Kamara,RB,NO,CAR,CAR@NO,4:25PM EST,18,7.7,O, 
 , , , , , , , , , , , , ,nfl.p.30614$nfl.g.13553536,Taysom,Hill,nfl.p.30614$nfl.g.13553536 - Taysom Hill,TE,NO,CAR,CAR@NO,4:25PM EST,10,2, , 
 , , , , , , , , , , , , ,nfl.p.31969$nfl.g.13553536,Foster,Moreau,nfl.p.31969$nfl.g.13553536 - Foster Moreau,TE,NO,CAR,CAR@NO,4:25PM EST,10,1.4, , 
 , , , , , , , , , , , , ,nfl.p.33113$nfl.g.13553536,Juwan,Johnson,nfl.p.33113$nfl.g.13553536 - Juwan Johnson,TE,NO,CAR,CAR@NO,4:25PM EST,17,8.2, , 
 , , , , , , , , , , , , ,nfl.p.33891$nfl.g.13553536,Jack,Stoll,nfl.p.33891$nfl.g.13553536 - Jack Stoll,TE,NO,CAR,CAR@NO,4:25PM EST,10,1.4, , 
 , , , , , , , , , , , , ,nfl.p.33966$nfl.g.13553536,Chris,Olave,nfl.p.33966$nfl.g.13553536 - Chris Olave,WR,NO,CAR,CAR@NO,4:25PM EST,30,11.4, , 
 , , , , , , , , , , , , ,nfl.p.34489$nfl.g.13553536,Zaire,Mitchell-Paden,nfl.p.34489$nfl.g.13553536 - Zaire Mitchell-Paden,TE,NO,CAR,CAR@NO,4:25PM EST,10,0.9, , 
 , , , , , , , , , , , , ,nfl.p.40169$nfl.g.13553536,Evan,Hull,nfl.p.40169$nfl.g.13553536 - Evan Hull,RB,NO,CAR,CAR@NO,4:25PM EST,10,1.5, , 
 , , , , , , , , , , , , ,nfl.p.41019$nfl.g.13553536,Audric,Estime,nfl.p.41019$nfl.g.13553536 - Audric Estime,RB,NO,CAR,CAR@NO,4:25PM EST,10,0.6, , 
 , , , , , , , , , , , , ,nfl.p.41043$nfl.g.13553536,Spencer,Rattler,nfl.p.41043$nfl.g.13553536 - Spencer Rattler,QB,NO,CAR,CAR@NO,4:25PM EST,20,13, , 
 , , , , , , , , , , , , ,nfl.p.41097$nfl.g.13553536,Devaughn,Vele,nfl.p.41097$nfl.g.13553536 - Devaughn Vele,WR,NO,CAR,CAR@NO,4:25PM EST,16,4.4, , 
 , , , , , , , , , , , , ,nfl.p.41188$nfl.g.13553536,Mason,Tipton,nfl.p.41188$nfl.g.13553536 - Mason Tipton,WR,NO,CAR,CAR@NO,4:25PM EST,10,1.4, , 
 , , , , , , , , , , , , ,nfl.p.41825$nfl.g.13553536,Tyler,Shough,nfl.p.41825$nfl.g.13553536 - Tyler Shough,QB,NO,CAR,CAR@NO,4:25PM EST,29,12, , 
 , , , , , , , , , , , , ,nfl.p.41972$nfl.g.13553536,Devin,Neal,nfl.p.41972$nfl.g.13553536 - Devin Neal,RB,NO,CAR,CAR@NO,4:25PM EST,19,5.2, , 
 , , , , , , , , , , , , ,nfl.t.29$nfl.g.13553536,Carolina,Panthers,nfl.t.29$nfl.g.13553536 - Carolina Panthers,DEF,CAR,NO,CAR@NO,4:25PM EST,12,6, , 
 , , , , , , , , , , , , ,nfl.t.18$nfl.g.13553536,New Orleans,Saints,nfl.t.18$nfl.g.13553536 - New Orleans Saints,DEF,NO,CAR,CAR@NO,4:25PM EST,14,5.9, , 
 , , , , , , , , , , , , ,nfl.p.31014$nfl.g.13553536,Dante,Pettis,nfl.p.31014$nfl.g.13553536 - Dante Pettis,WR,NO,CAR,CAR@NO,4:25PM EST,10,0.5, , 
 , , , , , , , , , , , , ,nfl.p.34242$nfl.g.13553536,Kevin,Austin Jr.,nfl.p.34242$nfl.g.13553536 - Kevin Austin Jr.,WR,NO,CAR,CAR@NO,4:25PM EST,10,0, , 
 , , , , , , , , , , , , ,nfl.p.30339$nfl.g.13553536,David,Moore,nfl.p.30339$nfl.g.13553536 - David Moore,WR,CAR,NO,CAR@NO,4:25PM EST,10,0,IR, 
 , , , , , , , , , , , , ,nfl.p.40223$nfl.g.13553536,Trey,Palmer,nfl.p.40223$nfl.g.13553536 - Trey Palmer,WR,NO,CAR,CAR@NO,4:25PM EST,10,1.9,IR, 
 , , , , , , , , , , , , ,nfl.p.29235$nfl.g.13553537,Jared,Goff,nfl.p.29235$nfl.g.13553537 - Jared Goff,QB,DET,LA,DET@LA,4:25PM EST,35,17.9, , 
 , , , , , , , , , , , , ,nfl.p.29631$nfl.g.13553537,Kalif,Raymond,nfl.p.29631$nfl.g.13553537 - Kalif Raymond,WR,DET,LA,DET@LA,4:25PM EST,10,3,Q, 
 , , , , , , , , , , , , ,nfl.p.31301$nfl.g.13553537,Kyle,Allen,nfl.p.31301$nfl.g.13553537 - Kyle Allen,QB,DET,LA,DET@LA,4:25PM EST,20,-0.1, , 
 , , , , , , , , , , , , ,nfl.p.31329$nfl.g.13553537,Ross,Dwelley,nfl.p.31329$nfl.g.13553537 - Ross Dwelley,TE,DET,LA,DET@LA,4:25PM EST,10,0.4, , 
 , , , , , , , , , , , , ,nfl.p.31905$nfl.g.13553537,David,Montgomery,nfl.p.31905$nfl.g.13553537 - David Montgomery,RB,DET,LA,DET@LA,4:25PM EST,24,10.3, , 
 , , , , , , , , , , , , ,nfl.p.33500$nfl.g.13553537,Amon-Ra,St. Brown,nfl.p.33500$nfl.g.13553537 - Amon-Ra St. Brown,WR,DET,LA,DET@LA,4:25PM EST,35,14.8, , 
 , , , , , , , , , , , , ,nfl.p.33774$nfl.g.13553537,Brock,Wright,nfl.p.33774$nfl.g.13553537 - Brock Wright,TE,DET,LA,DET@LA,4:25PM EST,10,4.3,IR, 
 , , , , , , , , , , , , ,nfl.p.33967$nfl.g.13553537,Jameson,Williams,nfl.p.33967$nfl.g.13553537 - Jameson Williams,WR,DET,LA,DET@LA,4:25PM EST,30,10.8, , 
 , , , , , , , , , , , , ,nfl.p.40059$nfl.g.13553537,Jahmyr,Gibbs,nfl.p.40059$nfl.g.13553537 - Jahmyr Gibbs,RB,DET,LA,DET@LA,4:25PM EST,47,21.4, , 
 , , , , , , , , , , , , ,nfl.p.40474$nfl.g.13553537,Jacob,Saylors,nfl.p.40474$nfl.g.13553537 - Jacob Saylors,RB,DET,LA,DET@LA,4:25PM EST,10,0.1, , 
 , , , , , , , , , , , , ,nfl.p.41006$nfl.g.13553537,Sione,Vaki,nfl.p.41006$nfl.g.13553537 - Sione Vaki,RB,DET,LA,DET@LA,4:25PM EST,10,0.1,Q, 
 , , , , , , , , , , , , ,nfl.p.41865$nfl.g.13553537,Isaac,TeSlaa,nfl.p.41865$nfl.g.13553537 - Isaac TeSlaa,WR,DET,LA,DET@LA,4:25PM EST,13,4, , 
 , , , , , , , , , , , , ,nfl.p.42043$nfl.g.13553537,Dominic,Lovett,nfl.p.42043$nfl.g.13553537 - Dominic Lovett,WR,DET,LA,DET@LA,4:25PM EST,10,0, , 
 , , , , , , , , , , , , ,nfl.p.9265$nfl.g.13553537,Matthew,Stafford,nfl.p.9265$nfl.g.13553537 - Matthew Stafford,QB,LA,DET,DET@LA,4:25PM EST,40,20.2, , 
 , , , , , , , , , , , , ,nfl.p.27581$nfl.g.13553537,Davante,Adams,nfl.p.27581$nfl.g.13553537 - Davante Adams,WR,LA,DET,DET@LA,4:25PM EST,34,14.1,Q, 
 , , , , , , , , , , , , ,nfl.p.27590$nfl.g.13553537,Jimmy,Garoppolo,nfl.p.27590$nfl.g.13553537 - Jimmy Garoppolo,QB,LA,DET,DET@LA,4:25PM EST,20,-0.4, , 
 , , , , , , , , , , , , ,nfl.p.32803$nfl.g.13553537,Colby,Parkinson,nfl.p.32803$nfl.g.13553537 - Colby Parkinson,TE,LA,DET,DET@LA,4:25PM EST,12,5.7, , 
 , , , , , , , , , , , , ,nfl.p.34120$nfl.g.13553537,Kyren,Williams,nfl.p.34120$nfl.g.13553537 - Kyren Williams,RB,LA,DET,DET@LA,4:25PM EST,35,14.6, , 
 , , , , , , , , , , , , ,nfl.p.34310$nfl.g.13553537,Ronnie,Rivers,nfl.p.34310$nfl.g.13553537 - Ronnie Rivers,RB,LA,DET,DET@LA,4:25PM EST,10,2, , 
 , , , , , , , , , , , , ,nfl.p.40153$nfl.g.13553537,Stetson,Bennett IV,nfl.p.40153$nfl.g.13553537 - Stetson Bennett IV,QB,LA,DET,DET@LA,4:25PM EST,20,0, , 
 , , , , , , , , , , , , ,nfl.p.40164$nfl.g.13553537,Davis,Allen,nfl.p.40164$nfl.g.13553537 - Davis Allen,TE,LA,DET,DET@LA,4:25PM EST,10,3.6, , 
 , , , , , , , , , , , , ,nfl.p.40168$nfl.g.13553537,Puka,Nacua,nfl.p.40168$nfl.g.13553537 - Puka Nacua,WR,LA,DET,DET@LA,4:25PM EST,41,17.7, , 
 , , , , , , , , , , , , ,nfl.p.40399$nfl.g.13553537,Xavier,Smith,nfl.p.40399$nfl.g.13553537 - Xavier Smith,WR,LA,DET,DET@LA,4:25PM EST,10,1.9, , 
 , , , , , , , , , , , , ,nfl.p.40962$nfl.g.13553537,Blake,Corum,nfl.p.40962$nfl.g.13553537 - Blake Corum,RB,LA,DET,DET@LA,4:25PM EST,17,6.4, , 
 , , , , , , , , , , , , ,nfl.p.41083$nfl.g.13553537,Jordan,Whittington,nfl.p.41083$nfl.g.13553537 - Jordan Whittington,WR,LA,DET,DET@LA,4:25PM EST,10,2.3, , 
 , , , , , , , , , , , , ,nfl.p.41831$nfl.g.13553537,Terrance,Ferguson,nfl.p.41831$nfl.g.13553537 - Terrance Ferguson,TE,LA,DET,DET@LA,4:25PM EST,10,2.5, , 
 , , , , , , , , , , , , ,nfl.p.41919$nfl.g.13553537,Jarquez,Hunter,nfl.p.41919$nfl.g.13553537 - Jarquez Hunter,RB,LA,DET,DET@LA,4:25PM EST,10,0, , 
 , , , , , , , , , , , , ,nfl.p.42035$nfl.g.13553537,Konata,Mumpfield,nfl.p.42035$nfl.g.13553537 - Konata Mumpfield,WR,LA,DET,DET@LA,4:25PM EST,10,1.6, , 
 , , , , , , , , , , , , ,nfl.t.8$nfl.g.13553537,Detroit,Lions,nfl.t.8$nfl.g.13553537 - Detroit Lions,DEF,DET,LA,DET@LA,4:25PM EST,10,6.3, , 
 , , , , , , , , , , , , ,nfl.t.14$nfl.g.13553537,Los Angeles,Rams,nfl.t.14$nfl.g.13553537 - Los Angeles Rams,DEF,LA,DET,DET@LA,4:25PM EST,15,8.5, , 
 , , , , , , , , , , , , ,nfl.p.29328$nfl.g.13553537,Nick,Vannett,nfl.p.29328$nfl.g.13553537 - Nick Vannett,TE,LA,DET,DET@LA,4:25PM EST,10,3.1, , 
 , , , , , , , , , , , , ,nfl.p.30571$nfl.g.13553537,Anthony,Firkser,nfl.p.30571$nfl.g.13553537 - Anthony Firkser,TE,DET,LA,DET@LA,4:25PM EST,10,1, , 
 , , , , , , , , , , , , ,nfl.p.32561$nfl.g.13553537,Tom,Kennedy,nfl.p.32561$nfl.g.13553537 - Tom Kennedy,WR,DET,LA,DET@LA,4:25PM EST,10,2.8, , 
 , , , , , , , , , , , , ,nfl.p.41692$nfl.g.13553537,Hayden,Rucci,nfl.p.41692$nfl.g.13553537 - Hayden Rucci,TE,DET,LA,DET@LA,4:25PM EST,10,0, , 
 , , , , , , , , , , , , ,nfl.p.33803$nfl.g.13553537,Shane,Zylstra,nfl.p.33803$nfl.g.13553537 - Shane Zylstra,TE,DET,LA,DET@LA,4:25PM EST,10,1.4,IR, 
 , , , , , , , , , , , , ,nfl.p.33445$nfl.g.13553537,Tutu,Atwell,nfl.p.33445$nfl.g.13553537 - Tutu Atwell,WR,LA,DET,DET@LA,4:25PM EST,10,4.1,, 
 , , , , , , , , , , , , ,nfl.p.29951$nfl.g.13553538,C.J.,Ham,nfl.p.29951$nfl.g.13553538 - C.J. Ham,RB,MIN,DAL,MIN@DAL,8:20PM EST,10,0.2, , 
 , , , , , , , , , , , , ,nfl.p.30295$nfl.g.13553538,Aaron,Jones Sr.,nfl.p.30295$nfl.g.13553538 - Aaron Jones Sr.,RB,MIN,DAL,MIN@DAL,8:20PM EST,19,8.1, , 
 , , , , , , , , , , , , ,nfl.p.31840$nfl.g.13553538,T.J.,Hockenson,nfl.p.31840$nfl.g.13553538 - T.J. Hockenson,TE,MIN,DAL,MIN@DAL,8:20PM EST,15,6, , 
 , , , , , , , , , , , , ,nfl.p.31901$nfl.g.13553538,Josh,Oliver,nfl.p.31901$nfl.g.13553538 - Josh Oliver,TE,MIN,DAL,MIN@DAL,8:20PM EST,10,4.6, , 
 , , , , , , , , , , , , ,nfl.p.32692$nfl.g.13553538,Justin,Jefferson,nfl.p.32692$nfl.g.13553538 - Justin Jefferson,WR,MIN,DAL,MIN@DAL,8:20PM EST,24,9.6, , 
 , , , , , , , , , , , , ,nfl.p.34147$nfl.g.13553538,Jalen,Nailor,nfl.p.34147$nfl.g.13553538 - Jalen Nailor,WR,MIN,DAL,MIN@DAL,8:20PM EST,10,4.8, , 
 , , , , , , , , , , , , ,nfl.p.34320$nfl.g.13553538,Jordan,Mason,nfl.p.34320$nfl.g.13553538 - Jordan Mason,RB,MIN,DAL,MIN@DAL,8:20PM EST,17,8.3, , 
 , , , , , , , , , , , , ,nfl.p.40042$nfl.g.13553538,Jordan,Addison,nfl.p.40042$nfl.g.13553538 - Jordan Addison,WR,MIN,DAL,MIN@DAL,8:20PM EST,19,8.9, , 
 , , , , , , , , , , , , ,nfl.p.40335$nfl.g.13553538,Ben,Sims,nfl.p.40335$nfl.g.13553538 - Ben Sims,TE,MIN,DAL,MIN@DAL,8:20PM EST,10,1.4, , 
 , , , , , , , , , , , , ,nfl.p.40539$nfl.g.13553538,Zavier,Scott,nfl.p.40539$nfl.g.13553538 - Zavier Scott,RB,MIN,DAL,MIN@DAL,8:20PM EST,10,3.5, , 
 , , , , , , , , , , , , ,nfl.p.40905$nfl.g.13553538,J.J.,McCarthy,nfl.p.40905$nfl.g.13553538 - J.J. McCarthy,QB,MIN,DAL,MIN@DAL,8:20PM EST,27,13.7, , 
 , , , , , , , , , , , , ,nfl.p.41859$nfl.g.13553538,Tai,Felton,nfl.p.41859$nfl.g.13553538 - Tai Felton,WR,MIN,DAL,MIN@DAL,8:20PM EST,10,0.4, , 
 , , , , , , , , , , , , ,nfl.p.41994$nfl.g.13553538,Gavin,Bartholomew,nfl.p.41994$nfl.g.13553538 - Gavin Bartholomew,TE,MIN,DAL,MIN@DAL,8:20PM EST,10,0,PUP, 
 , , , , , , , , , , , , ,nfl.p.42075$nfl.g.13553538,Max,Brosmer,nfl.p.42075$nfl.g.13553538 - Max Brosmer,QB,MIN,DAL,MIN@DAL,8:20PM EST,20,0.6, , 
 , , , , , , , , , , , , ,nfl.p.42389$nfl.g.13553538,Myles,Price,nfl.p.42389$nfl.g.13553538 - Myles Price,WR,MIN,DAL,MIN@DAL,8:20PM EST,10,0, , 
 , , , , , , , , , , , , ,nfl.p.42434$nfl.g.13553538,Ben,Yurosek,nfl.p.42434$nfl.g.13553538 - Ben Yurosek,TE,MIN,DAL,MIN@DAL,8:20PM EST,10,0.2, , 
 , , , , , , , , , , , , ,nfl.p.29369$nfl.g.13553538,Dak,Prescott,nfl.p.29369$nfl.g.13553538 - Dak Prescott,QB,DAL,MIN,MIN@DAL,8:20PM EST,42,20.7, , 
 , , , , , , , , , , , , ,nfl.p.32687$nfl.g.13553538,CeeDee,Lamb,nfl.p.32687$nfl.g.13553538 - CeeDee Lamb,WR,DAL,MIN,MIN@DAL,8:20PM EST,35,13.3, , 
 , , , , , , , , , , , , ,nfl.p.33423$nfl.g.13553538,Javonte,Williams,nfl.p.33423$nfl.g.13553538 - Javonte Williams,RB,DAL,MIN,MIN@DAL,8:20PM EST,32,14.9, , 
 , , , , , , , , , , , , ,nfl.p.34007$nfl.g.13553538,George,Pickens,nfl.p.34007$nfl.g.13553538 - George Pickens,WR,DAL,MIN,MIN@DAL,8:20PM EST,39,15.9, , 
 , , , , , , , , , , , , ,nfl.p.34044$nfl.g.13553538,Jalen,Tolbert,nfl.p.34044$nfl.g.13553538 - Jalen Tolbert,WR,DAL,MIN,MIN@DAL,8:20PM EST,10,3.6, , 
 , , , , , , , , , , , , ,nfl.p.34085$nfl.g.13553538,Jake,Ferguson,nfl.p.34085$nfl.g.13553538 - Jake Ferguson,TE,DAL,MIN,MIN@DAL,8:20PM EST,18,10.2,Q, 
 , , , , , , , , , , , , ,nfl.p.34610$nfl.g.13553538,Malik,Davis,nfl.p.34610$nfl.g.13553538 - Malik Davis,RB,DAL,MIN,MIN@DAL,8:20PM EST,10,2.3, , 
 , , , , , , , , , , , , ,nfl.p.34709$nfl.g.13553538,KaVontae,Turpin,nfl.p.34709$nfl.g.13553538 - KaVontae Turpin,WR,DAL,MIN,MIN@DAL,8:20PM EST,10,4.5, , 
 , , , , , , , , , , , , ,nfl.p.40061$nfl.g.13553538,Luke,Schoonmaker,nfl.p.40061$nfl.g.13553538 - Luke Schoonmaker,TE,DAL,MIN,MIN@DAL,8:20PM EST,10,1.1, , 
 , , , , , , , , , , , , ,nfl.p.40073$nfl.g.13553538,Jonathan,Mingo,nfl.p.40073$nfl.g.13553538 - Jonathan Mingo,WR,DAL,MIN,MIN@DAL,8:20PM EST,10,0, , 
 , , , , , , , , , , , , ,nfl.p.40780$nfl.g.13553538,Hunter,Luepke,nfl.p.40780$nfl.g.13553538 - Hunter Luepke,RB,DAL,MIN,MIN@DAL,8:20PM EST,10,1.8, , 
 , , , , , , , , , , , , ,nfl.p.41060$nfl.g.13553538,Joe,Milton III,nfl.p.41060$nfl.g.13553538 - Joe Milton III,QB,DAL,MIN,MIN@DAL,8:20PM EST,20,3.5, , 
 , , , , , , , , , , , , ,nfl.p.41087$nfl.g.13553538,Ryan,Flournoy,nfl.p.41087$nfl.g.13553538 - Ryan Flournoy,WR,DAL,MIN,MIN@DAL,8:20PM EST,12,5.8, , 
 , , , , , , , , , , , , ,nfl.p.41371$nfl.g.13553538,Brevyn,Spann-Ford,nfl.p.41371$nfl.g.13553538 - Brevyn Spann-Ford,TE,DAL,MIN,MIN@DAL,8:20PM EST,10,1, , 
 , , , , , , , , , , , , ,nfl.p.41935$nfl.g.13553538,Jaydon,Blue,nfl.p.41935$nfl.g.13553538 - Jaydon Blue,RB,DAL,MIN,MIN@DAL,8:20PM EST,10,1.9, , 
 , , , , , , , , , , , , ,nfl.t.16$nfl.g.13553538,Minnesota,Vikings,nfl.t.16$nfl.g.13553538 - Minnesota Vikings,DEF,MIN,DAL,MIN@DAL,8:20PM EST,13,7, , 
 , , , , , , , , , , , , ,nfl.t.6$nfl.g.13553538,Dallas,Cowboys,nfl.t.6$nfl.g.13553538 - Dallas Cowboys,DEF,DAL,MIN,MIN@DAL,8:20PM EST,13,4.2, , 
 , , , , , , , , , , , , ,nfl.p.34125$nfl.g.13553538,Ty,Chandler,nfl.p.34125$nfl.g.13553538 - Ty Chandler,RB,MIN,DAL,MIN@DAL,8:20PM EST,10,0,IR, 
 , , , , , , , , , , , , ,nfl.p.31803$nfl.g.13553538,John,Wolford,nfl.p.31803$nfl.g.13553538 - John Wolford,QB,MIN,DAL,MIN@DAL,8:20PM EST,20,0, , 
 , , , , , , , , , , , , ,nfl.p.31178$nfl.g.13553539,Cedrick,Wilson Jr.,nfl.p.31178$nfl.g.13553539 - Cedrick Wilson Jr.,WR,MIA,PIT,MIA@PIT,8:15PM EST,10,1.3, , 
 , , , , , , , , , , , , ,nfl.p.32344$nfl.g.13553539,Alec,Ingold,nfl.p.32344$nfl.g.13553539 - Alec Ingold,RB,MIA,PIT,MIA@PIT,8:15PM EST,10,1.2, , 
 , , , , , , , , , , , , ,nfl.p.32675$nfl.g.13553539,Tua,Tagovailoa,nfl.p.32675$nfl.g.13553539 - Tua Tagovailoa,QB,MIA,PIT,MIA@PIT,8:15PM EST,25,12.2, , 
 , , , , , , , , , , , , ,nfl.p.33348$nfl.g.13553539,Nick,Westbrook-Ikhine,nfl.p.33348$nfl.g.13553539 - Nick Westbrook-Ikhine,WR,MIA,PIT,MIA@PIT,8:15PM EST,10,1.3, , 
 , , , , , , , , , , , , ,nfl.p.33390$nfl.g.13553539,Zach,Wilson,nfl.p.33390$nfl.g.13553539 - Zach Wilson,QB,MIA,PIT,MIA@PIT,8:15PM EST,20,0.5, , 
 , , , , , , , , , , , , ,nfl.p.33394$nfl.g.13553539,Jaylen,Waddle,nfl.p.33394$nfl.g.13553539 - Jaylen Waddle,WR,MIA,PIT,MIA@PIT,8:15PM EST,29,11.4, , 
 , , , , , , , , , , , , ,nfl.p.33444$nfl.g.13553539,Dee,Eskridge,nfl.p.33444$nfl.g.13553539 - Dee Eskridge,WR,MIA,PIT,MIA@PIT,8:15PM EST,10,0.7, , 
 , , , , , , , , , , , , ,nfl.p.34036$nfl.g.13553539,Greg,Dulcich,nfl.p.34036$nfl.g.13553539 - Greg Dulcich,TE,MIA,PIT,MIA@PIT,8:15PM EST,10,4.4, , 
 , , , , , , , , , , , , ,nfl.p.40118$nfl.g.13553539,De'Von,Achane,nfl.p.40118$nfl.g.13553539 - De'Von Achane,RB,MIA,PIT,MIA@PIT,8:15PM EST,45,18.8,Q, 
 , , , , , , , , , , , , ,nfl.p.40629$nfl.g.13553539,Julian,Hill,nfl.p.40629$nfl.g.13553539 - Julian Hill,TE,MIA,PIT,MIA@PIT,8:15PM EST,10,1.8, , 
 , , , , , , , , , , , , ,nfl.p.41010$nfl.g.13553539,Jaylen,Wright,nfl.p.41010$nfl.g.13553539 - Jaylen Wright,RB,MIA,PIT,MIA@PIT,8:15PM EST,12,3.9, , 
 , , , , , , , , , , , , ,nfl.p.41058$nfl.g.13553539,Malik,Washington,nfl.p.41058$nfl.g.13553539 - Malik Washington,WR,MIA,PIT,MIA@PIT,8:15PM EST,12,5.5, , 
 , , , , , , , , , , , , ,nfl.p.41104$nfl.g.13553539,Tahj,Washington,nfl.p.41104$nfl.g.13553539 - Tahj Washington,WR,MIA,PIT,MIA@PIT,8:15PM EST,10,-0.4, , 
 , , , , , , , , , , , , ,nfl.p.41969$nfl.g.13553539,Ollie,Gordon II,nfl.p.41969$nfl.g.13553539 - Ollie Gordon II,RB,MIA,PIT,MIA@PIT,8:15PM EST,11,3.8, , 
 , , , , , , , , , , , , ,nfl.p.42037$nfl.g.13553539,Quinn,Ewers,nfl.p.42037$nfl.g.13553539 - Quinn Ewers,QB,MIA,PIT,MIA@PIT,8:15PM EST,20,2.1, , 
 , , , , , , , , , , , , ,nfl.p.7200$nfl.g.13553539,Aaron,Rodgers,nfl.p.7200$nfl.g.13553539 - Aaron Rodgers,QB,PIT,MIA,MIA@PIT,8:15PM EST,28,14.7, , 
 , , , , , , , , , , , , ,nfl.p.30213$nfl.g.13553539,Jonnu,Smith,nfl.p.30213$nfl.g.13553539 - Jonnu Smith,TE,PIT,MIA,MIA@PIT,8:15PM EST,10,3.7, , 
 , , , , , , , , , , , , ,nfl.p.31046$nfl.g.13553539,Mason,Rudolph,nfl.p.31046$nfl.g.13553539 - Mason Rudolph,QB,PIT,MIA,MIA@PIT,8:15PM EST,20,3.4, , 
 , , , , , , , , , , , , ,nfl.p.31896$nfl.g.13553539,DK,Metcalf,nfl.p.31896$nfl.g.13553539 - DK Metcalf,WR,PIT,MIA,MIA@PIT,8:15PM EST,27,10.7, , 
 , , , , , , , , , , , , ,nfl.p.32040$nfl.g.13553539,Scotty,Miller,nfl.p.32040$nfl.g.13553539 - Scotty Miller,WR,PIT,MIA,MIA@PIT,8:15PM EST,10,0.7, , 
 , , , , , , , , , , , , ,nfl.p.33443$nfl.g.13553539,Pat,Freiermuth,nfl.p.33443$nfl.g.13553539 - Pat Freiermuth,TE,PIT,MIA,MIA@PIT,8:15PM EST,12,6.2, , 
 , , , , , , , , , , , , ,nfl.p.33538$nfl.g.13553539,Kenneth,Gainwell,nfl.p.33538$nfl.g.13553539 - Kenneth Gainwell,RB,PIT,MIA,MIA@PIT,8:15PM EST,23,9.6, , 
 , , , , , , , , , , , , ,nfl.p.33637$nfl.g.13553539,Ben,Skowronek,nfl.p.33637$nfl.g.13553539 - Ben Skowronek,WR,PIT,MIA,MIA@PIT,8:15PM EST,10,1.1,Q, 
 , , , , , , , , , , , , ,nfl.p.34094$nfl.g.13553539,Calvin,Austin III,nfl.p.34094$nfl.g.13553539 - Calvin Austin III,WR,PIT,MIA,MIA@PIT,8:15PM EST,11,5.1,Q, 
 , , , , , , , , , , , , ,nfl.p.34163$nfl.g.13553539,Connor,Heyward,nfl.p.34163$nfl.g.13553539 - Connor Heyward,TE,PIT,MIA,MIA@PIT,8:15PM EST,10,1, , 
 , , , , , , , , , , , , ,nfl.p.34447$nfl.g.13553539,Jaylen,Warren,nfl.p.34447$nfl.g.13553539 - Jaylen Warren,RB,PIT,MIA,MIA@PIT,8:15PM EST,28,12, , 
 , , , , , , , , , , , , ,nfl.p.40094$nfl.g.13553539,Darnell,Washington,nfl.p.40094$nfl.g.13553539 - Darnell Washington,TE,PIT,MIA,MIA@PIT,8:15PM EST,10,4,Q, 
 , , , , , , , , , , , , ,nfl.p.40952$nfl.g.13553539,Roman,Wilson,nfl.p.40952$nfl.g.13553539 - Roman Wilson,WR,PIT,MIA,MIA@PIT,8:15PM EST,10,3.3, , 
 , , , , , , , , , , , , ,nfl.p.41881$nfl.g.13553539,Kaleb,Johnson,nfl.p.41881$nfl.g.13553539 - Kaleb Johnson,RB,PIT,MIA,MIA@PIT,8:15PM EST,10,0.9, , 
 , , , , , , , , , , , , ,nfl.p.41989$nfl.g.13553539,Will,Howard,nfl.p.41989$nfl.g.13553539 - Will Howard,QB,PIT,MIA,MIA@PIT,8:15PM EST,20,0, , 
 , , , , , , , , , , , , ,nfl.p.42278$nfl.g.13553539,Ke'Shawn,Williams,nfl.p.42278$nfl.g.13553539 - Ke'Shawn Williams,WR,PIT,MIA,MIA@PIT,8:15PM EST,10,0, , 
 , , , , , , , , , , , , ,nfl.t.15$nfl.g.13553539,Miami,Dolphins,nfl.t.15$nfl.g.13553539 - Miami Dolphins,DEF,MIA,PIT,MIA@PIT,8:15PM EST,16,6.5, , 
 , , , , , , , , , , , , ,nfl.t.23$nfl.g.13553539,Pittsburgh,Steelers,nfl.t.23$nfl.g.13553539 - Pittsburgh Steelers,DEF,PIT,MIA,MIA@PIT,8:15PM EST,16,7.9, , 
 , , , , , , , , , , , , ,nfl.p.28592$nfl.g.13553539,Darren,Waller,nfl.p.28592$nfl.g.13553539 - Darren Waller,TE,MIA,PIT,MIA@PIT,8:15PM EST,16,9.7, , 
 , , , , , , , , , , , , ,nfl.p.27277$nfl.g.13553539,Adam,Thielen,nfl.p.27277$nfl.g.13553539 - Adam Thielen,WR,PIT,MIA,MIA@PIT,8:15PM EST,10,1.4, , 
 , , , , , , , , , , , , ,nfl.p.42163$nfl.g.13553539,AJ,Henning,nfl.p.42163$nfl.g.13553539 - AJ Henning,WR,MIA,PIT,MIA@PIT,8:15PM EST,10,0,O, 
 , , , , , , , , , , , , ,nfl.p.31144$nfl.g.13553539,Marquez,Valdes-Scantling,nfl.p.31144$nfl.g.13553539 - Marquez Valdes-Scantling,WR,PIT,MIA,MIA@PIT,8:15PM EST,10,1.2, , 
,,,,,,,,,,,,,nfl.p.41064$nfl.g.13553529,Jawhar,Jordan,nfl.p.41064$nfl.g.13553529 - Jawhar Jordan,RB,HOU,ARI,ARI@HOU,1:00PM EST,,,,
,,,,,,,,,,,,,nfl.p.33928$nfl.g.13553535,Michael,Bandy,nfl.p.33928$nfl.g.13553535 - Michael Bandy,WR,DEN,GB,GB@DEN,4:25PM EST,,,,
,,,,,,,,,,,,,nfl.p.32014$nfl.g.13553527,Trayveon,Williams,nfl.p.32014$nfl.g.13553527 - Trayveon Williams,RB,CLE,CHI,CLE@CHI,1:00PM EST,,,,
,,,,,,,,,,,,,nfl.p.30287$nfl.g.13553533,Eric,Saubert,nfl.p.30287$nfl.g.13553533 - Eric Saubert,TE,SEA,IND,IND@SEA,4:25PM EST,,,,
,,,,,,,,,,,,,nfl.p.6763$nfl.g.13553533,Philip,Rivers,nfl.p.6763$nfl.g.13553533 - Philip Rivers,QB,IND,SEA,IND@SEA,4:25PM EST,,,,
