player,team,Position,player_games,player_gs,pl_cmp,pl_pas_att,pl_pas_yds,pl_pas_tds,pl_rus_att,pl_rus_yds,pl_rus_tds,pl_tgt,pl_rec,pl_rec_yds,pl_rec_tds,pl_int,pl_fmb,pl_fl,touches,fl_per_tou
Tory Carter,TEN,NA,NA,2,NA,NA,NA,NA,NA,NA,NA,NA,NA,NA,NA,NA,NA,NA,NA,0
Mark Andrews,BAL,TE,17,9,0,0,0,0,0.0588235294117647,0,0,9,6.294117647058823,80.05882352941177,0.5294117647058824,0,0.0588235294117647,0.01757443718228031,6.411764705882353,0.00274096726696115
Cooper Kupp,LAR,WR,17,17,0,0.0588235294117647,0,0,0.2352941176470588,1.0588235294117647,0,11.235294117647058,8.529411764705882,114.52941176470588,0.9411764705882352,0,0,0,8.823529411764707,0
Jonathan Taylor,IND,RB,17,17,0,0,0,0,19.529411764705884,106.52941176470588,1.0588235294117647,3,2.3529411764705883,21.176470588235293,0.1176470588235294,0,0.2352941176470588,0.1055918663761801,21.941176470588236,0.00481249793135405
Josh Allen,BUF,QB,17,17,24.058823529411764,38,259.2352941176471,2.1176470588235294,7.176470588235294,44.88235294117647,0.35294117647058826,0,0,0,0,0.8823529411764706,0.4705882352941176,0.19353667392883075,7.235294117647059,0.02674897119341563
Nick Ralston,DAL,NA,NA,0,NA,NA,NA,NA,NA,NA,NA,NA,NA,NA,NA,NA,NA,NA,NA,0
Travis Kelce,KC,TE,16,16,0,0,0,0,0.125,0.1875,0.0625,8.375,5.75,70.3125,0.5625,0,0.0625,0.03742283950617284,5.9375,0.00630279402209226
Justin Herbert,LAC,QB,17,17,26.058823529411764,39.52941176470589,294.94117647058823,2.235294117647059,3.7058823529411766,17.764705882352942,0.17647058823529413,0,0,0,0,0.8823529411764706,0.0588235294117647,0.03522149600580973,3.764705882352941,0.00935570987654321
Deebo Samuel,SF,WR,16,15,0.0625,0.125,1.5,0.0625,3.6875,22.8125,0.5,7.5625,4.8125,87.8125,0.375,0,0.25,0.11219135802469136,8.5625,0.01310264035324862
Austin Ekeler,LAC,RB,16,16,0,0,0,0,12.875,56.9375,0.75,5.875,4.375,40.4375,0.5,0,0.25,0.13094135802469134,17.3125,0.00756339974149841
Dalton Schultz,DAL,TE,17,15,0,0,0,0,0,0,0,6.117647058823529,4.588235294117647,47.52941176470589,0.4705882352941176,0,0,0,4.647058823529412,0
Joe Mixon,CIN,RB,16,16,0,0,0,0,18.25,75.3125,0.8125,3,2.625,19.625,0.1875,0,0.125,0.05609567901234567,20.9375,0.00267919660954486
Ja Marr Chase,CIN,WR,17,17,0,0,0,0,0.4117647058823529,1.2352941176470589,0,7.529411764705882,4.764705882352941,85.58823529411765,0.7647058823529411,0,0.1176470588235294,0.05279593318809005,5.235294117647059,0.01008461645165765
Tom Brady,TB,QB,17,17,28.529411764705884,42.294117647058826,312.70588235294116,2.5294117647058822,1.6470588235294117,4.764705882352941,0.1176470588235294,0,0,0,0,0.7058823529411765,0.2352941176470588,0.1232389251997095,1.7058823529411764,0.07224350787569177
Najee Harris,PIT,RB,17,17,0,0,0,0,18.058823529411764,70.58823529411765,0.4117647058823529,5.529411764705882,4.352941176470588,27.470588235294116,0.17647058823529413,0,0,0,22.470588235294116,0
George Kittle,SF,TE,14,14,0,0,0,0,0.21428571428571427,1.4285714285714286,0,6.714285714285714,5.071428571428571,65,0.42857142857142855,0,0.14285714285714285,0.06410934744268078,5.357142857142857,0.01196707818930041
Justin Jefferson,MIN,WR,17,17,0.1176470588235294,0.2352941176470588,2.0588235294117645,0,0.35294117647058826,0.8235294117647058,0,9.823529411764708,6.352941176470588,95.05882352941175,0.5882352941176471,0,0.0588235294117647,0.03522149600580973,6.764705882352941,0.00520665593129361
Patrick Mahomes,KC,QB,17,17,25.647058823529413,38.705882352941174,284.6470588235294,2.176470588235294,3.8823529411764706,22.41176470588235,0.1176470588235294,0,0,0,0,0.7647058823529411,0.5294117647058824,0.2287581699346405,3.941176470588235,0.05804311774461027
Rob Gronkowski,TB,TE,12,12,0,0,0,0,0,0,0,7.416666666666667,4.583333333333333,66.83333333333333,0.5,0,0,0,4.666666666666667,0
Aaron Rodgers,GB,QB,16,16,22.875,33.1875,257.1875,2.3125,2.0625,6.3125,0.1875,0.0625,0.0625,-0.25,0,0.25,0.1875,0.05601851851851851,2.1875,0.0256084656084656
James Conner,ARI,RB,15,6,0,0,0,0,13.466666666666669,50.13333333333333,1,2.6,2.466666666666667,25,0.2,0,0.13333333333333333,0.03983539094650205,16,0.00248971193415637
Davante Adams,GB,WR,16,16,0,0,0,0,0,0,0,10.5625,7.6875,97.0625,0.6875,0,0,0,7.75,0
Dawson Knox,BUF,TE,15,14,0,0,0,0,0,0.26666666666666666,0,4.733333333333333,3.2666666666666666,39.13333333333333,0.6,0,0,0,3.3333333333333335,0
Mike Evans,TB,WR,16,16,0,0,0,0,0.0625,0.625,0,7.125,4.625,64.6875,0.875,0,0,0,4.75,0
Ezekiel Elliott,DAL,RB,17,17,0.0588235294117647,0.0588235294117647,0.2352941176470588,0,13.941176470588236,58.94117647058823,0.5882352941176471,3.823529411764706,2.764705882352941,16.88235294117647,0.1176470588235294,0,0.0588235294117647,0.03522149600580973,16.764705882352942,0.00210093134069742
Matthew Stafford,LAR,QB,17,17,23.764705882352946,35.35294117647059,287.4117647058824,2.411764705882353,1.8823529411764703,2.5294117647058822,0,0,0,0,0,1,0.29411764705882354,0.12316630355846042,1.9411764705882353,0.06344930789375235
Hunter Henry,NE,TE,17,10,0,0,0,0,0,0,0,4.411764705882353,2.9411764705882355,35.470588235294116,0.5294117647058824,0,0,0,3,0
Nick Chubb,CLE,RB,14,14,0,0,0,0,16.285714285714285,89.92857142857143,0.5714285714285714,1.7857142857142858,1.4285714285714286,12.428571428571429,0.07142857142857142,0,0.14285714285714285,0.06410934744268078,17.785714285714285,0.00360454162328325
Tyreek Hill,KC,WR,17,16,0,0,0,0,0.5294117647058824,5.647058823529412,0,9.352941176470589,6.529411764705882,72.88235294117646,0.5294117647058824,0,0.1176470588235294,0.05279593318809005,7.117647058823529,0.00741761044791347
Dak Prescott,DAL,QB,16,16,25.625,37.25,278.0625,2.3125,3,9.125,0.0625,0,0,0,0,0.625,0.875,0.3739197530864197,3.0625,0.1220962459057697
Dallas Goedert,PHI,TE,15,14,0,0,0,0,0,0,0,5.066666666666666,3.7333333333333334,55.333333333333336,0.26666666666666666,0,0.06666666666666667,0.01991769547325102,3.8,0.00524149880875027
Stefon Diggs,BUF,WR,17,17,0,0,0,0,0,0,0,9.647058823529411,6.0588235294117645,72.05882352941177,0.5882352941176471,0,0.0588235294117647,0.01757443718228031,6.117647058823529,0.0028727445394112
Joe Burrow,CIN,QB,16,16,22.875,32.5,288.1875,2.125,2.5,7.375,0.125,0,0,0,0,0.875,0.3125,0.1308641975308642,2.5625,0.05106895513399578
Damien Harris,NE,RB,15,15,0,0,0,0,13.466666666666669,61.93333333333333,1,1.4,1.2,8.8,0,0,0.13333333333333333,0.07983539094650206,14.733333333333333,0.00541869169320149
Kyle Pitts,ATL,TE,17,15,0,0,0,0,0,0,0,6.470588235294118,4,60.35294117647059,0.0588235294117647,0,0,0,4.0588235294117645,0
Alvin Kamara,NO,RB,13,10,0,0,0,0,18.46153846153846,69.07692307692308,0.3076923076923077,5.153846153846154,3.6153846153846154,33.76923076923077,0.38461538461538464,0,0,0,22.153846153846153,0
Mike Williams,LAC,WR,16,14,0,0,0,0,0,0,0,8.0625,4.75,71.625,0.5625,0,0,0,4.8125,0
Jalen Hurts,PHI,QB,15,15,17.666666666666668,28.8,209.6,1.0666666666666669,9.266666666666667,52.266666666666666,0.6666666666666666,0.06666666666666667,0,0,0,0.6,0.6,0.21925925925925924,9.333333333333334,0.02349206349206349
Zach Ertz,2TM,TE,17,14,0,0,0,0,0.0588235294117647,0.2352941176470588,0,6.588235294117647,4.352941176470588,44.88235294117647,0.29411764705882354,0,0,0,4.470588235294118,0
Kyler Murray,ARI,QB,14.000000000000002,14,23.78571428571428,34.357142857142854,270.49999999999994,1.714285714285714,6.285714285714285,30.21428571428571,0.3571428571428571,0,0,0.49999999999999994,0,0.7142857142857142,0.9285714285714284,0.2774250440917107,6.357142857142857,0.04363989457622416
D K Metcalf,SEA,WR,17,17,0,0,0,0,0.0588235294117647,0.35294117647058826,0,7.588235294117647,4.411764705882353,56.88235294117647,0.7058823529411765,0,0.0588235294117647,0.01757443718228031,4.529411764705882,0.00388007054673721
Antonio Gibson,WAS,RB,16,14,0,0,0,0,16.125,64.8125,0.4375,3.25,2.625,18.375,0.1875,0,0.375,0.187037037037037,18.8125,0.00994216808170296
Mike Gesicki,MIA,TE,17,9,0,0.0588235294117647,0,0,0,0,0,6.588235294117647,4.294117647058823,45.88235294117647,0.1176470588235294,0,0,0,4.352941176470588,0
Leonard Fournette,TB,RB,14,13,0,0.07142857142857142,0,0,12.857142857142858,58,0.5714285714285714,6,4.928571428571429,32.42857142857143,0.14285714285714285,0,0.07142857142857142,0.02134038800705467,17.857142857142858,0.00119506172839506
Tyler Lockett,SEA,WR,16,16,0,0,0,0,0.125,0.5625,0,6.6875,4.5625,73.4375,0.5,0,0,0,4.75,0
Kirk Cousins,MIN,QB,16,16,23.25,35.0625,263.8125,2.0625,1.8125,7.1875,0.0625,0,0,0,0,0.4375,0.75,0.261574074074074,1.875,0.13950617283950614
Cordarrelle Patterson,ATL,RB,16,13,0,0.0625,0,0,9.5625,38.625,0.375,4.3125,3.25,34.25,0.3125,0,0.125,0.03734567901234567,12.875,0.0029006352630948
Pat Freiermuth,PIT,TE,16,9,0,0,0,0,0,0,0,4.9375,3.75,31.0625,0.4375,0,0.0625,0.03742283950617284,3.8125,0.00981582675571746
Diontae Johnson,PIT,WR,16,14,0,0,0,0,0.3125,3.3125,0,10.5625,6.6875,72.5625,0.5,0,0.125,0.07484567901234568,7.0625,0.01059761826723478
Ryan Tannehill,TEN,QB,17,17,21,31.235294117647054,219.64705882352945,1.2352941176470589,3.235294117647059,15.882352941176473,0.4117647058823529,0,0,0,0,0.8235294117647058,0.5882352941176471,0.24633260711692084,3.2941176470588234,0.07477954144620812
Noah Fant,DEN,TE,16,16,0,0,0,0,0,0,0,5.625,4.25,41.875,0.25,0,0,0,4.3125,0
Aaron Jones,GB,RB,15,15,0,0,0,0,11.4,53.266666666666666,0.26666666666666666,4.333333333333333,3.466666666666667,26.066666666666663,0.4,0,0.13333333333333333,0.05983539094650205,14.933333333333334,0.00400683421516754
Hunter Renfrow,LV,WR,17,9,0,0,0,0,0.17647058823529413,0.17647058823529413,0,7.529411764705882,6.0588235294117645,61.05882352941177,0.5294117647058824,0,0.29411764705882354,0.10551924473493102,6.294117647058823,0.01676473981769932
Carson Wentz,IND,QB,17,17,18.941176470588236,30.352941176470587,209.58823529411765,1.588235294117647,3.3529411764705883,12.647058823529411,0.0588235294117647,0,0,0,0,0.4117647058823529,0.4705882352941176,0.2288307915758896,3.411764705882353,0.06707109408258832
Tyler Higbee,LAR,TE,15,15,0,0,0,0,0,0,0,5.666666666666667,4.066666666666666,37.333333333333336,0.3333333333333333,0,0.06666666666666667,0.01991769547325102,4.133333333333334,0.00481879729191557
Derrick Henry,TEN,RB,8,8,0.125,0.125,0.625,0.125,27.375,117.125,1.25,2.5,2.25,19.25,0,0,0.125,0.03734567901234567,29.75,0.00125531694159145
CeeDee Lamb,DAL,WR,16,13,0,0,0,0,0.5625,4.75,0,7.5,4.9375,68.875,0.375,0,0,0,5.5625,0
Derek Carr,LV,QB,17,17,25.176470588235293,36.8235294117647,282.5882352941176,1.3529411764705883,2.3529411764705883,6.352941176470588,0,0,0,0,0,0.8235294117647058,0.7647058823529411,0.3167029774872912,2.411764705882353,0.1313158687142427
Jared Cook,LAC,TE,16,10,0,0,0,0,0,0,0,5.1875,3,35.25,0.25,0,0,0,3.0625,0
Keenan Allen,LAC,WR,16,16,0,0.0625,0,0,0,0,0,9.8125,6.625,71.125,0.375,0,0.0625,0.01867283950617283,6.6875,0.00279220029998846
Russell Wilson,SEA,QB,14.000000000000002,14,18.499999999999996,28.57142857142857,222.35714285714283,1.7857142857142856,3.071428571428571,13.07142857142857,0.14285714285714285,0,0,0,0,0.4285714285714285,0.4285714285714285,0.14947089947089942,3.1428571428571423,0.04755892255892255
Dalvin Cook,MIN,RB,13,13,0,0,0,0,19.153846153846153,89.15384615384616,0.4615384615384616,3.769230769230769,2.6153846153846154,17.23076923076923,0,0,0.2307692307692308,0.11509971509971507,21.846153846153847,0.00526864893062076
T J Hockenson,DET,TE,12,12,0,0,0,0,0,0,0,7,5.083333333333333,48.583333333333336,0.3333333333333333,0,0,0,5.166666666666667,0
Michael Pittman,IND,WR,17,17,0,0,0,0,0.29411764705882354,2.588235294117647,0,7.588235294117647,5.176470588235294,63.64705882352941,0.35294117647058826,0,0.0588235294117647,0.01757443718228031,5.529411764705882,0.00317835566062516
Josh Jacobs,LV,RB,15,14,0,0,0,0,14.466666666666669,58.13333333333333,0.6,4.266666666666667,3.6,23.2,0,0,0.13333333333333333,0.07983539094650206,18.133333333333333,0.00440268700072621
Lamar Jackson,BAL,QB,12.000000000000002,12,20.499999999999996,31.83333333333333,240.16666666666663,1.333333333333333,11.083333333333332,63.91666666666666,0.16666666666666663,0,0,0,0,1.0833333333333333,0.49999999999999994,0.22438271604938265,11.166666666666664,0.0200939745715865
C J Uzomah,CIN,TE,16,16,0,0,0,0,0,0,0,3.9375,3.0625,30.8125,0.3125,0,0,0,3.125,0
Tee Higgins,CIN,WR,14,14,0,0,0,0,0,0,0,7.857142857142857,5.285714285714286,77.92857142857143,0.42857142857142855,0,0.07142857142857142,0.0427689594356261,5.357142857142857,0.0079835390946502
Jimmy Garoppolo,SF,QB,15,15,20.066666666666663,29.4,254,1.3333333333333333,2.533333333333333,3.4,0.2,0,0,0,0,0.8,0.5333333333333333,0.2193415637860082,2.6,0.08436213991769546
Melvin Gordon,DEN,RB,16,16,0,0,0,0,12.6875,57.375,0.5,2.375,1.75,13.3125,0.125,0,0.1875,0.1122685185185185,14.5,0.007742656449553
Darren Waller,LV,TE,11,11,0,0,0,0,0,0,0,8.454545454545455,5,60.45454545454545,0.18181818181818185,0,0,0,5.090909090909091,0
Javonte Williams,DEN,RB,17,1,0,0,0,0,11.941176470588236,53.11764705882353,0.2352941176470588,3.1176470588235294,2.5294117647058822,18.58823529411765,0.17647058823529413,0,0.1176470588235294,0.05279593318809005,14.529411764705882,0.0036337281951317
D J Moore,CAR,WR,17,17,0,0,0,0,0.4705882352941176,2.823529411764706,0,9.588235294117649,5.470588235294118,68.05882352941177,0.2352941176470588,0,0.0588235294117647,0.03522149600580973,6,0.00587024933430162
Mac Jones,NE,QB,17,17,20.705882352941178,30.647058823529413,223.58823529411765,1.2941176470588236,2.588235294117647,7.588235294117647,0,0,0,0,0,0.7647058823529411,0.4117647058823529,0.17596223674655043,2.6470588235294117,0.06647462277091906
Tyler Conklin,MIN,TE,17,15,0,0,0,0,0,0,0,5.117647058823529,3.588235294117647,34.88235294117647,0.17647058823529413,0,0.0588235294117647,0.01757443718228031,3.647058823529412,0.00481879729191557
Devin Singletary,BUF,RB,17,16,0,0,0,0,11.058823529411764,51.1764705882353,0.4117647058823529,2.9411764705882355,2.3529411764705883,13.411764705882351,0.0588235294117647,0,0.29411764705882354,0.0878721859114016,13.470588235294118,0.00652326270958003
Chris Godwin,TB,WR,14,14,0,0,0,0,0.2857142857142857,1.5,0.07142857142857142,9.071428571428571,7,78.78571428571429,0.35714285714285715,0,0.14285714285714285,0.0855379188712522,7.357142857142857,0.01162651324463622
Matt Ryan,ATL,QB,17,17,22.058823529411764,32.94117647058823,233.41176470588235,1.1764705882352942,2.3529411764705883,4.823529411764706,0.0588235294117647,0,0,0,0,0.7058823529411765,0.6470588235294118,0.26390704429920114,2.411764705882353,0.10942487202649805
David Njoku,CLE,TE,16,11,0,0,0,0,0.0625,0.0625,0,3.3125,2.25,29.6875,0.25,0,0,0,2.375,0
Brandin Cooks,HOU,WR,16,16,0,0,0,0,0.125,1.3125,0,8.375,5.625,64.8125,0.375,0,0,0,5.8125,0
David Montgomery,CHI,RB,13,13,0,0.07692307692307693,0,0,17.307692307692307,65.3076923076923,0.5384615384615384,3.923076923076923,3.230769230769231,23.153846153846153,0,0,0.07692307692307693,0.04605887939221272,20.615384615384617,0.00223419937350285
Taylor Heinicke,WAS,QB,15.2,15,21.11842105263158,32.5,224.9342105263158,1.3157894736842106,3.947368421052632,20.592105263157897,0.06578947368421052,0.06578947368421052,0.06578947368421052,-0.13157894736842105,0,0.986842105263158,0.4605263157894738,0.17706302794022094,4.078947368421053,0.04340900039824771
AJ Dillon,GB,RB,17,2,0,0,0,0,11,47.23529411764706,0.29411764705882354,2.176470588235294,2,18.41176470588235,0.1176470588235294,0,0.1176470588235294,0.05279593318809005,13.058823529411764,0.00404293182070959
Jaylen Waddle,MIA,WR,16,16,0,0,0,0,0.125,0.1875,0.0625,8.75,6.5,63.4375,0.375,0,0.125,0.05609567901234567,6.6875,0.00838813891773393
Gerald Everett,SEA,TE,15,12,0,0,0,0,0.2,1.3333333333333333,0,4.2,3.2,31.866666666666667,0.26666666666666666,0,0.13333333333333333,0.07983539094650206,3.466666666666667,0.02302943969610636
Ben Roethlisberger,PIT,QB,16,16,24.375,37.8125,233.75,1.375,1.25,0.3125,0.0625,0,0,0,0,0.625,0.6875,0.2991512345679012,1.3125,0.22792475014697236
Cole Kmet,CHI,TE,17,17,0,0,0,0,0.0588235294117647,0,0,5.470588235294118,3.5294117647058822,36,0,0,0,0,3.647058823529412,0
Darrel Williams,KC,RB,17,7,0,0,0,0,8.470588235294118,32.8235294117647,0.35294117647058826,3.3529411764705883,2.764705882352941,26.58823529411765,0.1176470588235294,0,0,0,11.294117647058824,0
Darnell Mooney,CHI,WR,17,14,0,0,0,0,0.35294117647058826,1.8823529411764703,0.0588235294117647,8.235294117647058,4.764705882352941,62.05882352941177,0.2352941176470588,0,0,0,5.176470588235294,0
Teddy Bridgewater,DEN,QB,14.000000000000002,14,20.357142857142858,30.428571428571423,217.99999999999997,1.2857142857142856,2.142857142857143,7.57142857142857,0.14285714285714285,0,0,0,0,0.49999999999999994,0.07142857142857142,0.0427689594356261,2.214285714285714,0.01931501393866985
Amon Ra St Brown,DET,WR,17,9,0,0,0,0,0.4117647058823529,3.588235294117647,0.0588235294117647,7,5.294117647058823,53.64705882352941,0.29411764705882354,0,0,0,5.764705882352941,0
Evan Engram,NYG,TE,15,12,0,0,0,0,0.06666666666666667,-0.2,0,4.866666666666666,3.066666666666667,27.2,0.2,0,0.06666666666666667,0.03991769547325103,3.2,0.01247427983539094
D Andre Swift,DET,RB,13,4,0,0.07692307692307693,0,0,11.615384615384617,47.46153846153846,0.38461538461538464,6,4.769230769230769,34.76923076923077,0.15384615384615383,0,0.15384615384615383,0.06904083570750237,16.46153846153846,0.00419406945886696
Trevor Lawrence,JAC,QB,17,17,21.11764705882353,35.411764705882355,214.1764705882353,0.7058823529411765,4.294117647058823,19.647058823529413,0.1176470588235294,0,0,0,0,1,0.5294117647058824,0.2464052287581699,4.352941176470588,0.05660660660660659
Mo Alie Cox,IND,TE,17,7,0,0,0,0,0,0,0,2.6470588235294117,1.411764705882353,18.58823529411765,0.2352941176470588,0,0.0588235294117647,0.01757443718228031,1.4705882352941178,0.01195061728395061
Elijah Mitchell,SF,RB,11,10,0,0,0,0,18.818181818181817,87.54545454545455,0.4545454545454546,1.818181818181818,1.7272727272727273,12.454545454545457,0.09090909090909093,0,0,0,20.636363636363637,0
Terry McLaurin,WAS,WR,17,17,0,0,0,0,0.0588235294117647,0.7058823529411765,0,7.647058823529412,4.529411764705882,61.94117647058823,0.29411764705882354,0,0,0,4.647058823529412,0
Jared Goff,DET,QB,14.000000000000002,14,23.71428571428571,35.285714285714285,231.78571428571425,1.357142857142857,1.2142857142857142,6.2142857142857135,0,0,0,0,0,0.5714285714285714,0.6428571428571428,0.3206349206349206,1.2857142857142856,0.24938271604938272
Foster Moreau,LV,TE,17,11,0,0,0,0,0,0,0,2.588235294117647,1.7647058823529411,21.941176470588236,0.17647058823529413,0,0.0588235294117647,0.01757443718228031,1.8235294117647056,0.00963759458383114
Tua Tagovailoa,MIA,QB,12.2,12,21.557377049180324,31.80327868852459,217.4590163934426,1.3114754098360657,3.442622950819672,10.491803278688524,0.24590163934426224,0,0,0,0,0.8196721311475409,0.7377049180327868,0.2449908925318761,3.524590163934426,0.06950904392764858
Marquise Brown,BAL,WR,16,16,0,0,0,0,0.0625,0.3125,0,9.125,5.6875,63,0.375,0,0.1875,0.07476851851851851,5.8125,0.01286340103544404
James Robinson,JAC,RB,14,13,0,0,0,0,11.714285714285714,54.785714285714285,0.5714285714285714,3.2857142857142856,2.2142857142857144,15.857142857142858,0,0,0.2857142857142857,0.12821869488536156,14,0.00915847820609725
Austin Hooper,CLE,TE,16,16,0,0,0,0,0,0,0,3.8125,2.375,21.5625,0.1875,0,0,0,2.4375,0
Darrell Henderson,LAR,RB,12,10,0,0,0,0,12.416666666666666,57.333333333333336,0.4166666666666667,3.3333333333333335,2.4166666666666665,14.666666666666666,0.25,0,0,0,14.916666666666666,0
Amari Cooper,DAL,WR,15,14,0,0,0,0,0,0,0,6.933333333333334,4.533333333333333,57.666666666666664,0.5333333333333333,0,0.06666666666666667,0.01991769547325102,4.6,0.00432993379853283
Baker Mayfield,CLE,QB,14.000000000000002,14,18.07142857142857,29.857142857142858,214.99999999999997,1.2142857142857142,2.6428571428571423,9.57142857142857,0.07142857142857142,0,0,0.7857142857142856,0,0.9285714285714284,0.4285714285714285,0.19232804232804224,2.714285714285714,0.07085769980506822
Jack Doyle,IND,TE,17,14,0,0,0,0,0,0,0,2.5294117647058822,1.7058823529411764,17.764705882352942,0.17647058823529413,0,0,0,1.7647058823529411,0
Adam Thielen,MIN,WR,13,13,0,0,0,0,0.07692307692307693,0.15384615384615383,0,7.3076923076923075,5.153846153846154,55.84615384615385,0.7692307692307693,0,0.07692307692307693,0.02298195631528964,5.3076923076923075,0.00432993379853283
Sony Michel,LAR,RB,17,7,0,0,0,0,12.235294117647058,49.705882352941174,0.2352941176470588,1.9411764705882353,1.2352941176470589,7.529411764705882,0.0588235294117647,0,0.0588235294117647,0.03522149600580973,13.529411764705882,0.0026033279656468
Daniel Jones,NYG,QB,11,11,21.09090909090909,32.81818181818182,220.72727272727272,0.9090909090909092,5.636363636363637,27.09090909090909,0.18181818181818185,0.09090909090909093,0.09090909090909093,1.4545454545454546,0,0.6363636363636364,0.6363636363636364,0.2719416386083053,5.818181818181818,0.04673996913580246
Cameron Brate,TB,TE,17,3,0,0,0,0,0,0,0,3.3529411764705883,1.7647058823529411,14.411764705882351,0.2352941176470588,0,0,0,1.8235294117647056,0
Christian Kirk,ARI,WR,17,11,0.0588235294117647,0.0588235294117647,1.9411764705882353,0,0.0588235294117647,0.6470588235294118,0,6.0588235294117645,4.529411764705882,57.76470588235294,0.29411764705882354,0,0,0,4.647058823529412,0
Myles Gaskin,MIA,RB,17,10,0,0,0,0,10.176470588235292,36,0.17647058823529413,3.7058823529411766,2.8823529411764706,13.764705882352942,0.2352941176470588,0,0.1176470588235294,0.05279593318809005,13.117647058823527,0.00402480208160327
Sam Darnold,CAR,QB,11.2,11,21.69642857142857,36.25,225.62499999999997,0.8035714285714285,4.285714285714286,19.82142857142857,0.4464285714285714,0,0,0,0,1.1607142857142856,0.8035714285714285,0.34722222222222215,4.375,0.07936507936507936
Tony Pollard,DAL,RB,15,0,0,0,0,0,8.666666666666666,47.93333333333333,0.13333333333333333,3.066666666666667,2.6,22.466666666666665,0,0,0.13333333333333333,0.03983539094650205,11.333333333333334,0.00351488743645606
Anthony Firkser,TEN,TE,15,1,0,0,0,0,0,0,0,2.8666666666666667,2.2666666666666666,19.4,0.13333333333333333,0,0.13333333333333333,0.05983539094650205,2.3333333333333335,0.0256437389770723
Davis Mills,HOU,QB,11.4,11,23.07017543859649,34.56140350877193,233.68421052631575,1.4035087719298245,1.5789473684210529,3.8596491228070176,0,0,0,0,0,0.8771929824561403,0.43859649122807015,0.157353259692441,1.6666666666666663,0.0944119558154646
Kendrick Bourne,NE,WR,17,5,0.0588235294117647,0.0588235294117647,1.4705882352941178,0.0588235294117647,0.7058823529411765,7.352941176470588,0,4.117647058823529,3.235294117647059,47.05882352941177,0.29411764705882354,0,0.0588235294117647,0.03522149600580973,4,0.00880537400145243
Albert Okwuegbunam,DEN,TE,14,6,0,0,0,0,0,0,0,2.857142857142857,2.357142857142857,23.571428571428573,0.14285714285714285,0,0.07142857142857142,0.0427689594356261,2.4285714285714284,0.01761074800290486
Michael Carter,NYJ,RB,14,11,0,0,0,0,10.5,45.642857142857146,0.2857142857142857,3.928571428571429,2.5714285714285716,23.214285714285715,0,0,0.07142857142857142,0.0427689594356261,13.142857142857142,0.0032541599570585
DeVonta Smith,PHI,WR,17,16,0,0,0,0,0,0,0,6.117647058823529,3.764705882352941,53.88235294117647,0.29411764705882354,0,0.0588235294117647,0.03522149600580973,3.823529411764706,0.00921177587844254
Zach Wilson,NYJ,QB,13,13,16.384615384615383,29.46153846153846,179.53846153846155,0.6923076923076923,2.230769230769231,14.23076923076923,0.3076923076923077,0.07692307692307693,0,0,0,0.8461538461538461,0.38461538461538464,0.13798670465337132,2.3076923076923075,0.05979423868312757
Harrison Bryant,CLE,TE,16,3,0,0,0,0,0,0,0,1.75,1.3125,14.5625,0.1875,0,0,0,1.375,0
Rashaad Penny,SEA,RB,10,6,0,0,0,0,11.9,74.9,0.6,0.8,0.6,4.8,0,0,0,0,12.6,0
Van Jefferson,LAR,WR,17,17,0,0,0,0,0.1176470588235294,1.1764705882352942,0,5.235294117647059,2.9411764705882355,47.1764705882353,0.35294117647058826,0,0,0,3.1176470588235294,0
Justin Fields,CHI,QB,10.4,10,15.288461538461538,25.96153846153846,179.8076923076923,0.673076923076923,6.9230769230769225,40.38461538461538,0.1923076923076923,0,0,0,0,0.9615384615384616,1.1538461538461535,0.4889601139601139,7.019230769230769,0.06966007102993403
Devonta Freeman,BAL,RB,16,8,0,0,0,0,8.3125,36,0.3125,2.625,2.125,11.875,0.0625,0,0,0,10.5,0
Taysom Hill,NO,TE,9.6,9,8.124999999999998,13.958333333333332,101.875,0.41666666666666663,7.291666666666665,38.95833333333333,0.5208333333333333,0.6249999999999999,0.41666666666666663,5.416666666666666,0,0.5208333333333333,0.20833333333333331,0.06224279835390944,7.812499999999999,0.00796707818930041
A J Brown,TEN,WR,13,13,0,0.15384615384615383,0,0,0.15384615384615383,0.7692307692307693,0,8.076923076923077,4.846153846153846,66.84615384615384,0.38461538461538464,0,0,0,5.076923076923077,0
Dan Arnold,2TM,TE,11,4,0,0,0,0,0,0,0,4.7272727272727275,3.1818181818181817,37.09090909090909,0,0,0.09090909090909093,0.05443322109988777,3.272727272727273,0.01663237311385459
Juwan Johnson,NO,TE,14,2,0,0,0,0,0,0,0,1.5714285714285714,0.9285714285714286,11.357142857142858,0.2857142857142857,0,0,0,1,0
Tyler Boyd,CIN,WR,16,10,0.0625,0.0625,2.875,0,0.125,1.375,0,5.875,4.1875,51.75,0.3125,0,0.0625,0.01867283950617283,4.375,0.00426807760141093
Chuba Hubbard,CAR,RB,17,10,0,0,0,0,10.117647058823527,36,0.29411764705882354,2.176470588235294,1.4705882352941178,10.235294117647058,0.0588235294117647,0,0.0588235294117647,0.03522149600580973,11.647058823529411,0.00302406783888265
Jameis Winston,NO,QB,7.000000000000001,7,13.57142857142857,22.999999999999996,167.1428571428571,2,4.571428571428571,23.71428571428571,0.14285714285714285,0,0,0,0,0.4285714285714285,0.2857142857142857,0.12821869488536153,4.7142857142857135,0.02719790497568275
Jonnu Smith,NE,TE,16,11,0,0,0,0,0.5625,2.5,0,2.8125,1.75,18.375,0.0625,0,0.0625,0.01867283950617283,2.375,0.0078622482131254
Trevor Siemian,NO,QB,4.4,4,24.545454545454543,42.72727272727273,262.27272727272725,2.5,2.0454545454545454,4.545454545454545,0.2272727272727273,0,0,0,0,0.6818181818181818,0.6818181818181818,0.27188552188552184,2.2727272727272725,0.1196296296296296
Saquon Barkley,NYG,RB,13,13,0,0,0,0,12.461538461538462,45.61538461538461,0.15384615384615383,4.384615384615385,3.1538461538461537,20.23076923076923,0.15384615384615383,0,0.15384615384615383,0.06904083570750237,15.692307692307692,0.0043996610990075
Brandon Aiyuk,SF,WR,17,16,0,0,0,0,0.29411764705882354,1,0,4.9411764705882355,3.2941176470588234,48.588235294117645,0.29411764705882354,0,0.1176470588235294,0.05279593318809005,3.647058823529412,0.01447630426125049
Ricky Seals Jones,WAS,TE,13,6,0,0,0,0,0,0,0,3.769230769230769,2.3076923076923075,20.846153846153847,0.15384615384615383,0,0,0,2.3846153846153846,0
Devontae Booker,NYG,RB,16,4,0,0,0,0,9.0625,37.0625,0.125,2.8125,2.5,16.75,0.0625,0,0,0,11.625,0
K J Osborn,MIN,WR,17,9,0,0,0,0,0.0588235294117647,0.5882352941176471,0,4.823529411764706,2.9411764705882355,38.52941176470589,0.4117647058823529,0,0,0,3.0588235294117645,0
Cam Newton,CAR,QB,5.6,5,12.321428571428571,22.5,122.14285714285715,0.7142857142857143,8.392857142857144,41.07142857142858,0.8928571428571429,0,0,0,0,0.8928571428571429,0.7142857142857143,0.2669753086419753,8.571428571428571,0.03114711934156378
Donald Parham,LAC,TE,14,9,0,0,0,0,0,0,0,1.9285714285714288,1.4285714285714286,13.571428571428571,0.21428571428571427,0,0,0,1.5,0
Chase Claypool,PIT,WR,15,13,0,0,0,0,0.9333333333333332,6.4,0,7,3.933333333333333,57.333333333333336,0.13333333333333333,0,0,0,4.933333333333334,0
Andy Dalton,CHI,QB,6.4,6,23.28125,36.875,236.71875,1.25,2.5,11.875,0,0,0,0,0,1.40625,0.15625,0.0935570987654321,2.65625,0.03522149600580973
Rhamondre Stevenson,NE,RB,12,2,0,0,0,0,11.083333333333334,50.5,0.4166666666666667,1.5,1.1666666666666667,10.25,0,0,0.16666666666666666,0.07479423868312757,12.333333333333334,0.00606439773106439
Geoff Swaim,TEN,TE,16,16,0,0,0,0,0,0,0,2.5,1.9375,13.125,0.1875,0,0,0,2,0
Marvin Jones,JAC,WR,17,16,0,0,0,0,0,0,0,7.0588235294117645,4.294117647058823,48.94117647058823,0.2352941176470588,0,0,0,4.352941176470588,0
Chase Edmonds,ARI,RB,12,11,0,0,0,0,9.666666666666666,49.333333333333336,0.16666666666666666,4.416666666666667,3.5833333333333335,25.916666666666668,0,0,0.08333333333333333,0.04989711934156379,13.333333333333334,0.00374228395061728
Tyler Huntley,BAL,QB,4.6000000000000005,4,26.521739130434774,40.8695652173913,234.99999999999997,0.6521739130434782,10.217391304347824,63.91304347826086,0.4347826086956521,0,0,0,0,0.8695652173913042,0.8695652173913042,0.4554482018250133,10.43478260869565,0.04364711934156378
Ryan Griffin,NYJ,TE,14,12,0,0,0,0,0,0,0,3,1.9285714285714288,18.642857142857142,0.14285714285714285,0,0.07142857142857142,0.02134038800705467,2,0.01067019400352733
Tyrod Taylor,HOU,QB,6.000000000000001,6,15.166666666666664,24.999999999999996,160.99999999999997,0.8333333333333333,3.166666666666666,25.166666666666664,0.49999999999999994,0,0,0,0,0.8333333333333333,0.49999999999999994,0.14938271604938266,3.333333333333333,0.04481481481481481
Marquez Callaway,NO,WR,17,11,0,0,0,0,0,0,0,4.9411764705882355,2.7058823529411766,41.05882352941177,0.35294117647058826,0,0,0,2.764705882352941,0
Clyde Edwards Helaire,KC,RB,10,10,0,0,0,0,11.9,51.7,0.4,2.3,1.9,12.9,0.2,0,0.2,0.11975308641975307,13.9,0.00861532995825561
DeAndre Hopkins,ARI,WR,10,10,0,0,0,0,0,0,0,6.4,4.2,57.2,0.8,0,0,0,4.3,0
Hayden Hurst,ATL,TE,13,5,0,0,0,0,0,0,0,2.3846153846153846,2,17,0.2307692307692308,0,0.2307692307692308,0.092022792022792,2.076923076923077,0.04430727023319615
Jacoby Brissett,MIA,QB,6.2,5,22.741935483870968,36.29032258064516,206.93548387096777,0.8064516129032258,3.064516129032258,11.29032258064516,0.16129032258064516,0,0,0,0,0.6451612903225806,0.9677419354838708,0.4342891278375148,3.225806451612903,0.1346296296296296
Mike Davis,ATL,RB,17,8,0,0,0,0,8.117647058823529,29.58823529411765,0.17647058823529413,3.411764705882353,2.588235294117647,15.235294117647058,0.0588235294117647,0,0.2352941176470588,0.1232389251997095,10.764705882352942,0.0114484247453282
Jimmy Graham,CHI,TE,15,6,0,0,0,0,0,0,0,1.5333333333333334,0.9333333333333332,11.133333333333333,0.2,0,0,0,1,0
Trey Lance,SF,QB,2.8000000000000003,2,14.642857142857142,25.357142857142858,215.35714285714283,1.7857142857142856,13.57142857142857,59.99999999999999,0.3571428571428571,0,0,0,0,0.7142857142857142,0,0,13.928571428571429,0
Tim Patrick,DEN,WR,16,16,0,0,0,0,0,0,0,5.3125,3.3125,45.875,0.3125,0,0,0,3.375,0
Alexander Mattison,MIN,RB,16,4,0,0,0,0,8.375,30.6875,0.1875,2.4375,2,14.25,0.0625,0,0.0625,0.03742283950617284,10.4375,0.0035854217490944
Josiah Deguara,GB,TE,16,2,0,0,0,0,0,0,0,2.0625,1.5625,15.3125,0.125,0,0,0,1.625,0
Jamaal Williams,DET,RB,13,11,0,0,0,0,11.76923076923077,46.23076923076923,0.2307692307692308,2.1538461538461537,2,12.076923076923077,0,0,0.07692307692307693,0.02298195631528964,13.846153846153848,0.00165980795610425
Geno Smith,SEA,QB,3.2,3,20.3125,29.6875,219.375,1.5625,2.8125,13.125,0.3125,0,0,0,0,0.3125,0.3125,0.1871141975308642,3.125,0.05987654320987654
Jakobi Meyers,NE,WR,17,16,0.1176470588235294,0.1176470588235294,2.6470588235294117,0,0.0588235294117647,0.5294117647058824,0,7.411764705882353,4.882352941176471,50.94117647058823,0.1176470588235294,0,0.0588235294117647,0.03522149600580973,5,0.00704429920116194
Latavius Murray,BAL,RB,14,6,0,0,0,0,8.5,35.785714285714285,0.42857142857142855,0.9285714285714286,0.7142857142857143,5.357142857142857,0,0,0,0,9.285714285714286,0
Cedrick Wilson,DAL,WR,16,4,0.1875,0.1875,5.5,0,0.125,0.6875,0,3.8125,2.8125,37.625,0.375,0,0.1875,0.05601851851851851,3,0.01867283950617283
Adam Trautman,NO,TE,13,10,0,0,0,0,0,0,0,3.3076923076923075,2.076923076923077,20.23076923076923,0.15384615384615383,0,0.07692307692307693,0.04605887939221272,2.1538461538461537,0.02138447971781305
Drew Lock,DEN,QB,3.6000000000000005,3,18.611111111111107,30.83333333333333,218.6111111111111,0.5555555555555555,2.7777777777777772,14.72222222222222,0.5555555555555555,0.27777777777777773,0.27777777777777773,0.27777777777777773,0,0.5555555555555555,0.5555555555555555,0.2493141289437585,3.333333333333333,0.07479423868312757
Durham Smythe,MIA,TE,17,12,0,0,0,0,0.1176470588235294,0.17647058823529413,0,2.411764705882353,2,21,0,0,0,0,2.176470588235294,0
Josh Johnson,2TM,QB,1.6,1,35.625,53.125,398.75,3.125,5.625,17.5,0,0,0,0,0,1.25,1.25,0.37345679012345673,6.25,0.05975308641975307
A J Green,ARI,WR,16,9,0,0,0,0,0,0,0,5.75,3.375,53,0.1875,0,0,0,3.4375,0
Miles Sanders,PHI,RB,12,12,0,0,0,0,11.416666666666666,62.833333333333336,0,2.8333333333333335,2.1666666666666665,13.166666666666666,0,0,0.08333333333333333,0.04989711934156379,13.666666666666666,0.00365100873230954
Brevin Jordan,HOU,TE,9,2,0,0,0,0,0,0,0,3.111111111111111,2.2222222222222223,19.77777777777778,0.3333333333333333,0,0,0,2.3333333333333335,0
Mike White,NYJ,QB,3.2,3,27.5,41.25,297.8125,1.5625,1.5625,-0.3125,0,0,0,0,0,2.5,0,0,1.875,0
Christian McCaffrey,CAR,RB,7,7,0,0,0,0,14.142857142857142,63.142857142857146,0.14285714285714285,5.857142857142857,5.285714285714286,49,0.14285714285714285,0,0.14285714285714285,0.04268077601410934,19.571428571428573,0.00218076957736325
Allen Lazard,GB,WR,15,13,0,0,0,0,0.2,2.1333333333333333,0,4,2.6666666666666665,34.2,0.5333333333333333,0,0,0,2.933333333333333,0
Logan Thomas,WAS,TE,6,6,0,0,0,0,0,0,0,4.166666666666667,3,32.666666666666664,0.5,0,0.16666666666666666,0.09979423868312758,3.1666666666666665,0.03151397011046134
Colt McCoy,ARI,QB,4,3,18.5,24.75,185,0.75,5.5,9.25,0,0,0,0,0,0.25,1,0.3737654320987654,5.75,0.06500268384326355
Kenneth Gainwell,PHI,RB,16,1,0,0,0,0,4.25,18.1875,0.3125,3.125,2.0625,15.8125,0.0625,0,0.125,0.05609567901234567,6.375,0.008799322198015
Russell Gage,ATL,WR,14,9,0,0,0,0,0,0,0,6.714285714285714,4.714285714285714,55,0.2857142857142857,0,0.14285714285714285,0.0855379188712522,4.785714285714286,0.01787359498802284
Gardner Minshew,PHI,QB,2.4000000000000004,2,17.083333333333332,24.999999999999996,182.91666666666663,1.6666666666666663,3.75,8.749999999999998,0,0,0,0,0,0.41666666666666663,0.41666666666666663,0.12448559670781888,4.166666666666666,0.02987654320987653
MyCole Pruitt,TEN,TE,16,9,0,0,0,0,0,0,0,1.125,0.875,9.0625,0.1875,0,0,0,0.9375,0
Kareem Hunt,CLE,RB,8,1,0,0,0,0,9.75,48.25,0.625,3.375,2.75,21.75,0,0,0,0,12.625,0
Elijah Moore,NYJ,WR,11,6,0,0,0,0,0.4545454545454546,4.909090909090909,0.09090909090909093,7,3.909090909090909,48.90909090909091,0.4545454545454546,0,0,0,4.454545454545454,0
Kyle Rudolph,NYG,TE,16,13,0,0,0,0,0,0,0,2.4375,1.625,16.0625,0.0625,0,0,0,1.6875,0
Courtland Sutton,DEN,WR,17,16,0.0588235294117647,0.0588235294117647,0.9411764705882352,0,0,0,0,5.764705882352941,3.411764705882353,45.64705882352941,0.1176470588235294,0,0,0,3.4705882352941178,0
Boston Scott,PHI,RB,16,4,0,0,0,0,5.4375,23.3125,0.4375,1,0.8125,5.1875,0,0,0.0625,0.03742283950617284,6.3125,0.00592837061483926
Mike Glennon,NYG,QB,4.4,4,20.454545454545453,37.95454545454545,179.54545454545453,0.9090909090909092,1.5909090909090908,7.499999999999999,0.2272727272727273,0,0,0,0,2.2727272727272725,1.3636363636363635,0.6119528619528618,1.818181818181818,0.336574074074074
Tommy Tremble,CAR,TE,16,11,0,0,0,0,0.1875,0.6875,0.0625,2.1875,1.25,11.25,0.0625,0,0,0,1.5,0
D Ernest Johnson,CLE,RB,17,2,0,0,0,0,5.882352941176471,31.41176470588235,0.17647058823529413,1.4705882352941178,1.1176470588235294,8.058823529411764,0,0,0.0588235294117647,0.01757443718228031,7.0588235294117645,0.00248971193415637
Robert Woods,LAR,WR,9,9,0,0,0,0,0.8888888888888888,5.111111111111111,0.1111111111111111,7.666666666666667,5,61.77777777777778,0.4444444444444444,0,0,0,6,0
Case Keenum,CLE,QB,3,2,15.666666666666666,24,154,1,4,7.333333333333333,0,0,0,0,0,0.3333333333333333,0.3333333333333333,0.19958847736625515,4.333333333333333,0.04605887939221272
Tim Boyle,DET,QB,3.4000000000000004,3,17.941176470588232,27.64705882352941,154.70588235294116,0.8823529411764705,0.588235294117647,3.8235294117647056,0,0,0,0,0,1.764705882352941,0.2941176470588235,0.08787218591140157,0.8823529411764705,0.09958847736625512
Robert Tonyan,GB,TE,8,5,0,0,0,0,0,0,0,3.625,2.25,25.5,0.25,0,0,0,2.375,0
Gabriel Davis,BUF,WR,16,4,0,0,0,0,0,0,0,3.9375,2.1875,34.3125,0.375,0,0,0,2.25,0
D Onta Foreman,TEN,RB,9,3,0,0,0,0,14.77777777777778,62.888888888888886,0.3333333333333333,1.2222222222222223,1,13.666666666666666,0,0,0.2222222222222222,0.09972565157750342,15.88888888888889,0.00627643960977294
John Bates,WAS,TE,17,8,0,0,0,0,0,0,0,1.4705882352941178,1.1764705882352942,14.647058823529411,0.0588235294117647,0,0.0588235294117647,0.01757443718228031,1.2352941176470589,0.01422692533803644
J D McKissic,WAS,RB,11,3,0,0,0,0,4.363636363636363,19.272727272727273,0.18181818181818185,4.818181818181818,3.909090909090909,36.09090909090909,0.18181818181818185,0,0,0,8.363636363636363,0
Emmanuel Sanders,BUF,WR,14,13,0,0,0,0,0.14285714285714285,2.2142857142857144,0,5.142857142857143,3,44.714285714285715,0.2857142857142857,0,0,0,3.2142857142857144,0
Cooper Rush,DAL,QB,1.8,1,16.666666666666668,26.11111111111111,234.44444444444443,1.6666666666666663,5,-4.444444444444445,0,0,0,0,0,0.5555555555555556,0.5555555555555556,0.3326474622770919,5.555555555555555,0.05987654320987654
Will Dissly,SEA,TE,15,14,0,0,0,0,0,0,0,1.7333333333333334,1.4,15.4,0.06666666666666667,0,0.06666666666666667,0.01991769547325102,1.4666666666666666,0.01358024691358024
Brandon Bolden,NE,RB,17,1,0,0,0,0,2.588235294117647,13.294117647058824,0.0588235294117647,2.8823529411764706,2.411764705882353,23.823529411764707,0.1176470588235294,0,0.0588235294117647,0.01757443718228031,5.0588235294117645,0.00347401665231122
Robby Anderson,CAR,WR,17,16,0,0,0,0,0.17647058823529413,2.1176470588235294,0,6.470588235294118,3.1176470588235294,30.529411764705884,0.29411764705882354,0,0,0,3.3529411764705883,0
Joe Flacco,NYJ,QB,1.2000000000000002,1,22.499999999999996,34.99999999999999,281.66666666666663,2.4999999999999996,1.6666666666666663,2.4999999999999996,0,0,0,0,0,0,0.8333333333333333,0.4989711934156378,2.4999999999999996,0.19958847736625515
James O Shaughnessy,JAC,TE,7,6,0,0,0,0,0,0,0,4.857142857142857,3.4285714285714284,34.857142857142854,0,0,0,0,3.5714285714285716,0
Odell Beckham,2TM,WR,14,13,0,0,0,0,0.14285714285714285,1,0,5.857142857142857,3.142857142857143,38.357142857142854,0.35714285714285715,0,0,0,3.357142857142857,0
Jordan Love,GB,QB,2,1,18,31,205.5,1,6,13.5,0,0,0,0,0,1.5,1.5,0.5981481481481481,6.5,0.092022792022792
Ty Johnson,NYJ,RB,16,3,0,0,0,0,3.8125,14.875,0.125,3.4375,2.125,23.25,0.125,0,0.125,0.05609567901234567,6,0.00934927983539094
Mason Rudolph,PIT,QB,1.2000000000000002,1,29.16666666666666,48.33333333333333,230.8333333333333,0.8333333333333333,4.166666666666666,44.16666666666666,0,0,0,0,0,0.8333333333333333,0.8333333333333333,0.24897119341563775,4.999999999999999,0.04979423868312756
Maxx Williams,ARI,TE,5,5,0,0,0,0,0,0,0,3.4,3.2,38.6,0.2,0,0,0,3.4,0
Zack Moss,BUF,RB,13,0,0,0,0,0,7.384615384615385,26.53846153846154,0.3076923076923077,2.4615384615384617,1.7692307692307692,15.153846153846152,0.07692307692307693,0,0.15384615384615383,0.06904083570750237,9.23076923076923,0.00747942386831275
Byron Pringle,KC,WR,17,5,0,0,0,0,0,0,0,3.5294117647058822,2.4705882352941178,33.411764705882355,0.29411764705882354,0,0.1176470588235294,0.05279593318809005,2.5294117647058822,0.02087281079529141
Nick Foles,CHI,QB,1,1,24,35,250,1,4,8,0,0,0,0,0,0,1,0.2987654320987654,5,0.05975308641975307
Brock Wright,DET,TE,10,5,0,0,0,0,0,0,0,1.7,1.2,11.7,0.2,0,0,0,1.3,0
Kalif Raymond,DET,WR,16,14,0,0,0,0,0.25,1.75,0,4.4375,3,36,0.25,0,0,0,3.3125,0
Mark Ingram,2TM,RB,14,10,0,0,0,0,11.428571428571429,39.57142857142857,0.14285714285714285,2.5,1.9285714285714288,11.571428571428571,0,0,0.07142857142857142,0.0427689594356261,13.428571428571429,0.00318492251116364
Marcus Mariota,LV,QB,2,0,0.5,1,2,0,6.5,43.5,0.5,0,0,0,0,0,0.5,0.1493827160493827,7,0.02134038800705467
Tyler Kroft,NYJ,TE,9,6,0,0,0,0,0,0,0,2.7777777777777777,1.7777777777777777,19.22222222222222,0.1111111111111111,0,0,0,1.8888888888888888,0
Rex Burkhead,HOU,RB,16,5,0,0.0625,0,0,7.625,26.6875,0.1875,2,1.5625,11.625,0,0,0.0625,0.01867283950617283,9.25,0.00201868535201868
Mecole Hardman,KC,WR,17,8,0,0,0,0,0.4705882352941176,2.7058823529411766,0,4.882352941176471,3.4705882352941178,40.76470588235294,0.1176470588235294,0,0.17647058823529413,0.08801742919389977,4,0.02200435729847494
Brandon Allen,CIN,QB,2,1,8.5,17,74.5,1,3.5,-0.5,0,0,0,0,0,0,0.5,0.1493827160493827,4,0.03734567901234567
Stephen Anderson,LAC,TE,17,4,0,0,0,0,0,0,0,1.1176470588235294,0.9411764705882352,9.705882352941176,0.0588235294117647,0,0,0,1,0
Nyheim Hines,IND,RB,17,4,0,0,0,0,3.2941176470588234,16.235294117647058,0.1176470588235294,3.3529411764705883,2.3529411764705883,18.235294117647054,0.0588235294117647,0,0.17647058823529413,0.08801742919389977,5.705882352941177,0.01542573501336387
Jarvis Landry,CLE,WR,12,12,0,0,0,0,0.5,3.3333333333333335,0.16666666666666666,7.25,4.333333333333333,47.5,0.16666666666666666,0,0.25,0.12469135802469132,4.916666666666667,0.02536095417451349
Blake Jarwin,DAL,TE,8,5,0,0,0,0,0,0,0,2.125,1.375,12,0.25,0,0,0,1.5,0
Kenyan Drake,LV,RB,12,2,0,0,0,0,5.25,21.166666666666668,0.16666666666666666,3.3333333333333335,2.5,24.25,0.08333333333333333,0,0.08333333333333333,0.02489711934156378,7.833333333333333,0.00317835566062516
Antonio Brown,TB,WR,7,3,0,0,0,0,0.14285714285714285,0.8571428571428571,0,8.857142857142858,6,77.85714285714286,0.5714285714285714,0,0,0,6.285714285714286,0
P J Walker,CAR,QB,1.8,1,20,36.666666666666664,201.11111111111111,0.5555555555555556,3.888888888888889,7.222222222222222,0,0,0,0,0,1.6666666666666663,1.6666666666666663,0.6646090534979423,4.444444444444445,0.14953703703703702
Sean Mannion,MIN,QB,1,1,22,36,189,1,2,14,0,0,0,0,0,0,0,0,3,0
Marcedes Lewis,GB,TE,17,17,0,0,0,0,0,0,0,1.6470588235294117,1.3529411764705883,12.588235294117649,0,0,0.0588235294117647,0.01757443718228031,1.411764705882353,0.01244855967078189
Cole Beasley,BUF,WR,16,8,0,0.0625,0,0,0,0,0,7,5.125,43.3125,0.0625,0,0.0625,0.01867283950617283,5.1875,0.00359958351926223
Ronald Jones,TB,RB,16,3,0,0,0,0,6.3125,26.75,0.25,0.8125,0.625,4,0,0,0.125,0.07484567901234568,7,0.01069223985890652
Brian Hoyer,NE,QB,1,0,9,11,227,1,11,-8,0,0,0,0,0,0,0,0,12,0
Eric Ebron,PIT,TE,8,3,0,0,0,0,0.125,0.125,0.125,2.25,1.5,10.5,0.125,0,0,0,1.75,0
Khalil Herbert,CHI,RB,17,2,0,0,0,0,6.0588235294117645,25.470588235294116,0.1176470588235294,0.9411764705882352,0.8235294117647058,5.647058823529412,0,0,0.0588235294117647,0.01757443718228031,6.9411764705882355,0.00253191044151496
Deonte Harris,NO,WR,13,1,0,0,0,0,0.38461538461538464,3.1538461538461537,0,4.538461538461538,2.769230769230769,43.84615384615385,0.2307692307692308,0,0.15384615384615383,0.06904083570750237,3.230769230769231,0.02136978248089359
O J Howard,TB,TE,17,9,0,0,0,0,0,0,0,1.2352941176470589,0.8235294117647058,7.9411764705882355,0.0588235294117647,0,0,0,0.8823529411764706,0
Jake Fromm,NYG,QB,2.2,2,12.272727272727272,27.27272727272727,95.45454545454544,0.4545454545454546,3.636363636363636,29.545454545454543,0,0,0,0,0,1.3636363636363635,0.9090909090909092,0.4079685746352412,4.090909090909091,0.09972565157750342
Justin Jackson,LAC,RB,14,2,0,0,0,0,4.857142857142857,26,0.14285714285714285,1.7857142857142858,1.5714285714285714,12.714285714285714,0,0,0.07142857142857142,0.0427689594356261,6.5,0.00657983991317324
Donovan Peoples Jones,CLE,WR,14,9,0,0,0,0,0,0,0,4.142857142857143,2.4285714285714284,42.642857142857146,0.21428571428571427,0,0.14285714285714285,0.06410934744268078,2.5,0.0256437389770723
Nick Mullens,CLE,QB,1,1,20,30,147,1,0,0,0,0,0,0,0,0,0,0,1,0
Nick Vannett,NO,TE,7,2,0,0,0,0,0,0,0,2.142857142857143,1.2857142857142858,19,0.14285714285714285,0,0,0,1.4285714285714286,0
Jordan Howard,PHI,RB,7,0,0,0,0,0,12.285714285714286,58,0.42857142857142855,0.7142857142857143,0.2857142857142857,2.7142857142857144,0,0,0,0,12.714285714285714,0
Braxton Berrios,NYJ,WR,16,1,0,0,0,0,0.4375,2.5,0.125,4.0625,2.875,26.9375,0.125,0,0.0625,0.03742283950617284,3.375,0.01108824874256973
Mitchell Trubisky,BUF,QB,1.2000000000000002,0,4.999999999999999,6.666666666666666,35.83333333333333,0,10.833333333333332,19.999999999999996,0.8333333333333333,0,0,0,0,0.8333333333333333,0,0,11.666666666666664,0
Ian Thomas,CAR,TE,17,13,0,0,0,0,0,0,0,1.7647058823529411,1.0588235294117647,11.058823529411764,0,0,0,0,1.1176470588235294,0
Bryan Edwards,LV,WR,16,12,0,0,0,0,0.0625,0,0,3.6875,2.125,35.6875,0.1875,0,0.0625,0.01867283950617283,2.25,0.00829903978052126
Alex Collins,SEA,RB,11,6,0,0,0,0,9.818181818181818,37.36363636363637,0.18181818181818185,0.9090909090909092,0.8181818181818182,7.909090909090909,0,0,0.09090909090909093,0.05443322109988777,10.727272727272728,0.00507428332287089
Samaje Perine,CIN,RB,16,0,0,0,0,0,3.4375,15.375,0.0625,1.9375,1.6875,12.25,0.0625,0,0,0,5.1875,0
Quez Watkins,PHI,WR,17,12,0,0,0,0,0.0588235294117647,0.17647058823529413,0,3.647058823529412,2.5294117647058822,38.05882352941177,0.0588235294117647,0,0,0,2.6470588235294117,0
Kyle Allen,WAS,QB,0.4,0,30,47.5,300,2.5,5,27.5,0,0,0,0,0,0,2.5,1.4969135802469136,7.5,0.19958847736625515
Jordan Akins,HOU,TE,13,3,0,0,0,0,0.07692307692307693,0.2307692307692308,0,2.5384615384615383,1.8461538461538465,16.46153846153846,0,0,0.15384615384615383,0.09211775878442544,2,0.04605887939221272
Garrett Gilbert,WAS,QB,1,1,20,31,194,0,0,0,0,0,0,0,0,0,1,0.2987654320987654,1,0.2987654320987654
Joe Fortson,KC,TE,6,0,0,0,0,0,0,0,0,0.8333333333333334,0.8333333333333334,7.833333333333333,0.3333333333333333,0,0,0,1,0
Duke Johnson,MIA,RB,5,4,0,0,0,0,14.2,66,0.6,1,0.8,8.2,0,0,0,0,15.2,0
Corey Davis,NYJ,WR,9,9,0,0,0,0,0,0,0,6.555555555555555,3.7777777777777777,54.666666666666664,0.4444444444444444,0,0.2222222222222222,0.09972565157750342,3.888888888888889,0.0256437389770723
Chad Henne,KC,QB,0.8,0,13.75,20,102.5,0,10,0,0,0,0,0,0,0,2.5,0.7469135802469135,11.25,0.06639231824417008
Zach Gentry,PIT,TE,17,12,0,0,0,0,0,0,0,1.4705882352941178,1.1176470588235294,9.823529411764708,0,0,0,0,1.1764705882352942,0
Dontrell Hilliard,TEN,RB,8,5,0,0,0,0,7,43.75,0.25,3.25,2.375,10.875,0,0,0.25,0.11219135802469136,9.5,0.01180961663417803
Nick Westbrook Ikhine,TEN,WR,16,7,0,0,0,0,0,0,0,3.5625,2.375,29.75,0.25,0,0.0625,0.03742283950617284,2.4375,0.01535295979740424
Chris Streveler,ARI,QB,0.4,0,15,22.5,90,0,7.5,15,0,0,0,0,0,0,2.5,0.7469135802469135,10,0.07469135802469135
Ameer Abdullah,2TM,RB,17,1,0,0,0,0,3,9.764705882352942,0,3.1176470588235294,2.235294117647059,17,0.0588235294117647,0,0,0,5.294117647058823,0
Nelson Agholor,NE,WR,15,13,0,0,0,0,0.2,0.7333333333333333,0,4.266666666666667,2.466666666666667,31.533333333333335,0.2,0,0,0,2.7333333333333334,0
Pharaoh Brown,HOU,TE,15,12,0,0,0,0,0,0,0,2.2666666666666666,1.5333333333333334,11.4,0,0,0.06666666666666667,0.03991769547325103,1.6,0.02494855967078189
Ian Book,NO,QB,1,1,12,20,135,0,3,6,0,0,0,0,0,2,0,0,4,0
Jesper Horsted,CHI,TE,7,0,0,0,0,0,0,0,0,0.42857142857142855,0.2857142857142857,3,0.2857142857142857,0,0,0,0.42857142857142855,0
Jalen Guyton,LAC,WR,16,2,0,0,0,0,0.4375,2.125,0,3,1.9375,28,0.1875,0,0.0625,0.01867283950617283,2.4375,0.00766065210509654
David Johnson,HOU,RB,13,4,0,0,0,0,5.153846153846154,17.53846153846154,0,3.230769230769231,2.4615384615384617,17.307692307692307,0.07692307692307693,0,0.07692307692307693,0.04605887939221272,7.6923076923076925,0.00598765432098765
Blaine Gabbert,TB,QB,1.2000000000000002,0,5.833333333333332,9.166666666666666,55.83333333333333,0,7.499999999999999,-5.833333333333332,0,0,0,0,0,0,0,0,8.333333333333332,0
Chris Manhertz,JAC,TE,17,10,0,0,0,0,0,0,0,0.5294117647058824,0.35294117647058826,4.176470588235294,0.0588235294117647,0,0,0,0.4117647058823529,0
Derrick Gore,KC,RB,11,0,0,0,0,0,4.636363636363637,23.272727272727273,0.18181818181818185,0.8181818181818182,0.7272727272727273,9.545454545454543,0,0,0,0,5.454545454545454,0
Randall Cobb,GB,WR,12,3,0,0,0,0,0.08333333333333333,0.08333333333333333,0,3.25,2.3333333333333335,31.25,0.4166666666666667,0,0.08333333333333333,0.04989711934156379,2.5,0.01995884773662551
C J Beathard,JAC,QB,0.4,0,5,5,82.5,0,2.5,5,0,0,0,0,0,0,0,0,5,0
Lee Smith,ATL,TE,16,6,0,0,0,0,0,0,0,0.6875,0.5625,4.0625,0.0625,0,0,0,0.625,0
Jaret Patterson,WAS,RB,17,1,0,0,0,0,4,15.647058823529411,0.1176470588235294,0.6470588235294118,0.5882352941176471,4.294117647058823,0,0,0.0588235294117647,0.01757443718228031,4.647058823529412,0.0037818409126426
Laviska Shenault,JAC,WR,16,10,0,0,0,0,0.6875,2.5625,0,6.25,3.9375,38.6875,0,0,0.0625,0.03742283950617284,4.6875,0.0079835390946502
Sam Ehlinger,IND,QB,0.6000000000000001,0,0,0,0,0,4.999999999999999,14.999999999999998,0,0,0,0,0,0,0,0,6.666666666666666,0
Jesse James,CHI,TE,14,9,0,0,0,0,0,0,0,0.5714285714285714,0.5,4.428571428571429,0.07142857142857142,0,0,0,0.5714285714285714,0
Travis Homer,SEA,RB,14,0,0,0,0,0,1.5,12.642857142857142,0.07142857142857142,1.4285714285714286,1.1428571428571428,11.5,0,0,0,0,2.7142857142857144,0
DeVante Parker,MIA,WR,10,8,0,0,0,0,0,0,0,7.3,4,51.5,0.2,0,0,0,4.1,0
Ryan Fitzpatrick,WAS,QB,1,1,3,6,13,0,1,2,0,0,0,0,0,0,1,0.2987654320987654,2,0.1493827160493827
Jacob Hollister,JAC,TE,7,2,0,0,0,0,0,0,0,2,1.2857142857142858,7.857142857142857,0.14285714285714285,0,0,0,1.4285714285714286,0
Jeremy McNichols,TEN,RB,14,0,0,0,0,0,2.9285714285714284,11.142857142857142,0,2.7142857142857144,2,17.142857142857142,0.07142857142857142,0,0,0,5,0
DeAndre Carter,WAS,WR,17,6,0,0,0,0,0.5882352941176471,5.235294117647059,0,2.588235294117647,1.411764705882353,17.41176470588235,0.17647058823529413,0,0.17647058823529413,0.05272331154684095,2.0588235294117645,0.0256084656084656
David Blough,DET,QB,0.2,0,0,0,0,0,5,30,0,0,0,0,0,0,5,1.493827160493827,10,0.1493827160493827
Ross Dwelley,SF,TE,17,2,0,0,0,0,0,0,0,0.29411764705882354,0.2352941176470588,3,0.0588235294117647,0,0,0,0.29411764705882354,0
Damien Williams,CHI,RB,12,2,0,0,0,0,3.3333333333333335,13.666666666666666,0.16666666666666666,1.9166666666666667,1.3333333333333333,8.583333333333334,0.08333333333333333,0,0,0,4.75,0
Freddie Swain,SEA,WR,17,8,0,0,0,0,0.29411764705882354,1.8823529411764703,0,2.3529411764705883,1.4705882352941178,20.176470588235293,0.2352941176470588,0,0.0588235294117647,0.01757443718228031,1.8235294117647056,0.00963759458383114
Kellen Mond,MIN,QB,0.2,0,10,15,25,0,0,0,0,0,0,0,0,0,0,0,5,0
Adam Shaheen,MIA,TE,12,7,0,0,0,0,0,0,0,1.3333333333333333,1,9.166666666666666,0,0,0,0,1.0833333333333333,0
Jeff Wilson,SF,RB,9,4,0,0,0,0,8.777777777777779,32.666666666666664,0.2222222222222222,0.8888888888888888,0.7777777777777778,3.4444444444444446,0,0,0.1111111111111111,0.03319615912208504,9.666666666666666,0.00343408542642259
Marquez Valdes Scantling,GB,WR,11,7,0,0,0,0,0,0,0,5,2.363636363636364,39.09090909090909,0.2727272727272727,0,0,0,2.4545454545454546,0
Nathan Peterman,LV,QB,0.2,0,0,0,0,0,10,10,0,0,0,0,0,0,0,0,15,0
Antony Auclair,HOU,TE,16,13,0,0,0,0,0,0,0,0.3125,0.3125,2.9375,0.0625,0,0,0,0.375,0
Kyle Juszczyk,SF,RB,17,16,0,0,0,0,0.4705882352941176,1.2941176470588236,0.0588235294117647,2.235294117647059,1.7647058823529411,17.41176470588235,0.0588235294117647,0,0,0,2.2941176470588234,0
Henry Ruggs,LV,WR,7,7,0,0,0,0,0.42857142857142855,2.2857142857142856,0,5.142857142857143,3.4285714285714284,67,0.2857142857142857,0,0,0,4,0
Jeff Driskel,HOU,NA,NA,0,NA,NA,NA,NA,NA,NA,NA,NA,NA,NA,NA,NA,NA,NA,NA,0
Eric Saubert,DEN,TE,17,4,0,0,0,0,0,0,0,0.7058823529411765,0.4705882352941176,2.764705882352941,0.0588235294117647,0,0,0,0.5294117647058824,0
Joshua Palmer,LAC,WR,17,5,0,0,0,0,0.0588235294117647,0.35294117647058826,0,2.8823529411764706,1.9411764705882353,20.764705882352946,0.2352941176470588,0,0,0,2.0588235294117645,0
Chris Carson,SEA,RB,4,4,0,0,0,0,13.5,58,0.75,1.5,1.5,7.25,0,0,0.25,0.14969135802469136,15.25,0.00981582675571746
Kevin Hogan,TEN,NA,NA,0,NA,NA,NA,NA,NA,NA,NA,NA,NA,NA,NA,NA,NA,NA,NA,0
Kylen Granson,IND,TE,17,0,0,0,0,0,0,0,0,0.8823529411764706,0.6470588235294118,6.235294117647059,0,0,0,0,0.7058823529411765,0
Phillip Lindsay,2TM,RB,14,1,0,0,0,0,6.285714285714286,17.785714285714285,0.07142857142857142,0.35714285714285715,0.2857142857142857,3.2142857142857144,0.07142857142857142,0,0,0,6.642857142857143,0
Zay Jones,LV,WR,17,9,0,0,0,0,0.1176470588235294,0.17647058823529413,0,4.117647058823529,2.764705882352941,32.11764705882353,0.0588235294117647,0,0.0588235294117647,0.03522149600580973,2.9411764705882355,0.0119753086419753
Brett Rypien,DEN,QB,0.2,0,0,10,0,0,0,0,0,0,0,0,0,0,0,0,5,0
Tommy Sweeney,BUF,TE,13,3,0,0,0,0,0,0,0,0.9230769230769232,0.6923076923076923,3.3846153846153846,0.07692307692307693,0,0.07692307692307693,0.02298195631528964,0.7692307692307693,0.02987654320987653
Tevin Coleman,NYJ,RB,11,5,0,0,0,0,7.636363636363637,32.36363636363637,0,1.4545454545454546,1,4.454545454545454,0,0,0,0,8.727272727272727,0
Olamide Zaccheaus,ATL,WR,17,8,0,0,0,0,0.0588235294117647,0.1176470588235294,0,3.1176470588235294,1.8235294117647056,23.88235294117647,0.17647058823529413,0,0,0,1.9411764705882353,0
Kurt Benkert,GB,QB,0.2,0,0,0,0,0,10,-5,0,0,0,0,0,0,0,0,15,0
Chris Herndon,MIN,TE,16,5,0,0,0,0,0,0,0,0.4375,0.25,2.5,0.0625,0,0,0,0.3125,0
Peyton Barber,LV,RB,10,1,0,0,0,0,5.5,21.2,0.2,1.3,1,6.7,0,0,0.2,0.05975308641975307,6.6,0.00905349794238682
Jamison Crowder,NYJ,WR,12,4,0,0,0,0,0,0,0,5.916666666666667,4.25,37.25,0.16666666666666666,0,0.08333333333333333,0.04989711934156379,4.333333333333333,0.01151471984805318
Chase Daniel,LAC,QB,0.2,0,0,0,0,0,10,-10,0,0,0,0,0,0,0,0,15,0
Blake Bell,KC,TE,16,5,0,0,0,0,0.25,0.625,0,0.8125,0.5625,5.4375,0,0,0,0,0.875,0
DeeJay Dallas,SEA,RB,17,0,0,0,0,0,1.9411764705882353,8.117647058823529,0.1176470588235294,1.3529411764705883,1.2352941176470589,7.823529411764706,0,0,0.0588235294117647,0.01757443718228031,3.235294117647059,0.00543209876543209
Jauan Jennings,SF,WR,16,1,0,0,0,0,0,0,0,2.375,1.5,17.625,0.3125,0,0.0625,0.01867283950617283,1.5625,0.01195061728395061
Davis Webb,BUF,QB,0.2,0,0,0,0,0,10,-15,0,0,0,0,0,0,0,0,15,0
Noah Gray,KC,TE,16,1,0,0,0,0,0,0,0,0.625,0.4375,2.25,0.0625,0,0,0,0.5,0
Dare Ogunbowale,JAC,RB,17,2,0,0,0,0,2.5294117647058822,8.058823529411764,0.0588235294117647,1.2352941176470589,0.7647058823529411,6.705882352941177,0.0588235294117647,0,0,0,3.3529411764705883,0
Rashod Bateman,BAL,WR,12,4,0,0,0,0,0,0,0,5.666666666666667,3.8333333333333335,42.916666666666664,0.08333333333333333,0,0,0,3.9166666666666665,0
Logan Woodside,TEN,QB,1,0,0,0,0,0,6,-6,0,0,0,0,0,0,0,0,7,0
Sean McKeon,DAL,TE,9,2,0,0,0,0,0,0,0,0.6666666666666666,0.4444444444444444,3,0.1111111111111111,0,0,0,0.5555555555555556,0
Giovani Bernard,TB,RB,12,0,0,0,0,0,0.6666666666666666,4.833333333333333,0,2.4166666666666665,1.9166666666666667,10.25,0.25,0,0.08333333333333333,0.02489711934156378,2.6666666666666665,0.00933641975308641
Michael Gallup,DAL,WR,9,8,0,0,0,0,0,0,0,6.888888888888889,3.888888888888889,49.44444444444444,0.2222222222222222,0,0,0,4,0
Jacob Eason,IND,QB,0.2,0,10,25,125,0,0,0,0,0,0,0,0,5,0,0,5,0
Tyree Jackson,PHI,TE,9,3,0,0,0,0,0,0,0,0.7777777777777778,0.3333333333333333,2.4444444444444446,0.1111111111111111,0,0,0,0.4444444444444444,0
Matt Breida,BUF,RB,9,0,0,0,0,0,2.888888888888889,13.88888888888889,0.1111111111111111,1,0.7777777777777778,8,0.2222222222222222,0,0.1111111111111111,0.06652949245541838,3.7777777777777777,0.01761074800290486
Zach Pascal,IND,WR,16,13,0,0,0,0,0.125,1.3125,0,4.3125,2.375,24,0.1875,0,0.0625,0.03742283950617284,2.5625,0.01460403492923818
Feleipe Franks,ATL,QB,1.8,0,0,0.5555555555555556,0,0,1.6666666666666663,3.333333333333333,0,0,0,0,0,0.5555555555555556,0,0,2.2222222222222223,0
Drew Sample,CIN,TE,17,8,0,0,0,0,0,0,0,0.8823529411764706,0.6470588235294118,4.764705882352941,0,0,0,0,0.7058823529411765,0
Chris Evans,CIN,RB,14,1,0,0,0,0,1.2142857142857142,5.5,0,1.2142857142857142,1.0714285714285714,10.785714285714286,0.14285714285714285,0,0,0,2.357142857142857,0
DeSean Jackson,2TM,WR,16,4,0,0,0,0,0.0625,0.25,0,2.125,1.25,28.375,0.125,0,0.0625,0.03742283950617284,1.375,0.02721661054994388
John Wolford,LAR,QB,0.6000000000000001,0,1.6666666666666663,6.666666666666666,8.333333333333332,0,3.333333333333333,-1.6666666666666663,0,0,0,0,0,1.6666666666666663,0,0,4.999999999999999,0
Chris Myarick,NYG,TE,8,3,0,0,0,0,0,0,0,0.75,0.375,2.125,0.125,0,0,0,0.5,0
Tre Quan Smith,NO,WR,11,6,0,0,0,0,0,0,0,4.545454545454546,2.909090909090909,34.27272727272727,0.2727272727272727,0,0.09090909090909093,0.02716049382716049,3,0.00905349794238682
Carlos Hyde,JAC,RB,12,2,0,0,0,0,6,21.083333333333332,0.08333333333333333,1.75,1,5.416666666666667,0,0,0.16666666666666666,0.09979423868312758,7.083333333333333,0.01408859840232389
Josh Rosen,ATL,QB,0.8,0,2.5,13.75,23.75,0,0,0,0,0,0,0,0,2.5,0,0,1.25,0
Josh Oliver,BAL,TE,14,1,0,0,0,0,0,0,0,1.0714285714285714,0.6428571428571429,4.714285714285714,0,0,0.07142857142857142,0.02134038800705467,0.7142857142857143,0.02987654320987653
Le Veon Bell,2TM,RB,8,0,0,0,0,0,4.875,12.625,0.25,0.875,0.625,3.75,0.125,0,0,0,5.625,0
Rondale Moore,ARI,WR,14,7,0,0,0,0,1.2857142857142858,5.428571428571429,0,4.571428571428571,3.857142857142857,31.071428571428573,0.07142857142857142,0,0.21428571428571427,0.08544973544973544,5.214285714285714,0.01638762049720953
Luke Farrell,JAC,TE,15,4,0,0,0,0,0,0,0,0.7333333333333333,0.4666666666666667,3.7333333333333334,0,0,0.06666666666666667,0.01991769547325102,0.5333333333333333,0.03734567901234567
Ty Son Williams,BAL,RB,13,3,0,0,0,0,2.6923076923076925,14.23076923076923,0.07692307692307693,0.9230769230769232,0.6923076923076923,6.461538461538462,0,0,0.07692307692307693,0.02298195631528964,3.4615384615384617,0.006639231824417
Kenny Golladay,NYG,WR,14,14,0,0,0,0,0,0,0,5.428571428571429,2.642857142857143,37.214285714285715,0,0,0,0,2.7142857142857144,0
Charlie Woerner,SF,TE,17,3,0,0,0,0,0,0,0,0.35294117647058826,0.29411764705882354,3.0588235294117645,0,0,0,0,0.35294117647058826,0
Ke Shawn Vaughn,TB,RB,12,1,0,0,0,0,3,15,0.16666666666666666,0.6666666666666666,0.3333333333333333,2.1666666666666665,0,0,0,0,3.4166666666666665,0
Jamal Agnew,JAC,WR,10,2,0,0,0,0,0.7,11.1,0.1,3.9,2.4,22.9,0.1,0,0.1,0.02987654320987653,3.2,0.00933641975308641
Tre McKitty,LAC,TE,11,4,0,0,0,0,0,0,0,0.7272727272727273,0.5454545454545454,4.090909090909091,0,0,0,0,0.6363636363636364,0
Demetric Felton,CLE,RB,16,2,0,0,0,0,0.4375,1.5,0,1.3125,1.125,11.3125,0.125,0,0.25,0.07469135802469135,1.625,0.04596391263057929
Josh Reynolds,2TM,WR,12,5,0,0,0,0,0,0,0,4.083333333333333,2.4166666666666665,33,0.16666666666666666,0,0,0,2.5,0
Darren Fells,2TM,TE,9,5,0,0,0,0,0,0,0,0.5555555555555556,0.4444444444444444,4.777777777777778,0,0,0,0,0.5555555555555556,0
Craig Reynolds,DET,RB,5,2,0,0,0,0,11,46,0,1.6,1.4,10.4,0,0,0,0,12.6,0
T Y Hilton,IND,WR,10,9,0,0,0,0,0,0,0,3.7,2.3,33.1,0.3,0,0,0,2.4,0
Parker Hesse,ATL,TE,8,1,0,0,0,0,0,0,0,0.75,0.625,5.375,0,0,0,0,0.75,0
Elijhaa Penny,NYG,RB,17,3,0,0,0,0,1.411764705882353,5.823529411764706,0.0588235294117647,0.7647058823529411,0.5294117647058824,1.7647058823529411,0.0588235294117647,0,0,0,2,0
Keelan Cole,NYJ,WR,15,11,0,0.06666666666666667,0,0,0,0,0,3.4,1.8666666666666667,29.933333333333337,0.06666666666666667,0,0,0,1.9333333333333331,0
Garrett Griffin,NO,TE,13,6,0,0,0,0,0,0,0,0.3076923076923077,0.3076923076923077,3,0,0,0.07692307692307693,0.02298195631528964,0.38461538461538464,0.05975308641975307
Salvon Ahmed,MIA,RB,12,0,0,0,0,0,4.5,12.416666666666666,0,1.5833333333333333,1,9.75,0,0,0,0,5.583333333333333,0
Nico Collins,HOU,WR,14,8,0,0,0,0,0,0,0,4.285714285714286,2.357142857142857,31.857142857142858,0.07142857142857142,0,0,0,2.4285714285714284,0
Kendall Blanton,LAR,TE,11,2,0,0,0,0,0,0,0,0.6363636363636364,0.3636363636363637,3.363636363636364,0,0,0.09090909090909093,0.02716049382716049,0.4545454545454546,0.05975308641975307
Devin Duvernay,BAL,WR,16,7,0,0,0,0,0.4375,3.125,0,2.9375,2.0625,17,0.125,0,0.0625,0.01867283950617283,2.5625,0.00728696175850647
Jamycal Hasty,SF,RB,11,0,0,0,0,0,1.4545454545454546,6.181818181818182,0.09090909090909093,2.636363636363636,2.090909090909091,14.272727272727272,0,0,0.18181818181818185,0.08159371492704826,3.636363636363636,0.02243827160493827
Kenny Yeboah,NYJ,TE,9,0,0,0,0,0,0,0,0,0.3333333333333333,0.2222222222222222,4,0,0,0,0,0.3333333333333333,0
Trey Sermon,SF,RB,9,2,0,0,0,0,4.555555555555555,18.555555555555557,0.1111111111111111,0.4444444444444444,0.3333333333333333,2.888888888888889,0,0,0,0,5,0
Julio Jones,TEN,WR,10,10,0,0,0,0,0,0,0,4.8,3.1,43.4,0.1,0,0,0,3.2,0
Tyler Davis,GB,TE,14,0,0,0,0,0,0,0,0,0.35714285714285715,0.2857142857142857,2.5,0,0,0,0,0.35714285714285715,0
Royce Freeman,2TM,RB,15,0,0,0,0,0,3.7333333333333334,11.266666666666667,0,1.0666666666666669,0.6666666666666666,5.133333333333334,0,0,0,0,4.466666666666667,0
Laquon Treadwell,JAC,WR,12,7,0,0,0,0,0,0,0,4.25,2.75,36.166666666666664,0.08333333333333333,0,0,0,2.8333333333333335,0
Trevon Wesco,NYJ,TE,12,7,0,0,0,0,0,0,0,0.4166666666666667,0.25,2.9166666666666665,0,0,0,0,0.3333333333333333,0
Corey Clement,DAL,RB,17,0,0,0,0,0,1.9411764705882353,8.235294117647058,0,0.4117647058823529,0.35294117647058826,1.7058823529411764,0.0588235294117647,0,0,0,2.3529411764705883,0
Allen Robinson,CHI,WR,12,11,0,0,0,0,0,0,0,5.5,3.1666666666666665,34.166666666666664,0.08333333333333333,0,0,0,3.25,0
Dominique Dafney,GB,TE,10,2,0,0,0,0,0,0,0,0.4,0.2,3.4,0,0,0,0,0.3,0
Jerick McKinnon,KC,RB,13,0,0,0,0,0,0.9230769230769232,4.769230769230769,0,1.5384615384615383,1,8.23076923076923,0.07692307692307693,0,0,0,2,0
Jerry Jeudy,DEN,WR,10,5,0,0,0,0,0.2,0.3,0,5.6,3.8,46.7,0,0,0.1,0.02987654320987653,4.1,0.00728696175850647
Shane Zylstra,DET,TE,4,0,0,0,0,0,0,0,0,1.75,0.75,8.5,0,0,0,0,1,0
Adrian Peterson,2TM,RB,4,3,0,0,0,0,9.5,24.5,0.5,1,1,2,0,0,0.25,0.07469135802469135,10.75,0.00694803330462245
Mack Hollins,MIA,WR,17,3,0,0,0,0,0,0,0,1.6470588235294117,0.8235294117647058,13.117647058823527,0.2352941176470588,0,0,0,0.8823529411764706,0
Colby Parkinson,SEA,TE,14,1,0,0,0,0,0,0,0,0.5714285714285714,0.35714285714285715,2.357142857142857,0,0,0,0,0.42857142857142855,0
Eno Benjamin,ARI,RB,9,0,0,0,0,0,3.7777777777777777,13.11111111111111,0.1111111111111111,0.7777777777777778,0.6666666666666666,4.666666666666667,0,0,0,0,4.555555555555555,0
Jalen Reagor,PHI,WR,17,13,0,0,0,0,0.5882352941176471,1.8823529411764703,0,3.3529411764705883,1.9411764705882353,17.58823529411765,0.1176470588235294,0,0.1176470588235294,0.03514887436456063,2.588235294117647,0.01358024691358024
Kaden Smith,NYG,TE,9,4,0,0,0,0,0,0,0,0.3333333333333333,0.3333333333333333,3.6666666666666665,0,0,0,0,0.4444444444444444,0
Jermar Jefferson,DET,RB,7,0,0,0,0,0,2.142857142857143,10.571428571428571,0.2857142857142857,0.7142857142857143,0.5714285714285714,3.2857142857142856,0,0,0,0,2.857142857142857,0
Danny Amendola,HOU,WR,8,0,0,0.125,0,0,0,0,0,4.75,3,31,0.375,0,0.125,0.03734567901234567,3.125,0.01195061728395061
Tommy Hudson,TEN,TE,5,0,0,0,0,0,0,0,0,1.2,0.6,6.2,0,0,0,0,0.8,0
Demarcus Robinson,KC,WR,17,10,0,0,0,0,0,0,0,2.411764705882353,1.4705882352941178,15.529411764705882,0.17647058823529413,0,0,0,1.5294117647058822,0
Godwin Igwebuike,DET,RB,17,1,0,0,0,0,1.0588235294117647,6.9411764705882355,0.0588235294117647,0.5882352941176471,0.4117647058823529,3.5294117647058822,0,0,0.1176470588235294,0.07044299201161947,1.5294117647058822,0.04605887939221272
Jeremy Sprinkle,DAL,TE,17,4,0,0,0,0,0,0,0,0.17647058823529413,0.17647058823529413,1.8235294117647056,0,0,0,0,0.2352941176470588,0
Malcolm Brown,MIA,RB,7,3,0,0,0,0,4.714285714285714,17.857142857142858,0.14285714285714285,0.7142857142857143,0.42857142857142855,1.4285714285714286,0,0,0,0,5.285714285714286,0
Sammy Watkins,BAL,WR,13,9,0,0,0,0,0,0,0,3.769230769230769,2.076923076923077,30.307692307692307,0.07692307692307693,0,0.07692307692307693,0.04605887939221272,2.1538461538461537,0.02138447971781305
Jack Stoll,PHI,TE,16,5,0,0,0,0,0,0,0,0.3125,0.25,1.375,0,0,0,0,0.3125,0
James White,NE,RB,3,0,0,0,0,0,3.3333333333333335,12.666666666666666,0.3333333333333333,4.666666666666667,4,31.333333333333332,0,0,0,0,7.666666666666667,0
Kadarius Toney,NYG,WR,10,4,0.1,0.3,1.9,0,0.3,0.6,0,5.7,3.9,42,0,0,0,0,4.3,0
Cethan Carter,MIA,TE,16,1,0,0,0,0,0,0,0,0.125,0.125,1,0,0,0,0,0.1875,0
Kene Nwangwu,MIN,RB,11,0,0,0,0,0,1.181818181818182,5.545454545454546,0,0.4545454545454546,0.3636363636363637,0.8181818181818182,0,0,0,0,1.6363636363636365,0
Chris Conley,HOU,WR,16,10,0,0,0,0,0.0625,0.1875,0,2.3125,1.375,20.1875,0.125,0,0.0625,0.03742283950617284,1.5,0.02494855967078189
Mitchell Wilcox,CIN,TE,15,1,0,0,0,0,0,0,0,0.3333333333333333,0.2,1.0666666666666669,0,0,0,0,0.26666666666666666,0
Tony Jones,NO,RB,11,4,0,0,0,0,4.909090909090909,12.909090909090908,0,0.7272727272727273,0.4545454545454546,2.636363636363636,0,0,0,0,5.454545454545454,0
Darius Slayton,NYG,WR,13,5,0,0,0,0,0.07692307692307693,-1,0,4.461538461538462,2,26.076923076923077,0.15384615384615383,0,0.07692307692307693,0.04605887939221272,2.1538461538461537,0.02138447971781305
Derek Carrier,LV,TE,5,1,0,0,0,0,0,0,0,0.4,0.4,2.6,0,0,0,0,0.6,0
Austin Walter,NYJ,RB,4,0,0,0,0,0,6.5,25.25,0.25,0.75,0.5,2.25,0,0,0,0,7.25,0
James Washington,PIT,WR,15,2,0,0,0,0,0.13333333333333333,0.8666666666666667,0,2.933333333333333,1.6,19,0.13333333333333333,0,0,0,1.8,0
Luke Stocker,MIN,TE,12,0,0,0,0,0,0,0,0,0.16666666666666666,0.16666666666666666,1,0,0,0,0,0.25,0
Jonathan Williams,WAS,RB,5,0,0,0,0,0,3.4,15.8,0.2,1.2,0.8,5.6,0,0,0,0,4.4,0
Sterling Shepard,NYG,WR,7,6,0,0,0,0,0.14285714285714285,-1.2857142857142858,0,7.571428571428571,5.142857142857143,52.285714285714285,0.14285714285714285,0,0,0,5.428571428571429,0
Richard Rodgers,PHI,TE,3,0,0,0,0,0,0,0,0,0.6666666666666666,0.6666666666666666,3.6666666666666665,0,0,0,0,1,0
C J Ham,MIN,RB,17,8,0,0,0,0,0.4117647058823529,2,0,1.0588235294117647,1,7.352941176470588,0,0,0,0,1.4705882352941178,0
Calvin Ridley,ATL,WR,5,5,0,0,0,0,0,0,0,10.4,6.2,56.2,0.4,0,0,0,6.4,0
Demetrius Harris,ARI,TE,14,4,0,0,0,0,0,0,0,0.42857142857142855,0.21428571428571427,0.7142857142857143,0,0,0,0,0.2857142857142857,0
Qadree Ollison,ATL,RB,8,0,0,0,0,0,2.625,13.125,0.125,0.75,0.5,1.5,0,0,0.125,0.07484567901234568,3.25,0.02302943969610636
Damiere Byrd,CHI,WR,17,4,0,0,0,0,0,0,0,2.235294117647059,1.5294117647058822,19.352941176470587,0.0588235294117647,0,0.0588235294117647,0.03522149600580973,1.588235294117647,0.02217649748513946
Brycen Hopkins,LAR,TE,5,0,0,0,0,0,0,0,0,0.2,0.2,1.8,0,0,0,0,0.4,0
Patrick Taylor,GB,RB,9,0,0,0,0,0,2.5555555555555554,9.88888888888889,0.1111111111111111,0.2222222222222222,0.2222222222222222,0.3333333333333333,0,0,0,0,2.888888888888889,0
Antoine Wesley,ARI,WR,15,4,0,0,0,0,0,0,0,2.1333333333333333,1.2666666666666666,13.866666666666667,0.2,0,0,0,1.3333333333333333,0
Johnny Mundt,LAR,TE,6,0,0,0,0,0,0,0,0,0.16666666666666666,0.16666666666666666,1.5,0,0,0,0,0.3333333333333333,0
Alec Ingold,LV,RB,9,3,0,0,0,0,0.2222222222222222,0.1111111111111111,0,1.3333333333333333,1.1111111111111112,9.444444444444445,0.1111111111111111,0,0,0,1.4444444444444444,0
Ashton Dulin,IND,WR,17,1,0,0,0,0,0.17647058823529413,1.8823529411764703,0,1.2941176470588236,0.7647058823529411,10.176470588235292,0.1176470588235294,0,0,0,1,0
Hunter Long,MIA,TE,7,2,0,0,0,0,0,0,0,0.42857142857142855,0.14285714285714285,1.1428571428571428,0,0,0,0,0.2857142857142857,0
Larry Rountree,LAC,RB,12,0,0,0,0,0,3,7.25,0.08333333333333333,0.16666666666666666,0.08333333333333333,-0.08333333333333333,0,0,0,0,3.1666666666666665,0
Adam Humphries,WAS,WR,17,11,0,0,0,0,0,0,0,3.647058823529412,2.411764705882353,22.529411764705884,0,0,0,0,2.4705882352941178,0
Kevin Rader,PIT,TE,6,1,0,0,0,0,0,0,0,0.5,0.3333333333333333,1.3333333333333333,0,0,0,0,0.5,0
Marquise Goodwin,CHI,WR,14,2,0,0,0,0,0.14285714285714285,-0.07142857142857142,0,2.857142857142857,1.4285714285714286,22.357142857142858,0.07142857142857142,0,0.07142857142857142,0.02134038800705467,1.6428571428571428,0.01298980139559849
J J Taylor,NE,RB,5,0,0,0,0,0,3.8,7.4,0.4,0.8,0.8,1.6,0,0,0.2,0.11975308641975307,4.8,0.02494855967078189
Ethan Wolf,NO,TE,2,1,0,0,0,0,0,0,0,1,1,4,0,0,0,0,1.5,0
Patrick Ricard,BAL,RB,13,11,0,0,0,0,0.15384615384615383,0.3076923076923077,0,1,0.6153846153846154,4.846153846153846,0.07692307692307693,0,0,0,0.8461538461538461,0
Lil Jordan Humphrey,NO,WR,10,4,0,0,0,0,0,0,0,1.8,1.3,24.9,0.2,0,0,0,1.4,0
Eric Tomlinson,BAL,TE,17,7,0,0,0,0,0,0,0,0.0588235294117647,0.0588235294117647,0.4117647058823529,0,0,0,0,0.1176470588235294,0
Wayne Gallman,2TM,RB,8,0,0,0,0,0,3.5,13,0,0.375,0.125,2.625,0,0,0,0,3.75,0
Tyler Johnson,TB,WR,17,3,0,0,0,0,0,0,0,3.235294117647059,2.1176470588235294,21.176470588235293,0,0,0,0,2.176470588235294,0
Nick Boyle,BAL,TE,5,3,0,0,0,0,0,0,0,0.4,0.2,0.4,0,0,0,0,0.4,0
Joshua Kelley,LAC,RB,10,0,0,0,0,0,3.3,10.2,0,0.6,0.5,3.8,0,0,0.1,0.05987654320987654,3.9,0.01535295979740424
Chester Rogers,TEN,WR,16,2,0,0,0,0,0.0625,0.5625,0,2.6875,1.875,18.8125,0.0625,0,0.25,0.09344135802469136,2,0.04672067901234567
Devin Asiasi,NE,NA,NA,0,NA,NA,NA,NA,NA,NA,NA,NA,NA,NA,NA,NA,NA,NA,NA,0
Michael Burton,KC,RB,16,0,0,0,0,0,0.5,1.625,0.0625,0.1875,0.1875,1.9375,0,0,0,0,0.75,0
Chris Moore,HOU,WR,12,1,0,0,0,0,0,0,0,1.8333333333333333,1.75,18.916666666666668,0.16666666666666666,0,0,0,1.8333333333333333,0
Andrew Beck,DEN,NA,NA,0,NA,NA,NA,NA,NA,NA,NA,NA,NA,NA,NA,NA,NA,NA,NA,0
Jalen Richard,LV,RB,10,0,0,0,0,0,0.9,4,0,1.4,1.2,7.2,0,0,0,0,2.2,0
Cyril Grayson,TB,WR,5,3,0,0,0,0,0.2,2.8,0,2.4,2,42.4,0.4,0,0,0,2.4,0
Rashod Berry,DET,NA,NA,0,NA,NA,NA,NA,NA,NA,NA,NA,NA,NA,NA,NA,NA,NA,NA,0
Benny Snell,PIT,RB,17,0,0,0,0,0,2.1176470588235294,5.764705882352941,0,0.2352941176470588,0.1176470588235294,0.7647058823529411,0,0,0,0,2.2941176470588234,0
Quintez Cephus,DET,WR,5,3,0,0,0,0,0,0,0,4.4,3,40.8,0.4,0,0,0,3.2,0
Marlon Mack,IND,RB,6,0,0,0,0,0,4.666666666666667,16.833333333333332,0,0.8333333333333334,0.3333333333333333,1.3333333333333333,0,0,0,0,5.166666666666667,0
Cam Sims,WAS,WR,14,3,0,0,0,0,0.07142857142857142,0.5,0,1.6428571428571428,1.0714285714285714,15.071428571428571,0.14285714285714285,0,0,0,1.2142857142857142,0
Darrell Daniels,ARI,TE,15,4,0,0,0,0,0,0,0,0.26666666666666666,0.06666666666666667,0,0,0,0,0,0.13333333333333333,0
Jason Cabinda,DET,RB,14,4,0,0,0,0,0.21428571428571427,1.6428571428571428,0,0.5,0.2857142857142857,1.1428571428571428,0.07142857142857142,0,0,0,0.5714285714285714,0
Rashard Higgins,CLE,WR,15,4,0,0,0,0,0,0,0,3.1333333333333333,1.6,18.333333333333332,0.06666666666666667,0,0,0,1.6666666666666667,0
Connor Davis,CLE,NA,NA,0,NA,NA,NA,NA,NA,NA,NA,NA,NA,NA,NA,NA,NA,NA,NA,0
Ryquell Armstead,JAC,RB,2,0,0,0,0,0,7.5,40,0,2,1.5,8,0,0,0,0,9.5,0
Malik Turner,DAL,WR,14,0,0,0,0,0,0,0,0,1.1428571428571428,0.8571428571428571,10.642857142857142,0.21428571428571427,0,0,0,0.9285714285714286,0
Brandon Dillon,MIN,NA,NA,0,NA,NA,NA,NA,NA,NA,NA,NA,NA,NA,NA,NA,NA,NA,NA,0
Deon Jackson,IND,RB,9,0,0,0,0,0,1.4444444444444444,3.4444444444444446,0.1111111111111111,0,0,0,0,0,0,0,1.5555555555555556,0
Isaiah McKenzie,BUF,WR,15,2,0,0,0,0,0.6,3.1333333333333333,0.06666666666666667,1.7333333333333334,1.3333333333333333,11.866666666666667,0.06666666666666667,0,0.13333333333333333,0.05983539094650205,2,0.02991769547325102
Ben Ellefson,MIN,NA,NA,0,NA,NA,NA,NA,NA,NA,NA,NA,NA,NA,NA,NA,NA,NA,NA,0
JaQuan Hardy,DAL,RB,3,0,0,0,0,0,1.3333333333333333,9.666666666666666,0.3333333333333333,0,0,0,0,0,0,0,1.6666666666666667,0
Brandon Zylstra,CAR,WR,13,3,0,0.07692307692307693,0,0,0,0,0,1.9230769230769231,1.3846153846153846,19.23076923076923,0.07692307692307693,0,0,0,1.4615384615384617,0
Clark Harris,CIN,NA,NA,0,NA,NA,NA,NA,NA,NA,NA,NA,NA,NA,NA,NA,NA,NA,NA,0
Andy Janovich,CLE,RB,13,3,0,0,0,0,0.15384615384615383,0,0.07692307692307693,0.3076923076923077,0.2307692307692308,0.6923076923076923,0,0,0,0,0.4615384615384616,0
John Ross,NYG,WR,10,1,0,0,0,0,0.1,1.6,0,2,1.1,22.4,0.1,0,0.1,0.02987654320987653,1.3,0.02298195631528964
Jacob Harris,LAR,NA,NA,0,NA,NA,NA,NA,NA,NA,NA,NA,NA,NA,NA,NA,NA,NA,NA,0
Keith Smith,ATL,RB,17,8,0,0,0,0,0.5294117647058824,1.8235294117647056,0,0.5882352941176471,0.5294117647058824,3.2941176470588234,0,0,0,0,1.1176470588235294,0
Jakeem Grant,2TM,WR,15,0,0,0,0,0,0.3333333333333333,2.2,0,1.1333333333333333,0.7333333333333333,8.8,0.13333333333333333,0,0.2,0.11975308641975307,1.1333333333333333,0.10566448801742918
Temarrick Hemingway,WAS,NA,NA,1,NA,NA,NA,NA,NA,NA,NA,NA,NA,NA,NA,NA,NA,NA,NA,0
Alex Armah,2TM,RB,11,2,0,0,0,0,0.4545454545454546,1.9090909090909092,0,0.09090909090909093,0.09090909090909093,0.09090909090909093,0.09090909090909093,0,0,0,0.6363636363636364,0
Isaiah Ford,MIA,WR,13,2,0,0,0,0,0,0,0,1.3076923076923077,0.9230769230769232,12.384615384615383,0.15384615384615383,0,0,0,1,0
J P Holtz,CHI,NA,NA,0,NA,NA,NA,NA,NA,NA,NA,NA,NA,NA,NA,NA,NA,NA,NA,0
Johnny Stanton,CLE,RB,4,0,0,0,0,0,0.75,1.25,0,0.5,0.5,1.75,0.25,0,0,0,1.5,0
Greg Ward,PHI,WR,17,0,0.0588235294117647,0.1176470588235294,0.1176470588235294,0,0,0,0,0.6470588235294118,0.4117647058823529,5.588235294117647,0.17647058823529413,0,0,0,0.4705882352941176,0
Tanner Hudson,SF,NA,NA,0,NA,NA,NA,NA,NA,NA,NA,NA,NA,NA,NA,NA,NA,NA,NA,0
Jonathan Ward,ARI,RB,13,0,0,0,0,0,0.6923076923076923,2.5384615384615383,0,0.3076923076923077,0.2307692307692308,2.6153846153846154,0,0,0,0,1,0
Tavon Austin,JAC,WR,13,3,0,0,0,0,0.2307692307692308,1.6153846153846154,0,2.8461538461538463,1.8461538461538465,16.384615384615383,0.07692307692307693,0,0.07692307692307693,0.04605887939221272,2.1538461538461537,0.02138447971781305
Ryan Izzo,TEN,NA,NA,0,NA,NA,NA,NA,NA,NA,NA,NA,NA,NA,NA,NA,NA,NA,NA,0
Ito Smith,DAL,RB,1,0,0,0,0,0,1,4,1,0,0,0,0,0,0,0,2,0
D J Chark,JAC,WR,4,4,0,0,0,0,0,0,0,5.5,1.75,38.5,0.5,0,0,0,2,0
Matt LaCosse,NE,NA,NA,0,NA,NA,NA,NA,NA,NA,NA,NA,NA,NA,NA,NA,NA,NA,NA,0
Mike Boone,DEN,RB,8,0,0,0,0,0,0.5,4.375,0,0.25,0.25,2.75,0,0,0,0,0.875,0
Ray Ray McCloud,PIT,WR,16,5,0,0,0,0,0.125,0.9375,0,4.125,2.4375,17.3125,0,0,0.25,0.09344135802469136,2.625,0.03559670781893004
Tyler Mabry,SEA,NA,NA,0,NA,NA,NA,NA,NA,NA,NA,NA,NA,NA,NA,NA,NA,NA,NA,0
Trayveon Williams,CIN,RB,5,0,0,0,0,0,3,10.2,0,0.4,0.2,0.8,0,0,0,0,3.4,0
Ihmir Smith Marsette,MIN,WR,8,1,0,0,0,0,0,0,0,0.75,0.625,14.5,0.25,0,0,0,0.75,0
Matthew Orzech,LAR,NA,NA,0,NA,NA,NA,NA,NA,NA,NA,NA,NA,NA,NA,NA,NA,NA,NA,0.2987654320987654
Jason Huntley,PHI,RB,1,0,0,0,0,0,13,51,0,1,0,0,0,0,0,0,14,0
Kendall Hinton,DEN,WR,16,1,0.0625,0.0625,0.0625,0,0,0,0,1.4375,0.9375,10.9375,0.0625,0,0,0,1,0
Giovanni Ricci,CAR,NA,NA,1,NA,NA,NA,NA,NA,NA,NA,NA,NA,NA,NA,NA,NA,NA,NA,0
Rodney Smith,CAR,RB,2,0,0,0,0,0,0,0,0,2.5,2.5,24,0,0,0,0,3,0
Anthony Schwartz,CLE,WR,14,2,0,0,0,0,0.42857142857142855,2.7857142857142856,0,1.6428571428571428,0.7142857142857143,9.642857142857142,0.07142857142857142,0,0,0,1.2142857142857142,0
Mason Schreck,CIN,NA,NA,0,NA,NA,NA,NA,NA,NA,NA,NA,NA,NA,NA,NA,NA,NA,NA,0
Wendell Smallwood,WAS,RB,3,0,0,0,0,0,1.6666666666666667,8.333333333333334,0,1.6666666666666667,1.3333333333333333,7.333333333333333,0,0,0,0,3.3333333333333335,0
Tajae Sharpe,ATL,WR,15,7,0,0,0,0,0,0,0,2.466666666666667,1.6666666666666667,15.333333333333334,0,0,0,0,1.7333333333333334,0
Nate Solder,NYG,NA,NA,16,NA,NA,NA,NA,NA,NA,NA,NA,NA,NA,NA,NA,NA,NA,NA,0
Kalen Ballage,PIT,RB,17,0,0,0,0,0,0.7058823529411765,2.1176470588235294,0,0.4117647058823529,0.1176470588235294,0.4705882352941176,0,0,0,0,0.8823529411764706,0
Albert Wilson,MIA,WR,14,5,0,0.07142857142857142,0,0,0.2857142857142857,1.2142857142857142,0,2.7857142857142856,1.7857142857142858,15.214285714285714,0,0,0,0,2.142857142857143,0
Stephen Sullivan,CAR,NA,NA,0,NA,NA,NA,NA,NA,NA,NA,NA,NA,NA,NA,NA,NA,NA,NA,0
Jakob Johnson,NE,RB,17,6,0,0,0,0,0,0,0,0.29411764705882354,0.2352941176470588,2.5294117647058822,0,0,0,0,0.29411764705882354,0
Breshad Perriman,TB,WR,6,0,0,0,0,0,0.16666666666666666,-0.5,0,3,1.8333333333333333,27.833333333333332,0.16666666666666666,0,0,0,2.1666666666666665,0
Tyrone Swoopes,WAS,NA,NA,0,NA,NA,NA,NA,NA,NA,NA,NA,NA,NA,NA,NA,NA,NA,NA,0
La Mical Perine,NYJ,RB,4,0,0,0,0,0,2,7.75,0,0,0,0,0,0,0,0,2.25,0
Parris Campbell,IND,WR,6,3,0,0,0,0,0,0,0,3.3333333333333335,1.6666666666666667,27,0.16666666666666666,0,0,0,1.8333333333333333,0
Colin Thompson,CAR,NA,NA,2,NA,NA,NA,NA,NA,NA,NA,NA,NA,NA,NA,NA,NA,NA,NA,0
Kylin Hill,GB,RB,8,0,0,0,0,0,1.25,3,0,0.25,0.125,0.625,0,0,0,0,1.5,0
