player,pos,team,games_played,py_games_played,touches,fmb,adj_rus_att_per,adj_rus_yds_per,adj_rus_tds_per,adj_tgt_per,adj_rec_per,adj_rec_yds_per,adj_rec_tds_per,py_qb_fl,py_fl_per_tou
John FitzPatrick,TE,ATL,0,0,0,0,0,0,0,0.01932644146490653,0.01881792021525024,0.01677721446361763,0.0177031511008537,0,0.00649552946227403
Duke Johnson,RB,BUF,0,5,0,0,0.2717468049939886,0.32825437871484475,0.32808327328036424,0.02664686579693245,0.03011538117975077,0.03389059689296229,0.01402864559412464,0,0.00270647060928084
Van Jefferson,WR,LAR,0,17,0,0,0.00564024360615008,0.01352753976046811,0.00341655624060337,0.15375644296277097,0.1250996158897026,0.1673333631801607,0.15261356766640957,0,0.00270647060928084
Cyril Grayson,WR,TB,0,5,0,0,0.00709267272525674,0.02196676058178262,0.00501887619430091,0.0399043077402173,0.04711132572479096,0.08476718357754165,0.07809674341573977,0,0.00270647060928084
Tyler Johnson,WR,HOU,0,17,0,0,0,0,0,0.06470452753553227,0.06121114482164656,0.05287553309842644,0.03067323236014252,0,0.00270647060928084
Jeremy Sprinkle,TE,DAL,0,17,0,0,0,0,0,0.00432443104797711,0.00636273759508402,0.00595542921629544,0.00285234621756518,0,0.00270647060928084
James Washington,WR,DAL,0,15,0,0,0.00582920914686898,0.00951621247005529,0.00340745032503827,0.07004131031642603,0.06026785050063592,0.07883756089537437,0.08723376486628097,0,0.00270647060928084
Brandon Smith,WR,DAL,0,0,0,0,0,0,0,0.075803179066559645,0.07653871122903637,0.074949377070234,0.08225323163778754,0,0.00649552946227403
Brittain Brown,RB,LV,0,0,0,0,0.0844143496780496,0.08779713845809037,0.0878511633715313,0.02886454328393451,0.02741162786312758,0.0266948701614577,0.02441843673921784,0,0.00649552946227403
Larry Rountree,RB,LAC,0,12,0,0,0.06257816387009309,0.03544310889133589,0.05046809988770098,0.00342485905769863,0.00255114460160862,-2.2990418337189751e-4,0.00115112901471342,0,0.00270647060928084
Austin Walter,RB,LV,0,4,0,0,0.17460364526105954,0.1608101330508829,0.18362573993665376,0.01446090598461041,0.01546405824180888,0.0068323682435444,0.00574965448064009,0,0.00270647060928084
Antony Auclair,TE,HOU,0,16,0,0,0,0,0,0.00836749878958603,0.01255419254375224,0.01160449465744063,0.02634199880156424,0,0.00270647060928084
Royce Freeman,RB,HOU,0,15,0,0,0.12163146544211124,0.0940910474535747,0.06669785100066479,0.02666838844664506,0.02503008321832641,0.01726780676228997,0.01211955364772099,0,0.00270647060928084
Teagan Quitoriano,TE,HOU,0,0,0,0,0,0,0,0.03219585775011262,0.03131870139996936,0.02875289259915231,0.03131537439871927,0,0.00649552946227403
Ty Son Williams,RB,IND,0,13,0,0,0.06976004578725324,0.08248877149687349,0.06552898150734605,0.02480030871788387,0.02764330082179876,0.02400705640684745,0.01327628682026769,0,0.00602608652148935
Freddie Swain,WR,SEA,0,17,0,0,0.00858864583931516,0.01008766395728961,0.00426955096865178,0.06746143128136875,0.0626320889285115,0.06999764370952105,0.08487769416937029,0,0.00752526790119642
Bo Melton,WR,SEA,0,0,0,0,0,0,0,0.02136940013695817,0.02077750860063009,0.0179278476329405,0.02003585674937512,0,0.00649552946227403
Dylan Parham,TE,DEN,0,0,0,0,0,0,0,0.0837327901140523,0.08061932757316759,0.0748079512236291,0.08289102597421011,0,0.00649552946227403
Tim Patrick,WR,DEN,0,16,0,0,0,0,0,0.1499888421766256,0.13761111325336026,0.17423216481446918,0.19577911660880848,0,0.00270647060928084
Laquon Treadwell,WR,JAC,0,12,0,0,0,0,0,0.0964610081468503,0.09887989711189908,0.12664597077128725,0.10131524908397496,0,0.00270647060928084
Ryquell Armstead,RB,JAC,0,2,0,0,0.2448903934119041,0.2600630055247246,0.12689944527467611,0.04539341559851778,0.05393448933376312,0.02801385528581468,0.02297238484088334,0,0.00270647060928084
Snoop Conner,RB,JAC,0,0,0,0,0.2023541471617532,0.1803895037312558,0.2019886877316308,0.05242375920215711,0.04963761073086775,0.04601128940676109,0.05216930013031062,0,0.00649552946227403
Jaret Patterson,RB,WAS,0,17,0,0,0.09472121709256212,0.08964180843299809,0.09309463647195622,0.01721696796409652,0.022719102359944,0.0160660087574577,0.00840592520624282,0,0.00459739106560215
Tommy Hudson,TE,TEN,0,5,0,0,0,0,0,0.03267368009823077,0.02365027086330805,0.0269375236529026,0.01492866564643607,0,0.00270647060928084
Ricky Seals Jones,TE,NYG,0,13,0,0,0,0,0,0.0903795961565535,0.0834311878119905,0.0718763476911715,0.09590477253594722,0,0.00270647060928084
Greg Ward,WR,PHI,0,17,0,0,0,0,0,0.01740310826312972,0.01746111041852856,0.01922152071453791,0.06958532678054064,0,0.00270647060928084
Jason Huntley,RB,PHI,0,1,0,0,0.26670959857964693,0.21859625037432664,0.15130702156698794,0.02689571277029139,0,0,0.0068987571874743,0,0.00270647060928084
Godwin Igwebuike,RB,DET,0,17,0,0,0.02386596441700557,0.03550571602821478,0.03875151784030696,0.01184489285825597,0.01206248790626898,0.01005404079854696,0.00482231587704679,0,0.02020647060928085
Jermar Jefferson,RB,DET,0,7,0,0,0.04830016608203509,0.05407529148122782,0.14716692792374503,0.01438308418502511,0.01673977913523042,0.00935983321959967,0.00584859086384935,0,0.00270647060928084
Blake Bell,TE,KC,0,16,0,0,0.00750877252599098,0.00404181817326688,0.00349073270634911,0.02379546798343463,0.02482634682445145,0.02120739967552806,0.01232470254529236,0,0.00270647060928084
Ronald Jones,RB,KC,0,16,0,0,0.2122495953434504,0.20226979296048647,0.19970508640980345,0.0219725593554287,0.02511789380612975,0.01429406233166737,0.01114205585134786,0,0.00805259053873411
Derrick Gore,RB,KC,0,11,0,0,0.13925359957292377,0.15050261125182876,0.147769619529682,0.02396186985744466,0.03209871104575543,0.03722929096644425,0.01524900130315479,0,0.00270647060928084
Antoine Wesley,WR,ARI,0,15,0,0,0,0,0,0.04102677178648783,0.03323692593111142,0.03270268167596449,0.05446242521683055,0,0.00270647060928084
J J Taylor,RB,NE,0,5,0,0,0.07900513791656005,0.0356967236425042,0.11463268061013274,0.01799405253497356,0.02656969322240702,0.00448296473598587,0.00880795481395703,0,0.01518075044467179
Erik Ezukanma,WR,MIA,0,0,0,0,0,0,0,0.06093675267006254,0.05592048705008587,0.05601571595709619,0.06235607846536646,0,0.00649552946227403
Adam Shaheen,TE,MIA,0,12,0,0,0,0,0,0.02913627581797242,0.03052675858836649,0.03101705851633889,0.01601250087347069,0,0.00270647060928084
James O Shaughnessy,TE,CHI,0,7,0,0,0,0,0,0.1151274882762568,0.12595342485280148,0.12459737142525856,0.07289143735220437,0,0.00270647060928084
Tajae Sharpe,WR,CHI,0,15,0,0,0,0,0,0.06162982498711465,0.05862885068579232,0.05072030738475165,0.03525893809453137,0,0.00270647060928084
Colin Thompson,TE,CAR,0,11,0,0,0,0,0,0.00258100022912897,0,0,7.048478136086615e-4,0,0.00649552946227403
Charlie Kolar,TE,BAL,0,0,0,0,0,0,0,0.06804524030361071,0.06526080057954196,0.06456780157517995,0.06472971075989395,0,0.00649552946227403
Tyler Badie,RB,BAL,0,0,0,0,0.21547667718101815,0.2002267209874619,0.25521324872157336,0.06059580110544557,0.05811619555247909,0.05749906451366984,0.05764324824658486,0,0.00649552946227403
Calvin Austin,WR,PIT,0,0,0,0,0,0,0,0.06002366126923558,0.0576505016923745,0.05392930494814105,0.05611489841876434,0,0.00649552946227403
Jeremy McNichols,RB,PIT,0,14,0,0,0.08393922823551389,0.07143495107456187,0.04678787239214784,0.07708345161938668,0.08129718907148877,0.06846566997119707,0.06006840916615134,0,0.00270647060928084
Josh Johnson,RB,SEA,0,4,0,0,0.05991393825327934,0.03971187020516829,0.02664873922112215,0,0,0,0,0,0.00649552946227403
JaQuan Hardy,RB,DEN,0,3,0,0,0.04276017210251148,0.06734691252514897,0.17829775516483004,0,0,0,0,0,0.00270647060928084
La Mical Perine,RB,NYJ,0,4,0,0,0.04951099557669337,0.0428842668495094,0.0246512420655127,0,0,0,0,0,0.00270647060928084
Andre Roberts,WR,CAR,1,0,0,0,0,0,0,0,0,0,0,0.21,0.007
Damien Williams,RB,ATL,1,12,2,0,0.07250442527138368,0.0485385889136397,0.06109536081549433,0.01785599826609533,0.01881741616943849,0.01318447385928325,0.01956938284136317,0,0.00270647060928084
Ty Montgomery,WR,NE,1,0,5,0,0.06794024389031203,0,0.03874431507874142,0.10933122895073508,0.11424778221531792,0.07579476739737252,0.23324953618187483,0.21,0.007
Trace McSorley,QB,ARI,1,0,3,0,0.10246375150463452,0.13450945985937296,0.09409259400656092,0,0,0,0,0.21,0.007
Elijah Mitchell,RB,SF,1,11,6,0,0.22745234083532212,0.26854347529106926,0.21756749987766644,0.0163816598514528,0.02029393516746153,0.01402493058723505,0.01883776463379773,0,0.00270647060928084
Cethan Carter,TE,MIA,1,16,0,0,0,0,0,0.0011166350077478,0.00143163463448878,0.00133653695040057,0.00118443141801319,0,0.00270647060928084
Kyren Williams,RB,LAR,1,0,0,0,0.06006613728943789,0.05956347809105395,0.06843622031788887,0.01256904596487097,0.01241401806559302,0.01191922547656887,0.01250936164183077,0,0.00649552946227403
Josh Gordon,WR,TEN,1,0,0,0,0,0,0,0.03733045618346273,0.01120880961503583,0.00876978777954484,0.01717070601784155,0.21,0.007
Giovani Bernard,RB,TB,2,12,0,0,0.00613858091895793,0.00835686702909776,0.00763631992134252,0.0089691859764477,0.00975063638868862,0.00697839572342507,0.0087951628876557,0,0.00737468048582405
Jeff Driskel,QB,HOU,1,0,1,0,0.07077844278758393,0.12456143997077498,0.08890735506732639,0,0,0,0,0.21,0.007
Drew Sample,TE,CIN,2,17,2,0,0,0,0,0.02455107420602164,0.02957286890831871,0.01093310316871421,0.0190513493769153,0,0.00270647060928084
Dezmon Patmon,WR,IND,1,0,2,0,0,0,0,0.17558658933337598,0.133226712714767,0.12872019182467412,0.1291600221256425,0.21,0.007
Kadarius Toney,WR,NYG,2,10,4,0,0.0294919563120709,0.03773564759152492,0.03375850732620414,0.05790977184913844,0.05834170302445141,0.03613170873109293,0.04150666252597381,0,0.00270647060928084
Dennis Houston,WR,DAL,2,0,2,0,0,0,0,0.06640146484071877,0.05013378392139699,0.04384307919760261,0.04983746060819238,0.21,0.007
Trey Lance,QB,SF,1,0,3,0,0.32976172179824975,0.34550461809603455,0.31564996042419713,0,0,0,0,0.11205624078332709,0
Chris Conley,WR,HOU,2,16,0,0,5.705020824262304e-4,5.505841979892153e-4,6.482031311254799e-4,0.03969141898994381,0.028011184781957,0.02963433726490224,0.03514766510790635,0,0.01518075044467179
Jesse James,TE,CLE,2,0,0,0,0,0,0,0,0,0,0,0.21,0.007
Trenton Cannon,RB,TEN,2,0,0,0,0,0,0,0,0,0,0,0.21,0.007
Noah Togiai,TE,PHI,2,0,0,0,0,0,0,0.01569987545088526,0.00802786125021897,0.00650891822644922,0.00974233904790037,0.21,0.007
Joe Flacco,QB,NYJ,3,0,3,4,0.04941085569600576,0.03285743914342223,0.04495719502972339,0,0,0,0,0.21,0.007
Sterling Shepard,WR,NYG,3,7,13,0,9.36791978708972e-4,3.3682912728992987e-4,6.838429156567907e-4,0.21568378458375684,0.1945496401052948,0.20161340835376168,0.20285618049887072,0,0.00270647060928084
Michael Thomas,WR,NO,3,0,16,0,0,0,0,0.1774348099839357,0.18817102998951876,0.17761844125373044,0.18489170150342568,0.21,0.007
C J Beathard,QB,JAC,1,0,1,0,0.02190274243799789,2.079767564667019e-4,0.01128444725101986,0,0,0,0,0.21,0.007
Byron Pringle,WR,CHI,3,17,2,0,0,0,0,0.0653508590286366,0.07828281785731629,0.08161324979138249,0.07672151306060895,0,0.013142876006926551
Jameis Winston,QB,NO,3,7,5,3,0.08382888472943918,0.06804182740470671,0.0738617930862212,0,0,0,0,0.15280932720308016,0
D J Chark,WR,DET,3,4,7,0,0,0,0,0.1634043311177715,0.13359058338546223,0.1452999948556609,0.1401663458781993,0,0.00649552946227403
Shane Zylstra,TE,DET,3,4,0,0,0,0,0,0.00406316392387946,0.00354287211897186,0.00348134062322505,0.00367763845248005,0,0.00270647060928084
Andy Isabella,WR,ARI,2,0,2,0,0,0,0,0.05285150648665811,0.0407492198230656,0.04276370991872293,0.04346126954501495,0.21,0.007
Jalen Guyton,WR,LAC,2,16,2,0,0.00283645436652406,0.00308847374909945,0.00309359088666767,0.05274760020649781,0.04829073107610569,0.07833255301158772,0.05418935527766777,0,0.00653679666182912
Jake Tonges,TE,CHI,1,0,0,0,0,0,0,0.05168589844423527,0.01600063272166752,0.01242276663286677,0.0242356792839323,0.21,0.007
Adam Prentice,RB,NO,3,0,1,1,0,0,0,0.0071287631695145,0.00916963091913191,0.00509128274614164,0.00663710806120989,0.21,0.007
Antonio Williams,RB,NYG,2,0,0,0,0,0,0,0,0,0,0,0.21,0.007
Brian Hoyer,QB,NE,1,0,0,0,0,0,0,0,0,0,0,0.21,0.007
Cole Beasley,WR,TB,2,0,4,0,0,0,0,0.05511548830587383,0.05835035209030809,0.04295749477961515,0.0475234596507926,0.21,0.007
Tyrod Taylor,QB,NYG,1,0,3,1,0.05285357717716921,0.07977608804322421,0.05096870843441317,0,0,0,0,0.21,0.007
Cordarrelle Patterson,RB,ATL,4,16,62,0,0.35669508022603125,0.3808663968571703,0.36768971221627944,0.0720443012555466,0.07383614767565186,0.06729713312664128,0.0735297995996671,0,0.00415678824082824
Logan Thomas,TE,WAS,4,6,13,0,0,0,0,0.11985948532709512,0.12529619279527865,0.10839803235701972,0.11047632223759274,0,0.01846345566451152
Darren Waller,TE,LV,4,11,16,0,0,0,0,0.18389910097817175,0.18265204602705304,0.1807465688364952,0.18439511941400089,0,0.00270647060928084
Jarvis Landry,WR,NO,4,12,15,0,0.0014718064046369,0.00161251508318295,0.0015777863503588,0.16277402906453275,0.16517712101319987,0.15473699298915575,0.15690716662366175,0,0.01538694769653759
Jamison Crowder,WR,BUF,4,12,6,1,0,0,0,0.10063275824641582,0.08828433340952714,0.08270346671192104,0.08777789711432647,0,0.00846383053330743
Kenny Golladay,WR,NYG,3,14,2,0,0,0,0,0.06897266577479032,0.0503763942762736,0.05168703858106865,0.06188528687641878,0,0.00270647060928084
Kendall Blanton,TE,LAR,2,0,2,0,0,0,0,0.03525260249971556,0.04091714664205796,0.05128723272053867,0.04167082257462219,0,0.02020647060928085
Tyron Johnson,WR,LV,1,0,0,0,0,0,0,0,0,0,0,0.21,0.007
Marlon Mack,RB,SF,2,0,0,0,0.10961774450101146,0.09098391334970256,0.10317486930506262,0.01363355822826076,0.01102153774836691,0.00790887609450793,0.01049395875508612,0,0.00270647060928084
Quintez Cephus,WR,DET,4,5,2,0,0,0,0,0.03245283176771115,0.03214762358852364,0.02434904653683151,0.02613667752750009,0,0.00270647060928084
Trey Sermon,RB,PHI,1,9,2,0,0.06102180763940262,0.08740552399542365,0.0632816042332042,0.00379406953471601,0.00409834326872277,0.00306226517778227,0.0033796436790528,0,0.00270647060928084
Jerome Ford,RB,CLE,4,0,0,0,0.01192283726308209,0.01202351863576346,0.01188175794353891,0.00380491103600649,0.00379207397203849,0.00371940555765117,0.00388562286890519,0,0.00649552946227403
Jahan Dotson,WR,WAS,4,0,13,0,0.00933782815959302,0.00447288798180759,0.0076292366102347,0.13377921384599137,0.12552080694947182,0.14574477320399234,0.17599444419091134,0,0.00649552946227403
Treylon Burks,WR,TEN,4,0,12,0,0.01777447457206736,0.02256785821849472,0.01759144862095297,0.17196762982045397,0.1714221709005794,0.17708485292693354,0.17012513304704846,0,0.00649552946227403
Javonte Williams,RB,DEN,4,17,63,1,0.4310934213024744,0.42775066085917895,0.4075725340040291,0.16073191384311605,0.1623197755303435,0.12119010325316627,0.1454988390620897,0,0.0045233347068467
Maxx Williams,TE,ARI,4,5,0,0,0,0,0,0.00300254749300404,0.00337776157142381,0.00347969176874416,0.00330357026098774,0,0.00270647060928084
Ben Ellefson,TE,MIN,4,5,3,0,0,0,0,0.02039317074483103,0.02409154638905252,0.02369154605871711,0.0221136209527332,0,0.00649552946227403
Darrynton Evans,RB,CHI,1,0,0,0,0,0,0,0,0,0,0,0.21,0.007
Lance McCutcheon,WR,LAR,2,0,0,0,0,0,0,0,0,0,0,0.21,0.007
Case Keenum,QB,BUF,1,0,2,0,0.16892473701313163,0.05168194884208903,0.11345447359914382,0,0,0,0,0.21,0.007
Mike Davis,RB,BAL,3,17,8,1,0.15823377435510286,0.136839662246054,0.1532157666256274,0.02619595588621816,0.02759371782063979,0.02407583494242479,0.0260749744622382,0,0.00843068298194495
Mason Schreck,TE,HOU,1,0,1,0,0,0,0,0.05605607497325376,0.0693427403539598,0.04556887063253082,0.05027150327367512,0.21,0.007
Jonathan Williams,RB,WAS,5,5,6,0,0.03461289075804602,0.05087233534853001,0.04248301774336793,0.00212228294017563,0.00220480023756067,0.00208301184855738,0.00209245618759903,0,0.00270647060928084
Tanner Gentry,WR,BUF,1,0,0,0,0,0,0,0.02187482772449629,0.00660790797643171,0.00525696395907439,0.00968309614116903,0.21,0.007
Anthony Firkser,RB,ATL,1,0,1,0,0,0,0,0.13995183603794836,0.1677282509292156,0.1738492093177841,0.15085157184061357,0,0.015528340097817
Baker Mayfield,QB,CAR,5,14,14,6,0.13512927706964098,0.10561952264263592,0.1240148116117972,0,0,0,0,0.19768587041295663,0
James Conner,RB,ARI,5,15,68,1,0.4050100629771487,0.404169394301236,0.3887632140200706,0.08930277165240004,0.09296765486564056,0.08998572285029033,0.089048213650302993,0,0.00395132657635903
Durham Smythe,TE,MIA,5,17,7,0,0.00621987537693637,0.00248701195058027,0.0185810525271381,0.05105468855876259,0.05747363764105414,0.05314474452181822,0.05400846542882439,0,0.00270647060928084
Malik Turner,WR,SF,1,0,0,0,0,0,0,0.00808892583145623,0.00803923124479907,0.00838138084591338,0.00800805863438485,0,0.00270647060928084
Rashaad Penny,RB,SEA,5,10,61,1,0.4784674313875343,0.4951896414641412,0.4705288975135624,0.03213600753328858,0.03319101762538495,0.02866384111178974,0.03083407241877928,0,0.00270647060928084
Myles Gaskin,RB,MIA,2,17,7,0,0.15065130629070692,0.12996007534428286,0.14064253026907658,0.06772924028953521,0.06963376213802978,0.06126460306191002,0.05976929752104482,0,0.00471887165008248
Dan Chisena,WR,MIN,1,0,0,0,0,0,0,0,0,0,0,0.21,0.007
Ashton Dulin,WR,IND,5,17,13,0,0.00574694376318563,0,0.00408225973726422,0.08652380802097845,0.09006039422363978,0.0988359585105559,0.09653627180607378,0,0.00270647060928084
Deonte Harty,WR,NO,4,0,2,1,0,0,0,0.01446906349634556,0.01640197494823057,0.0152884227959035,0.01543618682957854,0.21,0.007
Zack Moss,RB,BUF,5,13,24,1,0.13974408463549878,0.15778420119281608,0.14390089932271752,0.05356760375443852,0.0546617104325366,0.05082182745708371,0.053435490995281,0,0.00644618254343722
Albert Okwuegbunam,TE,DEN,4,14,7,0,0,0,0,0.08412408429818719,0.08271341068413571,0.07157722702224725,0.08084697473302603,0,0.01151184461073328
Ty Chandler,RB,MIN,2,0,0,0,0.03031628529533545,0.03018066728085308,0.03027507371411597,0.00770362924180983,0.00758893734023823,0.00748934202089852,0.00760445631257122,0,0.00649552946227403
Kyle Philips,WR,TEN,4,0,8,2,0,0,0,0.1166206694246492,0.11171042797037645,0.09994524846233624,0.10534007179993364,0,0.00649552946227403
Cam Akers,RB,LAR,5,0,53,1,0.4951760103310468,0.4636763355764637,0.4638163293872653,0.02548560022312385,0.01946373551785063,0.01788023187171307,0.02060573155195947,0.21,0.007
Matt Sokol,TE,NE,1,0,0,0,0,0,0,0,0,0,0,0.21,0.007
Penny Hart,WR,SEA,5,0,1,0,0,0,0,0.00406776682091073,0.00464797842532357,0.00580478897877412,0.00490568989788715,0.21,0.007
Andre Baccellia,WR,ARI,1,0,0,0,0,0,0,0.03476356321808583,0.0345697731762823,0.0321456516670373,0.03357672622250349,0.21,0.007
Jacob Harris,WR,LAR,1,0,0,0,0,0,0,0,0,0,0,0.21,0.007
Jonathan Ward,RB,ARI,5,13,0,0,0.00229147622136191,0.00230699078831948,0.0022935998437742,5.622347044802143e-4,5.698062216181394e-4,5.728996902294758e-4,5.698602616855026e-4,0,0.00270647060928084
Kaylon Geiger,WR,TB,1,0,0,0,0,0,0,0,0,0,0,0.21,0.007
Simi Fehoko,WR,DAL,5,0,3,0,0,0,0,0.01964245682150834,0.02099565360112177,0.02113480420730944,0.02129775576051676,0.21,0.007
Jake Funk,RB,LAR,5,0,0,0,0,0,0,0,0,0,0,0.21,0.007
Rico Dowdle,RB,DAL,5,0,0,0,0,0,0,0,0,0,0,0.21,0.007
Nick Muse,TE,MIN,1,0,0,0,0,0,0,0.01804646280144634,0.01777039430708046,0.01748206169812105,0.01775741119060195,0,0.00649552946227403
Tory Carter,RB,TEN,5,0,0,0,0,0,0,0,0,0,0,0.21,0.007
Randall Cobb,WR,GB,6,12,18,1,3.12671310642461e-4,2.5007257859352276e-4,2.9679075626015e-4,0.1179860764072396,0.12002444872495743,0.13791638092279662,0.12391154735122437,0,0.0126858944775936
Cameron Brate,TE,TB,5,17,13,0,0,0,0,0.08603107988014927,0.0827469263469884,0.07879215335251957,0.07952882391932084,0,0.00270647060928084
MyCole Pruitt,TE,ATL,1,0,1,0,0,0,0,0.08159331841261307,0.08712746943180565,0.05683741971990432,0.14385908935349098,0,0.00270647060928084
Teddy Bridgewater,QB,MIA,1,0,1,0,0.05385767740729939,0.11109487270900324,0.06762229896348,0,0,0,0,0.21,0.007
Carson Wentz,QB,WAS,6,17,19,6,0.10510322324065376,0.1141326780462424,0.10463029486324942,0,0,0,0,0.2232377948864498,0
Cooper Rush,QB,DAL,6,0,9,2,0.04694898428596117,0.03144870783235596,0.04023289665619812,0,0,0,0,0.21,0.007
Chester Rogers,WR,CLE,1,0,0,1,0.00169154057535659,0.00276685433961908,0.0021720485624369,0.06732622813020825,0.06761991634495616,0.06671172634719405,0.06705607169956374,0,0.02020647060928085
Phillip Lindsay,RB,IND,2,0,20,0,0.546528742457059,0.5309505930914147,0.5217991343879662,0.08344898670624332,0.09084619654254784,0.05967395866242193,0.07062615290935763,0,0.00270647060928084
Mitchell Trubisky,QB,PIT,1,0,6,0,0.1982637343513981,0.12589422034590753,0.15579632261548712,0,0,0,0,0.21,0.007
River Cracraft,WR,MIA,4,0,1,0,0,0,0,0.03795246631684833,0.02978518489510306,0.02694214752823165,0.03141336813800905,0.21,0.007
Keith Kirkwood,WR,NO,1,0,1,0,0,0,0,0.063620990547291,0.0861305772837912,0.08750652745129119,0.06801991614373291,0.21,0.007
Jamal Agnew,WR,JAC,6,10,12,0,0.02840284419962588,0.02883955320930104,0.02681861414698862,0.06889217731063955,0.07062669207639172,0.06702140395118968,0.06883749872916946,0,0.00737468048582405
Tommy Sweeney,TE,BUF,3,13,1,0,0,0,0,0.01074972546255707,0.01274377014743438,0.00944523152495986,0.00948265826921659,0,0.01764474221421911
Juwann Winfree,WR,GB,1,0,0,0,0,0,0,0.0870299418306506,0.05568050046422031,0.05773577753937073,0.06481246094775914,0.21,0.007
Adam Trautman,TE,NO,6,13,7,0,0,0,0,0.05480876756784077,0.06078977114149638,0.06380635753179197,0.06088834993728851,0,0.01339871046818737
Marquise Brown,WR,ARI,6,16,43,1,2.8843434340515984e-4,3.293487884141927e-4,3.2878271093804396e-4,0.25105365931817414,0.24597976023567256,0.2694042643464198,0.2621355577682859,0,0.00913817112700287
Skylar Thompson,QB,MIA,2,0,1,1,0.02174118638254911,0.04233018672574985,0.02495486693912027,0,0,0,0,0.21,0.007
Mike Strachan,WR,IND,4,0,3,0,0,0,0,0.052537374291715,0.04096316445621924,0.0462873912620859,0.04603873572309598,0.21,0.007
Donald Parham,TE,LAC,2,14,3,0,0,0,0,0.04155136572253517,0.04149926667872815,0.0688470599378136,0.04682489396175021,0,0.00270647060928084
Jacob Eason,QB,CAR,1,0,0,0,0,0,0,0,0,0,0,0.21,0.007
Jordan Love,QB,GB,1,0,0,0,0,0,0,0,0,0,0,0.21,0.007
J K Dobbins,RB,BAL,4,0,41,0,0.2983025581244337,0.2258207616834568,0.25805582663970694,0.05305383127211457,0.06003693383442986,0.05675905953221007,0.05845236346679446,0.21,0.007
Tylan Wallace,WR,BAL,6,0,3,0,0,0,0,0.03753005708386395,0.03764868383658769,0.03088128268078361,0.03335458877480889,0.21,0.007
Ihmir Smith Marsette,WR,CHI,5,8,2,1,0.00452831760745587,3.413763658242403e-4,0.00243647790293818,0.0331153098263679,0.022962745705849,0.0219494833852006,0.02475861074918758,0,0.00270647060928084
Joshua Palmer,WR,LAC,6,17,27,0,0.00639570018364977,0.00740513340365949,0.00679201380760929,0.14478197590551586,0.14396195652903618,0.1388378984751275,0.1406783979289626,0,0.00270647060928084
Tutu Atwell,WR,LAR,4,0,2,0,0.01030974426635977,0.02207082238603195,0.01203057426535636,0.02511715707195664,0.0193256691664382,0.03248396230020795,0.02607960601020619,0.21,0.007
Dyami Brown,WR,WAS,6,0,3,0,0,0,0,0.04696676765499463,0.03469306989773407,0.05162537482780255,0.05315988503904588,0.21,0.007
Kevin Harris,RB,NE,1,0,3,0,0.2126947811745119,0.18619671172146077,0.18610394092628188,0.0384116566989706,0.03835931244288652,0.03588661398985114,0.03670051777817976,0,0.00649552946227403
Rashard Higgins,WR,CAR,1,15,0,0,0,0,0,0.05107784053055422,0.04214397454597606,0.03970359463507919,0.04490472874877811,0,0.00270647060928084
Stanley Morgan,WR,CIN,6,0,0,0,0,0,0,0.00509845747783642,0.00260405240300592,0.00210273189555513,0.00312445688832051,0.21,0.007
Joshua Kelley,RB,LAC,6,10,30,0,0.13493911994933516,0.13090924770989065,0.1343245858141275,0.04308052646326334,0.0438636845953243,0.043676272216209,0.04460409120135508,0,0.01038295050798297
Lil Jordan Humphrey,WR,NE,6,10,2,0,0,0,0,0.02563591303144652,0.02509944387738378,0.02552005320918463,0.02474743897460043,0,0.00270647060928084
Isaiah Hodgins,WR,BUF,2,0,4,0,0,0,0,0.08071784631802666,0.08523942534581251,0.06610563131244881,0.07362755110003616,0.21,0.007
D Vonte Price,RB,IND,1,0,0,0,0,0,0,0,0,0,0,0.21,0.007
Matt Ryan,QB,IND,7,17,12,11,0.04528175875127988,0.01218389413528351,0.03185592496608687,0,0,0,0,0.24779117179276788,0
Chad Henne,QB,KC,1,0,3,0,0.10182666003293624,0.00554928700138317,0.05489505556848033,0,0,0,0,0.21,0.007
Ryan Tannehill,QB,TEN,6,17,19,2,0.10341045202268262,0.07423620560499287,0.09205346088070684,0,0,0,0,0.23548906576517167,0
Travis Kelce,TE,KC,7,16,49,0,0.01118396155018171,0.01133661604160573,0.0111899504439256,0.23974579823942255,0.2470544616771741,0.24295260711868144,0.23627607536931056,0,0.00585786762032698
Kyle Juszczyk,RB,SF,7,17,14,0,0.00864243184862488,0.01069532948986832,0.0095578297750019,0.05488657522145591,0.05936428169230413,0.06003530691659414,0.05532599622961921,0,0.00270647060928084
Michael Burton,RB,KC,7,16,3,0,0.01442124960392695,0.01563443621463364,0.01517105036027419,0.00783676212904871,0.00640255205961181,0.00568195610837656,0.00650319560020584,0,0.00270647060928084
Keenan Allen,WR,LAC,2,16,6,0,0,0,0,0.11115249240215463,0.12744461412187866,0.1435774247219401,0.12222104544905714,0,0.00410257075927508
Jerick McKinnon,RB,KC,7,13,42,0,0.15863385677457476,0.17283598477936615,0.16393435725701416,0.06607441112302254,0.06755027944375275,0.06348321911464504,0.06256660543122958,0,0.00270647060928084
DeAndre Carter,WR,LAC,7,17,20,1,0.01207734856589813,0.00780400277740037,0.01046416424520516,0.08964627560733926,0.09041791121947194,0.0943955193620326,0.08900526430924521,0,0.01551070341351365
Gerald Everett,TE,LAC,7,15,27,0,5.521777318369728e-4,6.481920440932224e-4,5.891614675982486e-4,0.14519667023771968,0.1461439031013628,0.15189533053139626,0.14385664542273213,0,0.01422119045733402
Mike Williams,WR,LAC,7,16,37,0,0,0,0,0.19829793334489249,0.2053110260426184,0.22608855869353045,0.21873660831319908,0,0.00270647060928084
Marquez Valdes Scantling,WR,KC,7,11,23,0,0.00522464280491642,0.0042079155709833,0.00493219642108228,0.15055500294346824,0.14383110030722512,0.1619869096076361,0.14818949611249377,0,0.00270647060928084
Corey Davis,WR,NYJ,7,9,19,0,0,0,0,0.14099067167110657,0.135214227297301,0.16137125326098348,0.1521685001820884,0,0.015528340097817
Sony Michel,RB,LAC,7,17,42,0,0.2439007440070787,0.2775138918776458,0.25188465630676765,0.03624526304151254,0.03743685653582869,0.03447207930365217,0.03483543297514993,0,0.00400813459210424
Justin Watson,WR,KC,7,0,4,0,0,0,0,0.03555398833749088,0.03050845213287263,0.02792400370964191,0.04028423349829201,0.21,0.007
Austin Ekeler,RB,LAC,7,16,137,2,0.5152799683805472,0.5780540861634264,0.5529838308495509,0.18246162879769037,0.20716579035429425,0.19705331384576263,0.20075387579665013,0,0.00648817048003005
Jason Moore,WR,LAC,4,0,1,0,0,0,0,0.00907736155108802,0.00791718049849081,0.00572095465511005,0.00608250838340996,0.21,0.007
Mike Boone,RB,DEN,7,8,21,0,0.08243780133616126,0.0992673049619245,0.08378576640673234,0.05134608304917276,0.04570037558301072,0.04192081181338378,0.04670627686981378,0,0.00270647060928084
Ezekiel Elliott,RB,DAL,7,17,115,0,0.5522588967658895,0.5567539595112294,0.569951461428073,0.04051877296927584,0.04310109154417957,0.03990635251042229,0.04072905819047307,0,0.00375693627962955
Marcus Kemp,WR,KC,1,0,0,0,0,0,0,0,0,0,0,0.21,0.007
Patrick Mahomes,QB,KC,7,17,21,2,0.11753661244411644,0.147932366589295,0.13018235120378582,0,0,0,0,0.2231869597375754,0
Jody Fortson,TE,KC,7,0,3,0,0,0,0,0.02038163487799741,0.01843654568723768,0.01542252071396099,0.01666813997513071,0.21,0.007
Allen Lazard,WR,GB,6,15,26,0,8.99032278748597e-4,0.00125688090051112,0.00107471616028317,0.18570513416061815,0.18546061421062057,0.20345969181234608,0.1913562286031045,0,0.00270647060928084
Noah Brown,WR,DAL,7,0,25,1,0,0,0,0.17632643704131906,0.17162671742581195,0.1731420139834265,0.1652489820362339,0.21,0.007
Deebo Samuel,WR,SF,7,16,56,2,0.09180911450910892,0.09988308070884508,0.09474448073329152,0.21089997398988375,0.20793870598998015,0.20449198729408496,0.20240326196979103,0,0.00925779078590515
Russell Gage,WR,TB,7,14,29,1,0,0,0,0.09966652622916232,0.10136310129952544,0.1035403458505215,0.10174849138752327,0,0.01164326810329226
Brett Rypien,QB,DEN,1,0,3,1,0.08681856606353688,0.074028552815041615,0.06496599537992678,0,0,0,0,0.21,0.007
David Njoku,TE,CLE,7,16,35,1,0.00338890897600338,0.00166031063558396,0.0027033420820561,0.16433775555555455,0.17357183870300152,0.182052762109994,0.16979757506960022,0,0.00270647060928084
Tom Kennedy,WR,DET,2,0,2,0,0,0,0,0.1367779555880877,0.12607770544569896,0.12057537105877028,0.124574293557336,0.21,0.007
JuJu Smith Schuster,WR,KC,7,0,34,2,0,0,0,0.18551535759731713,0.19082936728177105,0.20216687653882864,0.19691911097683729,0.21,0.007
Jauan Jennings,WR,SF,7,16,14,0,0,0,0,0.09680209554071743,0.09574476599049812,0.09612676119190136,0.09369269994050278,0,0.00868177925125615
Michael Bandy,WR,LAC,1,0,1,0,0,0,0,0.1591636882447355,0.11702184974640405,0.10149801136932524,0.11769222694822912,0.21,0.007
Justin Herbert,QB,LAC,7,17,22,2,0.12880375418885645,0.1522115694139576,0.1295535087534029,0.00232052851681949,0.0033258271746556,0,9.293875281436332e-4,0.11205624078332709,0
Mecole Hardman,WR,KC,7,17,23,1,0.0243407423225686,0.03917601147273737,0.04192899844213767,0.10630189398786254,0.1114012430035276,0.10837537088230448,0.11535019051376308,0,0.01370864925851832
Mason Kinsey,WR,TEN,1,0,1,0,0,0,0,0.04106540938909633,0.05580324734811556,0.02730356548878835,0.03324561886307397,0.21,0.007
Tre McKitty,TE,LAC,6,11,4,1,0,0,0,0.0349884355937168,0.03261472396243536,0.03048365793715859,0.03250104426020256,0,0.00270647060928084
Isiah Pacheco,RB,KC,7,0,41,2,0.2012593061678715,0.2207983172632129,0.2003308574714179,0.00991827730072938,0.01157579044215446,0.00803448175748928,0.00925436859919153,0,0.00649552946227403
Nico Collins,WR,HOU,6,14,18,0,0,0,0,0.13522604943961516,0.13381649257849218,0.15749130680682194,0.14133993450801408,0,0.00270647060928084
Danny Gray,WR,SF,3,0,0,0,0,0,0,0.06189023760064499,0.03658553050205811,0.03131466468578701,0.04092660896195277,0,0.00649552946227403
Clyde Edwards Helaire,RB,KC,7,10,81,0,0.35992711496149626,0.3778649248815289,0.37200181749552935,0.07406055544293527,0.07453449884504945,0.07111608576580204,0.07256886390826829,0,0.00701413558840865
Bailey Zappe,QB,NE,1,0,2,1,0.13425464533873652,0.03252255066802587,0.08740743873815898,0.00870446367129685,0.01003320278046503,0.00274993928694277,0.00631151895896945,0.21,0.007
Noah Gray,TE,KC,7,16,10,0,0.00284107234176756,0.00207899663491364,0.00269144784693198,0.0515070038688511,0.05266985690627712,0.04603731619250006,0.04833113578622337,0,0.00270647060928084
Chuba Hubbard,RB,CAR,7,17,18,1,0.1852540753635781,0.1967530790613075,0.22845475181026775,0.03551706238242096,0.03611470468152429,0.02422087188909213,0.02826696841941819,0,0.00421850452872217
Brock Purdy,QB,SF,1,0,1,0,0.04768730614245983,0.0154398420260894,0.03070458567062128,0,0,0,0,0.21,0.007
Ja Marr Chase,WR,CIN,7,17,51,1,0.02111311643532138,0.01443209414649472,0.01807440134147962,0.2772900504316673,0.26983259089984724,0.2794344374050255,0.28712664535429905,0,0.00774877883510967
Cole Turner,TE,WAS,3,0,2,0,0,0,0,0.08175165068490135,0.06986553845691555,0.07796070566451976,0.07402068304174513,0,0.00649552946227403
Skyy Moore,WR,KC,7,0,6,2,0,0,0,0.05200454933000809,0.04456489165337489,0.04625044348252695,0.04678611735639936,0,0.00649552946227403
Daniel Bellinger,TE,NYG,6,0,17,0,0.00544406906541228,0.00400209528415202,0.00527877082997129,0.05602422804280251,0.06429215026608666,0.06500535743863718,0.06309757770481811,0,0.00649552946227403
Tyrion Davis Price,RB,SF,3,0,16,0,0.09665781629130518,0.06498466858313548,0.08111745798733506,0.01993805910780384,0.01194880816894721,0.01094056930512818,0.01326863293450142,0,0.00649552946227403
Breece Hall,RB,NYJ,7,0,99,1,0.4201476449572347,0.4855237570063941,0.4691647841620744,0.1071935104211312,0.11420155761839954,0.11873468458369751,0.11793540610776432,0,0.00649552946227403
Isaiah Spiller,RB,LAC,1,0,1,0,0.096585575546617,0,0.05550967069828575,0.00963783651413911,0.01017754902362843,0.00999278266339037,0.00969459117302367,0,0.00649552946227403
Richard Rodgers,TE,LAC,3,0,0,0,0,0,0,0.00980883400068448,0.00832008829453132,0.00725929589922902,0.00838869907621369,0,0.00270647060928084
Brandon Zylstra,WR,DET,1,0,0,0,0,0,0,0.05265064072556626,0.05742620764733675,0.07159672584152947,0.06836088561783202,0,0.00270647060928084
Tevin Coleman,RB,SF,3,0,15,0,0.2046556619302487,0.1627344945357059,0.18868554030472945,0.04185350955902663,0.04908893775697426,0.04935125542769209,0.04737792136125778,0,0.00270647060928084
Corey Clement,RB,ARI,1,0,0,0,0,0,0,0,0,0,0,0.21,0.007
Tyrie Cleveland,WR,DEN,5,0,2,0,0,0,0,0.0238554160815015,0.02314381205450915,0.02259903810176158,0.02373860526137169,0.21,0.007
Trayveon Williams,RB,CIN,1,5,0,0,0.03552160072958375,0.03040716292563234,0.02956824166459518,0.00399282574124078,0.00310224653520195,0.0017143841535629,0.00260862517453816,0,0.00270647060928084
Tony Jones,RB,SEA,4,11,4,0,0.03621334471338163,0.03224765635477647,0.03482553086091964,0.01037032995524415,0.01217601948264132,0.01055886638631686,0.01093136446030903,0,0.00270647060928084
Ethan Fernea,WR,IND,1,0,0,0,0,0,0,0,0,0,0,0.21,0.007
Kenny Yeboah,TE,NYJ,1,0,0,0,0,0,0,0.00652800887635944,0.00681431716064529,0.00878588506950499,0.00782464653430469,0,0.00270647060928084
Zander Horvath,RB,LAC,7,0,7,0,0.01616589694102294,0.01371621372693954,0.01520792540197484,0.02415130086142735,0.02428526007671955,0.02104541803762957,0.02301750740454348,0,0.00649552946227403
Jalen Tolbert,WR,DAL,3,0,1,0,0,0,0,0.03754518513845586,0.03498053710927154,0.03101441500039306,0.03398483051585174,0,0.00649552946227403
Tom Brady,QB,TB,8,17,12,3,0.0636161941880144,0.040343339486370186,0.05345001942082059,0,0,0,0,0.1493234884231237,0
Aaron Rodgers,QB,GB,8,16,10,6,0.0461285163481756,0.03920699800256165,0.04373125884905674,0,0,0,0,0.11205624078332709,0
Andy Dalton,QB,NO,5,0,12,1,0.06523283633489056,0.06401422530378881,0.06335591390845106,0,0,0,0,0.21,0.007
Matthew Stafford,QB,LAR,7,17,10,4,0.06168546700953326,0.03986678936694004,0.07792816887546068,0,0,0,0,0.14927265327424938,0
A J Green,WR,ARI,6,16,10,0,0,0,0,0.0987823042849575,0.08948140828677145,0.07977689793146128,0.08937072621535809,0,0.00270647060928084
Kirk Cousins,QB,MIN,7,16,13,2,0.08027680240615713,0.06281076799645847,0.07825236297373639,0,0,0,0,0.24615809263517888,0
Russell Wilson,QB,DEN,7,14,26,1,0.13177163628712346,0.14539853462090208,0.1356543059152341,0.004866614201033073,0.0053930438109704515,0.003885726761710128,0.004553873535350086,0.16768587041295668,0
Julio Jones,WR,TB,3,10,9,0,0.035470714154753315,0.029583812558487205,0.031171873766614126,0.09861555923481885,0.09126475379566365,0.10946791542677893,0.14232977140014053,0,0.00270647060928084
Kyle Rudolph,TE,TB,4,16,2,0,0,0,0,0.017991830650484358,0.01554573732154138,0.01665687072302608,0.016167389587802884,0,0.00270647060928084
Mark Ingram,RB,NO,8,14,62,2,0.20738681284937535,0.18274766916020724,0.1971682946601669,0.04724681338260873,0.050485014872058406,0.04089444097803543,0.044982215612514836,0,0.00429893186486267
Latavius Murray,RB,DEN,4,0,53,0,0.3848574808169685,0.3818216208612399,0.39452980165118395,0.05100779244421911,0.051526736400556085,0.035173969348555725,0.04167005584843076,0.21,0.007
Marvin Jones,WR,JAC,7,17,22,0,0,0,0,0.1368132777491979,0.12436582673165637,0.13744957713195077,0.13400490983312852,0,0.00270647060928084
Rex Burkhead,RB,HOU,7,16,46,0,0.13727686373088335,0.13858791672547888,0.1427602607879497,0.11392394721455174,0.11751398489247927,0.10487823297056205,0.11133333316294196,0,0.00371581328529018
Adam Thielen,WR,MIN,7,13,35,0,2.1697590398620108e-4,1.9243432145756693e-4,2.0724591535605349e-4,0.19781436166217975,0.19421006829389123,0.1969267380404377,0.192425049022809,0,0.00487143750854726
Taysom Hill,TE,NO,7,12,42,1,0.16751815913936963,0.19993125855443436,0.17028540828269606,0.01788874242016718,0.016555933775805668,0.014586805136135373,0.016070287435268633,0,0.00649552946227403
Geno Smith,QB,SEA,8,4,35,3,0.20927511598149362,0.2132965504074442,0.20371406753426435,0,0,0,0,0.194036179054932,0
Zach Ertz,TE,ARI,8,17,41,0,2.615711314547018e-4,2.818662596090246e-4,2.76271623224002e-4,0.1558931107327513,0.1532180084641425,0.14891238477045585,0.16094610107230053,0,0.00270647060928084
Marquise Goodwin,WR,SEA,7,14,14,0,4.120471217310668e-4,3.2125676165458555e-4,3.766879514533522e-4,0.07337243110969978,0.07657833712910485,0.08428883289906801,0.07866258162496005,0,0.00920137130708009
Derek Carr,QB,LV,7,17,15,3,0.07395390072293262,0.058294081875727,0.06809666236639476,0,0,0,0,0.2847483250244309,0
Jimmy Garoppolo,QB,SF,7,0,13,3,0.05645705563263761,0.04742722791985231,0.0510558030009434,0,0,0,0,0.21,0.007
Trevor Siemian,QB,CHI,1,0,0,0,0,0,0,0,0,0,0,0.21,0.007
Jake Kumerow,WR,BUF,4,0,4,0,0,0,0,0.03588324236630884,0.0309270589648198,0.0357240060634184,0.03352899773110936,0.21,0.007
Keith Smith,WR,ATL,1,0,0,0,0.03454744668179144,0.02868366337476527,0.03324451465713826,0.10047538892439836,0.0959442186016538,0.08891803557902198,0.09234576759982858,0,0.00270647060928084
Raheem Mostert,RB,MIA,8,0,114,0,0.5246544378574125,0.5355014435253858,0.5190699932637577,0.07230557626140895,0.07302583448066607,0.06318464343254218,0.07308043427201268,0.21,0.007
Chris Manhertz,TE,JAC,8,17,4,0,0,0,0,0.012827678976525292,0.01538864935776715,0.010733099880431371,0.012382700872387506,0,0.00270647060928084
Robert Woods,WR,TEN,7,9,22,1,0.0017920613542923127,0.0019207368283222965,0.001850044928163352,0.24608779680268433,0.2525333164604091,0.2666464380338807,0.25530585000683964,0,0.00270647060928084
Jordan Akins,TE,HOU,3,0,6,0,8.481915222073748e-4,8.323397128872262e-4,8.754099806928191e-4,0.12173210667781392,0.12427135064100318,0.14562877613138833,0.1285664741835853,0,0.02020647060928085
DeAndre Hopkins,WR,ARI,2,10,22,1,0,0,0,0.3029571445427322,0.3192590214239168,0.3434351596454776,0.32093610347734786,0,0.00270647060928084
Kevin White,WR,NO,1,0,0,0,0,0,0,0.043601033888459116,0.03778436733880695,0.0771249650860664,0.05452017604211325,0.21,0.007
Tyler Lockett,WR,SEA,8,16,46,2,4.345728935304503e-4,4.312525952476307e-4,4.3418676292606627e-4,0.19199442809792372,0.19465206728300877,0.19844977670692443,0.2008642633706295,0,0.00270647060928084
Tyler Kroft,TE,SF,3,9,2,0,0,0,0,0.050978052401324976,0.052839672225401514,0.04591939918230867,0.047455139966218335,0,0.00270647060928084
Derek Watt,RB,PIT,8,0,4,0,0.004333470527928554,0.0038623901097693137,0.004333519984808459,0.009285323405449115,0.011912273634195539,0.0073413482346443544,0.03562406427964637,0.21,0.007
Jacoby Brissett,QB,CLE,8,0,31,5,0.10794920816737043,0.10137172214943864,0.11091615641722306,0,0,0,0,0.21,0.007
Davante Adams,WR,LV,7,16,41,1,0.019158933041200397,0.0057460707862117795,0.013123881180829898,0.28644701879894957,0.27525086736523613,0.2895557820340675,0.2893322073677065,0,0.00270647060928084
Tyler Higbee,TE,LAR,7,15,36,0,0,0,0,0.19109299464378957,0.17740916689612438,0.1763339555800378,0.18156705375570337,0,0.00511586925523863
Phillip Dorsett,WR,HOU,5,0,4,0,0,0,0,0.06864333032221992,0.0488693458808712,0.05289406058918813,0.05693155576427988,0.21,0.007
C J Uzomah,TE,NYJ,7,16,7,0,0,0,0,0.05346117388563054,0.05890029008734653,0.05579063658515416,0.05497284052548622,0,0.00270647060928084
DeVante Parker,WR,NE,8,10,15,0,0,0,0,0.11116480096200891,0.10705511287940928,0.12044377782421291,0.11211003352793195,0,0.00270647060928084
Damiere Byrd,WR,ATL,4,17,4,0,0,0,0,0.07840955132675478,0.07022211891401195,0.1226514136725121,0.10210720559091264,0,0.01379471935185057
Nick Vannett,TE,NO,2,7,2,0,0,0,0,0.03560233722748694,0.04072099446115783,0.03556724122846961,0.03428262030359324,0,0.00270647060928084
Taylor Heinicke,QB,WAS,2,0,8,0,0.11242182241621125,0.13062782918752797,0.17422111784618893,0,0,0,0,0.21,0.007
Melvin Gordon,RB,DEN,8,16,91,4,0.38014880912865767,0.3649563772089731,0.38078952399773186,0.07609478468303511,0.07824899512118727,0.07026289533775056,0.0718266267639718,0,0.00657779883405735
Keelan Cole,WR,LV,4,15,3,0,0,0,0,0.05909192872233885,0.05030452820979135,0.061545405335584814,0.05453403425093321,0,0.00270647060928084
Robbie Anderson,WR,ARI,7,0,13,1,0,0,0,0.11295975432925112,0.0958539020147962,0.09518630568199739,0.10331129497985325,0.21,0.007
Malcolm Brown,RB,LAR,3,0,13,0,0.12717929819516943,0.09897424749023276,0.1097094854833739,0.009164108021267712,0.009689973646632023,0.012106237218717767,0.010238896572491404,0.21,0.007
Nelson Agholor,WR,NE,7,15,15,2,4.90156735350409e-4,4.914829268818748e-4,5.083426829685001e-4,0.1101136529025012,0.11018635653110569,0.11519336678135197,0.11117375206548653,0,0.00270647060928084
Ameer Abdullah,RB,LV,7,17,7,0,0.009603447991962945,0.00915312976304709,0.009672567222925277,0.039575636400996164,0.04443851651510224,0.04122309438395722,0.03866198998575016,0,0.00270647060928084
Sammy Watkins,WR,GB,4,13,9,0,0,0,0,0.10227370508831535,0.10413989045066806,0.12151908949034759,0.10534217676756044,0,0.01339871046818737
Cooper Kupp,WR,LAR,7,17,70,1,0.031168764785831523,0.05289779603414025,0.03917561487411681,0.30249964947562646,0.29593875421003973,0.32152967132362686,0.32762669439757347,0,0.00270647060928084
C J Ham,RB,MIN,7,17,4,0,0.00834589779367708,0.006864045380489299,0.007519962378737747,0.020862694916046913,0.02036106092663403,0.019541441260847194,0.020329398268863135,0,0.00270647060928084
Dak Prescott,QB,DAL,3,16,10,0,0.11327949422279904,0.1129873493245635,0.11960831045038306,0,0,0,0,0.3248000679438209,0
J D McKissic,RB,WAS,8,11,49,0,0.0796447224506864,0.08152788809341609,0.07630573789890045,0.15866973865234216,0.14815456493226237,0.13336251050947429,0.142342943010357,0,0.00270647060928084
Hayden Hurst,TE,CIN,8,13,33,0,0,0,0,0.14403073033579702,0.1502341451079935,0.14175991797899226,0.14174860130949485,0,0.02020647060928085
Mike Evans,WR,TB,7,16,39,0,2.6894096408073035e-4,3.2340240089453207e-4,2.934373091231789e-4,0.14418073818267088,0.14061871409925994,0.167180143934627,0.14259025840517095,0,0.00270647060928084
Allen Robinson,WR,LAR,7,12,22,0,0,0,0,0.13850694956296902,0.13126251730098576,0.13969311624835892,0.13703048036134388,0,0.00270647060928084
Breshad Perriman,WR,TB,6,6,9,2,0.016009319765505903,0.009898967538249297,0.013681845214201127,0.04184432899773596,0.04190823535861342,0.04641141995483662,0.04233494372444487,0,0.00270647060928084
Mack Hollins,WR,LV,7,17,26,0,0,0,0,0.135574041752339,0.1377897416964869,0.15533165026290327,0.1448861717353543,0,0.00270647060928084
Mo Alie Cox,TE,IND,8,17,11,0,0,0,0,0.06091945883308032,0.058000455487625856,0.05777196174343485,0.0603311210893533,0,0.00868177925125615
Brandin Cooks,WR,HOU,7,16,32,0,4.7565417456933446e-4,7.140639141687196e-4,5.938758751537243e-4,0.21370794115311573,0.21162240257193346,0.23828925050779654,0.21707685602645402,0,0.00270647060928084
George Kittle,TE,SF,6,14,28,1,0,0,0,0.1969359665906389,0.19463298067843424,0.1956195665054488,0.20265844515524287,0,0.00869000970393105
Marcus Mariota,QB,ATL,8,10,55,8,0.20828799277496682,0.23931750079007588,0.22315861791284888,0,0,0,0,0.16762414201789497,0
Cody Hollister,WR,TEN,7,0,3,0,0,0,0,0.041285374402938245,0.030952841913575703,0.038164437790725876,0.036357695926381384,0.21,0.007
Stefon Diggs,WR,BUF,7,17,55,1,0,0,0,0.2879866270630747,0.3085236060705986,0.3200695909972522,0.30971691750204694,0,0.00414284287898644
Derrick Henry,RB,TEN,7,8,180,1,0.7561635730044804,0.7763945218981926,0.7697326535296285,0.12630615810674517,0.13661760935497227,0.13121353322938045,0.13122035676879118,0,0.00333412908007657
Kenyan Drake,RB,BAL,6,0,56,0,0.2381257388247823,0.2278462118748681,0.22883409284257974,0.0511953338406119,0.05125998119651926,0.033607722217869895,0.05724100889969057,0.21,0.007
Justin Hardee,WR,NYJ,1,0,0,0,0,0,0,0,0,0,0,0.21,0.007
Tyreek Hill,WR,MIA,8,17,74,1,0.02305902667992683,0.025483491302736645,0.02337429860561469,0.31060032922201936,0.31465268038508887,0.32526051675067325,0.30875944966658464,0,0.00641527583323758
Dwayne Washington,RB,NO,7,0,8,0,0.04441748679798908,0.03941901719039684,0.03887654549416554,0,0,0,0,0.21,0.007
Trent Taylor,WR,CIN,8,0,1,1,0,0,0,0.0045716128262583595,0.00574504005243821,0.003770253442150191,0.003689701699050729,0.21,0.007
Robert Tonyan,TE,GB,8,8,35,0,0,0,0,0.15522263627515928,0.17124260051109375,0.15958136608324927,0.15055682376915022,0,0.00270647060928084
Eric Saubert,TE,DEN,8,17,7,0,0,0,0,0.04655943357400798,0.04517774290533047,0.04230914166637204,0.04501070900412396,0,0.00270647060928084
Pharaoh Brown,TE,CLE,6,15,9,0,0,0,0,0.05365325644144479,0.05622021308772255,0.05644665738093661,0.055783892977072716,0,0.01518075044467179
Dare Ogunbowale,RB,HOU,7,17,7,0,0.016164383876380754,0.017998367493605755,0.017290464119141327,0.027324503145051086,0.029467805706923395,0.02568412991991893,0.026085793762692648,0,0.00270647060928084
Amari Cooper,WR,CLE,8,15,39,0,0,0,0,0.25093077315480544,0.24143477558740267,0.2662284902539855,0.2714722360768158,0,0.00487143750854726
Marcus Johnson,WR,NYG,3,0,3,0,0,0,0,0.08872344128061826,0.05311815022198268,0.04373175655306427,0.058667593064731995,0.21,0.007
Kalif Raymond,WR,DET,7,16,20,1,0.015395171995754785,0.020863426467345108,0.01714041501557082,0.11110456947084763,0.11097119886190959,0.12392131268852742,0.11100006201597594,0,0.00270647060928084
Mike Thomas,WR,CIN,7,0,2,0,0,0,0,0.030966988268233266,0.02526965952218211,0.026685995357588504,0.027647661695810097,0.21,0.007
Evan Engram,TE,JAC,8,15,33,0,0.00288731213672949,0.0020831035906259446,0.002619084013844205,0.14827543684234923,0.1473476727836867,0.17725408396847672,0.1763681909111564,0,0.00894361052697632
Demarcus Robinson,WR,BAL,7,17,15,0,0,0,0,0.11533181427097702,0.11200510153200889,0.11090036189346499,0.10547048181156242,0,0.00270647060928084
Jared Goff,QB,DET,7,14,13,4,0.06647831169913725,0.05651500653890116,0.06136330426538163,0.0034374438085018667,0.0042980433446787696,0.0025078200354157914,0.0026266614590962477,0.2875006852277715,0
Austin Hooper,TE,TEN,7,16,10,0,0,0,0,0.11705146614194122,0.12489035817937301,0.13016170518703607,0.12534397540991266,0,0.00270647060928084
Tanner Hudson,TE,NYG,7,0,6,0,0,0,0,0.03926298635310209,0.03890010125842841,0.05808430224217827,0.04182469687968451,0.21,0.007
Tyler Boyd,WR,CIN,8,16,32,0,5.006411213238208e-4,6.433209972359952e-4,5.653407055297482e-4,0.1542419382973223,0.15514723199416253,0.1646580830115856,0.1696975198432047,0,0.00484050940998631
O J Howard,TE,HOU,7,17,7,0,0,0,0,0.04916988105089394,0.0465959005842667,0.052708891304591804,0.04733697675785431,0,0.00270647060928084
Johnny Mundt,TE,MIN,7,6,12,0,0,0,0,0.05339659384946834,0.05676667180472073,0.046388815687843296,0.06518861219037318,0,0.00270647060928084
Aaron Jones,RB,GB,8,15,128,1,0.4866785955952969,0.4952267356899173,0.48590945440287653,0.15042566894398895,0.16365205463738283,0.13816323197683894,0.14460442499012652,0,0.00470988771686461
Hunter Henry,TE,NE,8,17,15,0,0,0,0,0.10126942596692494,0.09908639751436477,0.10484177664501604,0.10028214315678995,0,0.00270647060928084
Zach Pascal,WR,PHI,7,16,9,0,0.0043724944330760145,0.003236800829895346,0.003951312777476127,0.05134412788615958,0.054313665602332854,0.05926418778284221,0.05853463629676484,0,0.01000848807389994
Dallas Goedert,TE,PHI,7,15,32,0,0,0,0,0.19685758080974702,0.20185311574029977,0.2007499673894874,0.1928685994957662,0,0.00532722001365598
Leonard Fournette,RB,TB,8,14,149,0,0.6235774797768998,0.5780450187015994,0.6174559371376921,0.08111833512517286,0.08847940119702022,0.0868186983155349,0.08285566778218884,0,0.00330400147347837
Ross Dwelley,TE,SF,8,17,3,0,0,0,0,0.02491203536458783,0.024969839982353307,0.04071587083360482,0.02872232370570883,0,0.00270647060928084
Josh Reynolds,WR,DET,7,12,26,0,0,0,0,0.16864343838612003,0.1597267145244795,0.16097228357403962,0.1604385260307779,0,0.00270647060928084
Dontrell Hilliard,RB,TEN,6,8,27,0,0.07546788871550368,0.08893770980971204,0.07413691282090856,0.14015361568450363,0.1421532319304021,0.14233059688089109,0.1428386148112758,0,0.00861127892636986
P J Walker,QB,CAR,4,0,2,0,0.009030838811348,0.030435755281607798,0.014066095761779345,0,0,0,0,0.21,0.007
Matt Breida,RB,NYG,8,9,29,0,0.09295179132713907,0.07572175398300401,0.08386755927281131,0.021591587836309007,0.022821596856655676,0.02355116066335039,0.022140143004335155,0,0.01151184461073328
Dan Arnold,TE,JAC,8,11,5,0,0,0,0,0.02587044965677102,0.0286349262641745,0.03594248774485783,0.02968434876411634,0,0.01102265716620814
Zay Jones,WR,JAC,7,17,37,0,0.012939263885390627,0.016424218275104378,0.013360076508329972,0.16685737561955694,0.16685327120525673,0.18276944241000398,0.17095929535762697,0,0.00869412493026849
Jamaal Williams,RB,DET,7,13,111,2,0.5672628236818937,0.5829617893068144,0.5809992007377519,0.05142007904217301,0.053761859160186505,0.04622839606573732,0.047532772330134795,0,0.00353637458733297
Isaiah McKenzie,WR,BUF,6,15,21,0,0.02074911539422605,0.013893497274396857,0.04560481718841021,0.10820890484261292,0.10999542995878493,0.09776843688457347,0.10406871251076537,0,0.01766531834590636
Darrel Williams,RB,ARI,6,17,25,0,0.14671511083933056,0.14197558049996853,0.1428722219134601,0.03142686855780532,0.02901444935042345,0.022559378219504114,0.026189068018505457,0,0.00270647060928084
Gus Edwards,RB,BAL,2,0,27,0,0.27992786693367505,0.2742015562082669,0.26415195297699623,0.02845200519810061,0.014571852089317768,0.011822458893099694,0.017395112409094984,0.21,0.007
Boston Scott,RB,PHI,5,16,24,0,0.13952705327086706,0.11238952775035363,0.12056436051073327,0.009772034325207115,0.010202118353829202,0.008533392644946864,0.009351119160531848,0,0.00567065591670047
Cullen Gillaspia,RB,SEA,3,0,0,0,0,0,0,0,0,0,0,0.21,0.007
Parker Hesse,TE,ATL,8,8,5,0,0,0,0,0.02387675132164035,0.027935276747931656,0.02767920752973971,0.025134740593459753,0,0.00270647060928084
Alvin Kamara,RB,NO,6,13,128,2,0.5075736691825126,0.47877711892152025,0.5071557870412295,0.21201714315367712,0.22251871911833965,0.20316132546712226,0.22902153507839407,0,0.00270647060928084
Tyler Conklin,TE,NYJ,8,17,33,2,0.003225632667941799,0.0019222425434858136,0.0027519524774308845,0.17100308932658484,0.17026418868494356,0.15822283998169945,0.18495362005043223,0,0.00511586925523863
Kendrick Bourne,WR,NE,7,17,13,1,0.00920668656517409,0.010975541053742828,0.010202229098276543,0.07656010397888574,0.0755440194705407,0.07876073440877755,0.07616396969635582,0,0.00710915761000706
Kareem Hunt,RB,CLE,8,8,96,0,0.2758947519470361,0.2510923020324335,0.2612216307992242,0.10013587077956014,0.10386034867575379,0.08780937486036347,0.09174134814789217,0,0.00270647060928084
Dalvin Cook,RB,MIN,7,13,131,1,0.6770037396194692,0.7044109643942484,0.6800447190344135,0.09272295739692556,0.09550205416667053,0.08635806279946914,0.08675624468351611,0,0.00534079507459123
Jonnu Smith,TE,NE,7,16,13,0,0.00147078621146854,0.001543476405197023,0.0015509944958593885,0.09498542723118614,0.09332000564889759,0.08648872358325986,0.08807978659625078,0,0.00663759471584354
Richie James,WR,NYG,8,0,22,3,0.008028521346401314,0.0071008442293589175,0.007664529324544928,0.03852707349055786,0.038372173388859385,0.037359153668703245,0.03993105001799477,0.21,0.007
Mark Andrews,TE,BAL,8,17,44,0,0.006214881508456158,0.005893099249152989,0.006090012543194259,0.28717937461432,0.2846243908741666,0.29365696855286305,0.28636847198003335,0,0.00407695424276142
Brandon Powell,WR,LAR,7,0,16,0,0.03791361316777736,0.041725301328275836,0.041529048159114734,0.04223959858264727,0.04156168770654342,0.0390653359429735,0.04075862037275883,0.21,0.007
Terry McLaurin,WR,WAS,8,17,37,1,0.014802924339889906,0.0068295808203408465,0.01134277299768716,0.2166959685140295,0.21769862788316968,0.24964761609309533,0.22382476156286535,0,0.00270647060928084
Samaje Perine,RB,CIN,8,16,36,0,0.10713957369758798,0.11767400164504381,0.10949308235683335,0.06981882836772174,0.07542469999718338,0.06459638242366351,0.06772336408453211,0,0.00270647060928084
Mike Gesicki,TE,MIA,8,17,21,0,0,0,0,0.10404947247702191,0.10140023922937524,0.10091643001732792,0.10784477551560492,0,0.00270647060928084
Braxton Berrios,WR,NYJ,8,16,18,0,0.03480036864860355,0.05150200110170063,0.04207593951235336,0.06487709625368572,0.06572189623763407,0.057568481649843205,0.0621111290557208,0,0.00825059498056571
Chris Myarick,RB,NYG,1,0,1,0,0,0,0,0.1369625087226962,0.168608547031863,0.16758587644939693,0.15537754389369035,0,0.00270647060928084
Courtland Sutton,WR,DEN,8,17,36,0,0.0036721017565981354,0.003787470147371848,0.003760664579889189,0.2271190242508155,0.21366178056231128,0.2062590339817111,0.21533165761347492,0,0.00270647060928084
Dante Pettis,WR,CHI,8,0,11,1,0.0028978643320329077,0.010952172116219135,0.005819877271858142,0.1032260981869865,0.10069612767503702,0.09224274526090215,0.09186091068248493,0.21,0.007
Jeff Wilson,RB,SF,8,9,102,2,0.33517361238359233,0.3721715274787194,0.34360186405580834,0.05560634850204834,0.05587135411724746,0.053742534300432736,0.052510599700928674,0,0.00442351332249214
Cedrick Wilson,WR,MIA,5,16,5,0,0.009077210683906246,0.014410271454642262,0.011428961543229357,0.05159126121060263,0.0473879801608777,0.04824391649362182,0.04907806202906307,0,0.01204289036236726
Trenton Irwin,WR,CIN,1,0,2,0,0,0,0,0.07632605762100916,0.07160591107447921,0.09138200856534232,0.06545223988997612,0.21,0.007
Hunter Renfrow,WR,LV,5,17,18,3,8.170203433247082e-4,6.206847734406254e-4,7.58452504091052e-4,0.1420045096362565,0.14601877184355627,0.14525852320105137,0.14555683193229058,0,0.01108884051813051
Nick Chubb,RB,CLE,8,14,159,0,0.5474449118814911,0.587264683949079,0.5645208227964137,0.05965183066606518,0.05879397505211491,0.052076482299163354,0.05534316857356297,0,0.00450874142092247
Cam Sims,WR,WAS,8,14,4,0,6.43321118616583e-5,7.272320249171556e-5,6.583606824515483e-5,0.04914007753354115,0.044702394181346784,0.04541336000010688,0.0444671814916744,0,0.00270647060928084
Tre Quan Smith,WR,NO,6,11,14,0,0,0,0,0.11259021593599891,0.11091799087718907,0.11081796864047078,0.11253830068576039,0,0.00723321958047426
Trent Sherfield,WR,MIA,8,0,15,0,0,0,0,0.07710017967315883,0.07934503778429301,0.07926978402327906,0.0766299195719652,0.21,0.007
D Ernest Johnson,RB,CLE,6,17,6,0,0.03555504031104065,0.03691498115290015,0.03360681456092506,0.012156335893968053,0.014388169964209968,0.01233461686787218,0.012866169368215094,0,0.00395132657635903
Chris Godwin,WR,TB,6,14,37,0,0.01506717564282937,0.012719413292012248,0.013942532404680465,0.15334995578327615,0.14541813417690758,0.15141514390152666,0.14102581162223904,0,0.00851972723159896
Michael Gallup,WR,DAL,5,9,12,0,0,0,0,0.17975921207989057,0.1649554470160178,0.16655109079507352,0.16515885104733288,0,0.00270647060928084
Chase Edmonds,RB,MIA,8,12,52,0,0.2340196837595777,0.21529939895329211,0.22668007646456778,0.06640836347894531,0.06295288317813515,0.06129630100024033,0.06372846448577098,0,0.00457761258458949
Justin Jackson,RB,DET,7,14,10,0,0.05287893925163918,0.04467091953876156,0.049350531694926286,0.015597812820918855,0.015226823888932456,0.012700055003190729,0.014369630751218668,0,0.00599639056586747
D Onta Foreman,RB,CAR,7,9,55,0,0.43268556298587685,0.4407080306631131,0.4487824700969298,0.022046706704710615,0.022004141582884575,0.024346384488360295,0.022303368172225738,0,0.00584469041416732
Gardner Minshew,QB,PHI,1,0,1,0,0.03765737956611242,0.0021742990120670654,0.019825392529985428,0,0,0,0,0.21,0.007
Josh Allen,QB,BUF,7,17,53,5,0.3247888935693446,0.3463825442111428,0.3268016797171629,0,0,0,0,0.1985319125335086,0
David Sills,WR,NYG,1,0,1,0,0,0,0,0.3807560954139952,0.3830698312951964,0.3736654971602083,0.3886366675769251,0.21,0.007
Ian Thomas,TE,CAR,8,17,12,0,0,0,0,0.09178964288040034,0.09951084450710775,0.09302769170871579,0.09504877671312494,0,0.00270647060928084
Christian McCaffrey,RB,SF,8,7,154,1,0.5630691140595026,0.577034825720214,0.5710277481466971,0.2529169873477385,0.2669982768010538,0.2588470462480104,0.25988994701254237,0,0.00379685539796247
Craig Reynolds,RB,DET,7,5,32,0,0.13490135419190719,0.1352828573776875,0.13187067511855063,0.045789413154641564,0.048132004904251416,0.05108950283730663,0.047655140413429616,0,0.00270647060928084
Diontae Johnson,WR,PIT,8,16,48,1,0.018604326691509,0.020437038788798066,0.019954018786040303,0.2677800243808093,0.2573309923609692,0.2520162263913996,0.252521164357979,0,0.00800527974289824
Will Dissly,TE,SEA,8,15,21,0,0,0,0,0.0711930468390437,0.07826225147362266,0.07745094776620268,0.07389610300178336,0,0.00949659406607096
Alec Ingold,RB,MIA,8,9,11,0,0.02780131606374122,0.020364644599418523,0.04978336277123533,0.02989598845270151,0.03051230713430614,0.02683700438121271,0.028371738345947264,0,0.00270647060928084
Dalton Schultz,TE,DAL,6,17,20,1,0,0,0,0.15355371105908402,0.15289961479664826,0.15319112464208684,0.14665155320059453,0,0.00270647060928084
Joe Mixon,RB,CIN,8,16,163,0,0.7212342051614139,0.7103604519637499,0.70712712567414,0.15471755074513865,0.1587741117501809,0.13456558309240535,0.14345005324430246,0,0.00404606891405327
KaVontae Turpin,WR,DAL,8,0,3,0,0.012416669021481124,0.015081327566783242,0.012469841525169065,0.0032599289690818825,0.0021202006394462902,0.0018194991141255766,0.0023817778973413088,0.21,0.007
Jarrett Stidham,QB,LV,1,0,0,0,0,0,0,0,0,0,0,0.21,0.007
Curtis Samuel,WR,WAS,8,0,59,1,0.06533024261151224,0.08983939789775743,0.06663646696826804,0.2430532967037088,0.2412317839915469,0.23977383112887113,0.23499055387497159,0.21,0.007
Zach Gentry,TE,PIT,8,17,12,0,0,0,0,0.03979874749441539,0.043395834151585065,0.03871774458449787,0.03949667535373303,0,0.00270647060928084
Jamycal Hasty,RB,JAC,1,0,7,0,0.2464574536422696,0.26039503126265806,0.2379208784309638,0.1841864105070045,0.2019357503330771,0.11524508150648455,0.1515166946327659,0.21,0.007
Juwan Johnson,TE,NO,8,14,21,0,0,0,0,0.12621747389760768,0.12447471670430901,0.11296818144601418,0.12084450807954791,0,0.00270647060928084
James Proche,WR,BAL,5,0,4,0,0,0,0,0.037931001654755055,0.03607697611073537,0.033705566145472717,0.031353106126143525,0.21,0.007
Equanimeous St Brown,WR,CHI,8,0,14,1,0.008322679569811723,0.00975576809776118,0.008906371652974098,0.1607880742522679,0.1489407468613049,0.14621637365870904,0.145555921661,0.21,0.007
Miles Boykin,WR,PIT,8,0,1,0,0,0,0,0.005704788721854457,0.005792364961971988,0.005907357999471264,0.005793207069558876,0.21,0.007
Ray Ray McCloud,WR,SF,8,16,9,2,1.6071014565684325e-4,2.0335887001765246e-4,1.7763361278055176e-4,0.06588027285769625,0.06354004941555241,0.06454107881255489,0.06490016762676153,0,0.02020647060928085
Giovanni Ricci,TE,CAR,8,16,5,0,0,0,0,0.024764371391159362,0.026870300100355217,0.02740411528735592,0.02688740739766419,0,0.00649552946227403
Mitchell Wilcox,TE,CIN,8,15,6,0,0,0,0,0.020371743152795982,0.022653167066007722,0.018509490772315635,0.019583518959698547,0,0.00270647060928084
Jakobi Meyers,WR,NE,6,17,36,0,0.007907912340561776,0.010668188088659254,0.009327124497437046,0.22401827674044736,0.22877373011195312,0.2344192747117834,0.24906685676072843,0,0.00622862020986182
Nyheim Hines,RB,IND,7,17,43,1,0.06370615055442652,0.037094974925246535,0.07270027485808095,0.10574303768508521,0.11266968193085287,0.11227286097768503,0.11008495516338111,0,0.01041933811596278
Dawson Knox,TE,BUF,6,15,17,0,0,0,0,0.1118986181473802,0.11821043333076334,0.10704564023951539,0.12451773383549299,0,0.00270647060928084
Christian Kirk,WR,JAC,8,17,38,1,0.012995071315353894,0.011021028344958791,0.012247426513758075,0.20722727197502663,0.19628138744342835,0.2258235682848214,0.20906392074854188,0,0.00270647060928084
Gunner Olszewski,WR,PIT,7,0,2,2,0.008172248375839035,0.011346159879510202,0.009886821330235745,0,0,0,0,0.21,0.007
Stephen Sullivan,TE,CAR,6,3,2,0,0,0,0,0.01874340196934534,0.019476377322697996,0.026506245408975112,0.01984111057150181,0,0.00649552946227403
Joe Burrow,QB,CIN,8,16,31,4,0.16405075170211997,0.16613147212223006,0.16737539835128376,0,0,0,0,0.154661179054932,0
Maurice Alexander,WR,DET,2,0,1,0,0,0,0,0.011437415829933021,0.014300890931390049,0.010190463648673584,0.009288708380092228,0.21,0.007
Lamar Jackson,QB,BAL,8,12,75,3,0.2735419504555956,0.2930713305849927,0.2782954047768985,0,0,0,0,0.22012414201789493,0
Darius Slayton,WR,NYG,5,13,16,0,4.7182074045807026e-4,2.798350690219991e-4,3.949834790975515e-4,0.08433448760473913,0.09089899817964016,0.11228537924868028,0.0968690277658664,0,0.01339871046818737
Keke Coutee,WR,IND,2,0,0,0,0,0,0,0,0,0,0,0.21,0.007
DJ Turner,WR,LV,3,0,3,1,0.03274814733838461,0.034740744182258934,0.03303014139631201,0,0,0,0,0.21,0.007
Saquon Barkley,RB,NYG,8,13,191,1,0.623345732243952,0.6281240489148034,0.6305641631315148,0.07750371659198481,0.08316672056200475,0.06971942481628006,0.0764049375497866,0,0.0049063011587846
Damien Harris,RB,NE,7,15,82,0,0.3459371924380341,0.3497052951044946,0.35119133025272586,0.06596595416550771,0.06915776518681122,0.05984521938893687,0.06203853489987113,0,0.00541581645588159
Josiah Deguara,TE,GB,8,16,6,0,0,0,0,0.030720390759667874,0.03396851619094481,0.033210217101931554,0.030725900236863155,0,0.00270647060928084
Jesper Horsted,WR,LV,1,0,0,0,0,0,0,0.09907770981424632,0.09672162208368625,0.08100456836901102,0.09130609090522394,0,0.00270647060928084
Britain Covey,WR,PHI,5,0,0,2,0,0,0,0,0,0,0,0.21,0.007
D Wayne Eskridge,WR,SEA,1,0,1,0,0.06489986762800992,0.057799277903517333,0.06122452484854429,0.2636914010498417,0.24856204783244878,0.23754357765091783,0.24368126443636057,0.21,0.007
Josh Oliver,TE,BAL,7,14,5,0,0,0,0,0.04010570231304673,0.038027376297574716,0.034079852539220606,0.03613227906170023,0,0.01764474221421911
Steven Sims,WR,PIT,3,0,5,0,0.03494691041343595,0.04242458610836477,0.03150224547607624,0.021726389421565604,0.021553041259306974,0.005519648703358642,0.012491897181904748,0.21,0.007
D J Moore,WR,CAR,8,17,40,0,0.061303951984398634,0.06930381360738222,0.06522152137189605,0.3304485841931752,0.32564237320469386,0.3243341195332738,0.34730054307563485,0,0.00564159527643166
Jeff Smith,WR,NYJ,8,0,3,0,0,0,0,0.022789396879415627,0.02215454614330066,0.022519109554259363,0.02125568869258501,0.21,0.007
Tony Pollard,RB,DAL,8,15,93,0,0.3372241603557737,0.40956962066563785,0.37831783922623913,0.07562254751520374,0.0767107123300074,0.07744774225616907,0.07605549645366844,0,0.00446391432750888
Miles Sanders,RB,PHI,7,12,125,0,0.4365190528343272,0.49305754933830187,0.47481473817232084,0.06660216960288501,0.06874617792969334,0.05923761205739005,0.06384093248356774,0,0.00453197497543562
Foster Moreau,TE,LV,5,17,15,0,0,0,0,0.10003241479373862,0.10222111529970984,0.09448602541514683,0.09337084715669622,0,0.00752526790119642
Velus Jones,WR,CHI,5,0,6,2,0.013811131777249639,0.028672843643952884,0.016495076812528695,0.044355765072964744,0.0362746727275126,0.030688075738005548,0.033374673508103275,0,0.00649552946227403
Daniel Jones,QB,NYG,8,11,64,3,0.2545704634438752,0.2667347414700752,0.25683252799286255,0,0,0,0,0.25341538780914075,0
David Montgomery,RB,CHI,7,13,105,1,0.36494944977219823,0.323480729603062,0.3423410242630936,0.1039513073405484,0.11309053781788025,0.11096631036592515,0.10380701078449255,0,0.00382357029603227
K J Osborn,WR,MIN,7,17,22,0,0.004742927533577734,0.002372788631926708,0.0037929340680768553,0.12628622019255484,0.11842666669832774,0.11165500624161284,0.12820621600230217,0,0.00270647060928084
Ben Skowronek,WR,LAR,7,0,25,0,0.005145399716303034,0.01720751072787788,0.013452261428418155,0.10616357657866189,0.10818763324546539,0.11039933859160124,0.10807980818714198,0.21,0.007
A J Brown,WR,PHI,7,13,39,0,3.234527079056883e-4,3.455794448291872e-4,3.3421290718521873e-4,0.3114096821103134,0.3021808983211622,0.3315421896732491,0.3269726983311511,0,0.00270647060928084
T J Hockenson,TE,DET,7,12,26,0,0,0,0,0.18820360289199037,0.18327357635960992,0.19943223096237897,0.18653205658834116,0,0.00270647060928084
Parris Campbell,WR,IND,8,6,31,0,0.0040295914899552785,0.020840028263102137,0.00836659065263043,0.1264924366532665,0.12893948868385074,0.13517339750171203,0.13457103784256844,0,0.00270647060928084
Olamide Zaccheaus,WR,ATL,8,17,21,1,0.0033674491214632247,0,0.0010552836653051425,0.1271318544872143,0.1366523649196677,0.14232261273966812,0.13148152280362044,0,0.00270647060928084
Scott Miller,WR,TB,1,0,2,0,0.02562311639916648,0.040523959904442707,0.0318792477459759,0.357669613343217,0.3621171728543474,0.3276246185237995,0.3336400417643836,0.21,0.007
Kyler Murray,QB,ARI,8,14,51,6,0.3030457500849539,0.3800063766022066,0.33169911272344454,0,0,0,0,0.25725377164752455,0
Darrell Henderson,RB,LAR,7,12,66,0,0.31298842187267917,0.35381005763074824,0.34834606503671217,0.07169615033025718,0.07189250843954258,0.06694215663795318,0.06880107414248489,0,0.00270647060928084
Lawrence Cager,WR,NYG,1,0,0,0,0,0,0,0.03742262905274846,0.014159590241401367,0.011351994677538255,0.019718151772982005,0.21,0.007
Devin Singletary,RB,BUF,7,17,94,1,0.42558359074456453,0.4161825791488347,0.4079712134734302,0.10121236510286333,0.10484104497424852,0.09777259491451859,0.0987357281271001,0,0.00596810196407086
Devin Duvernay,WR,BAL,8,16,31,0,0.023688060984987658,0.031049845089154978,0.049004107911017794,0.14226319824529374,0.14660112119767577,0.15893453422616174,0.14605069569890466,0,0.00634995148853408
Ty Johnson,RB,NYJ,8,16,5,0,0.03037119253728508,0.027807039056908053,0.026736116602758236,0.02783281521479453,0.023489541612110434,0.02163598415360453,0.023787499717973153,0,0.00738111052697632
Chris Evans,RB,CIN,8,14,2,0,0.0042695026213609155,0.0043410824653362275,0.004356942177424925,0.014447343400728419,0.015144079672391841,0.020677199065306566,0.015762328602024755,0,0.00270647060928084
Michael Pittman,WR,IND,7,17,51,1,2.97424109890093e-4,1.4979942422134235e-4,2.452964748219571e-4,0.27110115293814824,0.27101456677052294,0.2646884975340657,0.26645412979091937,0,0.00429564843959342
Denzel Mims,WR,NYJ,2,0,3,0,0,0,0,0.0792455008660301,0.07718558155578689,0.10359987382758189,0.07600525720744905,0.21,0.007
Darnell Mooney,WR,CHI,8,17,25,0,0.0012189039464705368,0.0012695953163972208,0.0012429920054357509,0.2569083718025966,0.256279079833221,0.2685895148337543,0.24873586770344563,0,0.00270647060928084
John Bates,TE,WAS,7,17,10,1,0,0,0,0.058135556106259825,0.06133791191070327,0.05779086151793507,0.057814958940419735,0,0.00981993327829907
Justice Hill,RB,BAL,6,0,32,1,0.12858009966381134,0.1403144310931035,0.12987188697471908,0.021053318577366864,0.023549249616273964,0.02234640900994691,0.02207901580495584,0.21,0.007
Noah Fant,TE,SEA,8,16,22,0,0,0,0,0.09603315582504841,0.09843880243778062,0.09507643939770669,0.09476940924046312,0,0.00270647060928084
Armani Rogers,TE,WAS,8,0,5,0,0,0,0,0.026806162959348234,0.028352930023918168,0.029005881069901828,0.02582580377192233,0.21,0.007
D K Metcalf,WR,SEA,8,17,37,2,2.1985671651238059e-4,2.2899388775366814e-4,2.2399091461932863e-4,0.19467111350073432,0.18718617058019932,0.190298337135853,0.1967505940477933,0,0.00464650588264945
N Keal Harry,WR,CHI,2,0,3,0,0,0,0,0.05705694838834851,0.07012641472345225,0.08434093127060935,0.10017196885517328,0.21,0.007
Ko Kieft,TE,TB,8,0,3,0,0,0,0,0.007350873198092914,0.009348376294080299,0.011030909247695979,0.008305143307356893,0,0.00649552946227403
Jack Stoll,TE,PHI,7,16,2,0,0,0,0,0.01758636613494116,0.01569371561341363,0.018784083073538644,0.01690453325687393,0,0.00270647060928084
Kene Nwangwu,RB,MIN,7,11,0,0,0.002916510210644901,0.0029698065841700814,0.0029390581023970184,0.0010075084816986019,0.0010210216110144532,9.626376464137995e-4,0.0010000495202563979,0,0.00270647060928084
Josh Jacobs,RB,LV,7,15,143,1,0.7523735174434607,0.7909507144132458,0.7653859408072027,0.10324881337255262,0.10709997837980638,0.09592029373080747,0.10103011888151972,0,0.00490781410964395
Rhamondre Stevenson,RB,NE,8,12,146,0,0.439896052613401,0.47919758756223646,0.46032159310995047,0.14025297379207632,0.15827636122980948,0.1500681046095273,0.14010254083541204,0,0.00573866947481304
Tua Tagovailoa,QB,MIA,3,0,9,0,0.13317601675333687,0.12060281277042194,0.1174162892025688,0,0,0,0,0.2345498655556403,0
Najee Harris,RB,PIT,8,17,132,1,0.5315746107144165,0.49418276088075036,0.528471006256984,0.099589138499833,0.10653398992764754,0.09420916602258582,0.09546064449160617,0,0.00270647060928084
Brandon Aiyuk,WR,SF,8,17,39,0,0.002289133257122048,0.0026493539163382628,0.0024306298007305844,0.20620874620818622,0.2105762060988019,0.21450406375561099,0.21217187974873158,0,0.00994462273990609
Samori Toure,WR,GB,2,0,2,0,0,0,0,0.07630671241636658,0.05362405233193953,0.085209401963927,0.1035876885489052,0,0.00649552946227403
Marquez Callaway,WR,NO,7,17,12,0,0,0,0,0.11318401356323225,0.10620137160608328,0.09886995232259745,0.10491978030661453,0,0.00270647060928084
Kylen Granson,TE,IND,8,17,20,1,0,0,0,0.08238461870480514,0.08751829047714887,0.07819806639356765,0.08166182085487506,0,0.00270647060928084
Khalil Herbert,RB,CHI,8,17,97,0,0.29778886436940755,0.3100742679621226,0.3047073655829131,0.05078428497250723,0.05327210981936322,0.05503335775482772,0.05592089843625604,0,0.00397242583003833
Patrick Taylor,RB,GB,6,0,0,0,0.01945176780216485,0.019048876806020687,0.01990530721968267,0.0012763420192612085,0.001363501027562254,0.0012267584448394304,0.0012449831268287752,0,0.00270647060928084
AJ Dillon,RB,GB,8,17,101,0,0.4286777710033889,0.4285886036722256,0.43295275608589734,0.08225095430445303,0.08542765160138818,0.07725773229617477,0.07779532192384674,0,0.00472793651963564
Greg Dortch,WR,ARI,8,0,25,1,0.004894930535684646,0.0024304096149556816,0.003850748913660798,0.06788672665097999,0.06854784675038493,0.06544315057604409,0.07229596429868855,0.21,0.007
Kenny Pickett,QB,PIT,5,0,19,3,0.15911983411941116,0.17973994316573008,0.16104058493011772,0,0,0,0,0.23536510751521095,0
Quez Watkins,WR,PHI,7,17,7,0,0.002913160091418916,6.02274962693653e-4,0.0018929289022733017,0.05655252640615106,0.050569349259798044,0.04649810770700123,0.05001947967031792,0,0.00270647060928084
Alexander Mattison,RB,MIN,7,16,43,0,0.20867410056483515,0.19671394608321352,0.2068990348541467,0.039129113965142306,0.03927455429690947,0.03814190037602388,0.039153425992146634,0,0.00449918148382804
Antonio Gibson,RB,WAS,8,16,107,0,0.3005422903010972,0.30027257605308416,0.28543704375281886,0.14779783972788352,0.15961605045289706,0.14555528018518923,0.16962428032163027,0,0.00767755465013232
Chase Claypool,WR,PIT,8,15,40,0,0.043618684945903936,0.05334721218724328,0.049722053193366804,0.17379802891967916,0.17303539042458319,0.18402934461220932,0.1727168135805338,0,0.00270647060928084
Demetric Felton,WR,CLE,1,0,0,0,0.024551141578395243,0.012063171697504526,0.019523383932058314,0.0680815387940176,0.06797715313952507,0.06197895490741859,0.06609453820295194,0,0.02020647060928085
Avery Williams,RB,ATL,8,0,17,0,0.039585235725578295,0.04112470871502538,0.04169382055600776,0.04386637526818505,0.04380607122045015,0.03217293362586878,0.036500954702119046,0.21,0.007
Travis Homer,RB,SEA,4,14,11,0,0.0704973407713211,0.08794768499347079,0.07416214983977139,0.03557113762485055,0.03985511439105971,0.04836492366071712,0.03990341771391672,0,0.00270647060928084
Jalen Hurts,QB,PHI,7,15,79,3,0.30049913288600943,0.2987785610199983,0.29887988567594254,0,0,0,0,0.21653772226480855,0
James Robinson,RB,NYJ,8,14,95,1,0.37450121692721533,0.3557786159719109,0.3663658672986159,0.0480174083281119,0.04474338596964549,0.03993584078339799,0.04410815529977382,0,0.00728570971232947
Irv Smith,TE,MIN,7,0,22,1,0,0,0,0.12379964331473531,0.12909735100315264,0.11348746468369189,0.11962503306951576,0.21,0.007
Hunter Long,TE,MIA,3,7,0,0,0,0,0,0.0018398306382966445,0.0014912962210650443,0.0013679818180047656,0.0015582851725349646,0,0.00270647060928084
Rashid Shaheed,WR,NO,3,0,5,0,0.009309855433538485,0.033889680385292484,0.021177460659523726,0.046843518054697574,0.050318283090910174,0.06884620068555294,0.05184960631170645,0.21,0.007
Mac Jones,QB,NE,5,17,24,2,0.14658773339689318,0.13894492754049806,0.14156888311844623,0,0,0,0,0.18622980650591237,0
Caleb Huntley,RB,ATL,5,0,56,1,0.30516974124772306,0.3168534469574412,0.29882552687715885,0,0,0,0,0.21,0.007
DeeJay Dallas,RB,SEA,8,17,17,0,0.06287647020834343,0.05812077038018027,0.060194439694642055,0.01756785389617369,0.01966804897690431,0.01588111749921849,0.017284579850970372,0,0.00542251999199689
Sam Ehlinger,QB,IND,1,0,6,1,0.14573503183616648,0.09468652438197274,0.10403973835320866,0,0,0,0,0.21,0.007
Laviska Shenault,WR,CAR,4,16,9,0,0.01368522012329025,0.0071584195246600195,0.011201315288730742,0.1087728195299955,0.1293618338942016,0.12640606951545544,0.11728789829955516,0,0.00669824015660595
Davis Mills,QB,HOU,7,13,9,4,0.05769090045732071,0.05095295589085916,0.05227727540664839,0,0,0,0,0.17320352256803578,0
Pat Freiermuth,TE,PIT,7,16,32,0,0,0,0,0.18426707262056286,0.18452874706912853,0.20242011503070176,0.18524093524520574,0,0.00761438398713958
Shi Smith,WR,CAR,8,0,8,1,0,0,0,0.09934775934305164,0.09193707564400297,0.09097964930106428,0.09528112130432285,0.21,0.007
Jaylen Warren,RB,PIT,8,0,41,1,0.15019719207836638,0.16665113969984724,0.15409610972000343,0.04287662986132051,0.048412918231763566,0.0500513465802508,0.043937102134228904,0.21,0.007
Spencer Brown,RB,CAR,1,0,6,0,0.16952922291598246,0.16375828386234198,0.13757352511530074,0.0230917017422569,0.007056708874263744,0.005407081577114587,0.0101699465530891,0.21,0.007
Bryan Edwards,WR,ATL,4,16,3,0,4.705080567843662e-4,2.835671349439737e-4,4.1326110820020514e-4,0.04665797040962301,0.048650236839430074,0.04131697115936412,0.043156781484381596,0,0.00685599049954147
DeVonta Smith,WR,PHI,7,17,38,0,0,0,0,0.2310625597794043,0.23761033006216287,0.2192384776368945,0.22414987462525954,0,0.00731235854850211
Jaylen Waddle,WR,MIA,8,16,44,1,0.011379410159562602,0.01646364897489719,0.013698094985223314,0.21539766781972552,0.21678066139379046,0.23614463425651575,0.23357717259309488,0,0.00690054006814781
Malik Davis,RB,DAL,1,0,10,0,0.20645251588983335,0.1209970991500022,0.14571739405797227,0.06145736104214484,0.07109159448952888,0.060159849198713554,0.05148451137232698,0.21,0.007
Brock Wright,TE,DET,7,10,6,0,0,0,0,0.030437330113715126,0.03341653349227443,0.0369918894008088,0.03222887469363722,0,0.00270647060928084
Troy Hairston,TE,HOU,1,0,2,0,0,0,0,0.07523925203606649,0.1033859248865827,0.06907320123100398,0.06960634273105722,0.21,0.007
Pierre Strong,RB,NE,6,0,1,0,0.010672277663765509,0.013428482469814885,0.012130094084421023,4.0633279806593953e-4,3.9278930384440547e-4,4.611556203169688e-4,4.2391968110267874e-4,0,0.00649552946227403
Salvon Ahmed,RB,MIA,5,12,1,0,0.0277103742198996,0.022693639633119274,0.025232430919224457,0.005145140211285208,0.0050207675738617435,0.0050963688140038405,0.005128640763029539,0,0.00270647060928084
Trestan Ebner,RB,CHI,8,0,20,2,0.06333699484794762,0.047768874957842336,0.05641158996825593,0.02651369538210435,0.026140701899408265,0.023077262317498997,0.024556036754371225,0,0.00649552946227403
Jalen Reagor,WR,MIN,7,17,4,2,0.013591935884089714,0.01971974576044567,0.016048330654891346,0.02806676371166089,0.02749661321375635,0.02551993955777082,0.027946190243977598,0,0.00949659406607096
Colby Parkinson,TE,SEA,8,14,10,0,0,0,0,0.03309188679932702,0.03624467280694357,0.03997210901251164,0.03595101460219287,0,0.00270647060928084
D Andre Swift,RB,DET,4,13,45,0,0.29238154025906693,0.304148868805683,0.2876238984209033,0.11901661249406831,0.1273341064281895,0.1102930978732408,0.14899093131728805,0,0.00480350533871433
Rachaad White,RB,TB,8,0,47,1,0.22153265761148436,0.29556883115039884,0.24116553981854025,0.04649347050010712,0.05064018052576367,0.04620601722519127,0.04441481299452087,0,0.00649552946227403
Jaelon Darden,WR,TB,8,0,3,0,0.0036753308661631747,0.003234039449952925,0.003531038957310267,0.004127949976273524,0.004748821810397191,0.004122474370028975,0.004171332381149077,0.21,0.007
Tee Higgins,WR,CIN,7,14,34,0,0,0,0,0.1998921800217102,0.19411956326364369,0.20472736088214377,0.21081066565390313,0,0.00669824015660595
Jake Ferguson,TE,DAL,8,0,9,0,0,0,0,0.045674710715167835,0.04962837454866359,0.04500542380917646,0.061491131711558546,0,0.00649552946227403
Jonathan Taylor,RB,IND,6,17,123,2,0.6125675126475773,0.6933861656454723,0.646075708362884,0.10122592910869077,0.09674932142578581,0.08376204156076432,0.09418628848164992,0,0.00511271957495787
Braylon Sanders,WR,MIA,1,0,2,1,0,0,0,0.04505433156093754,0.05025326652239385,0.03817826976802572,0.03533293763010747,0.21,0.007
Connor Heyward,TE,PIT,8,0,5,0,0,0,0,0.02282037108752917,0.02334286372005406,0.02870087850641172,0.025040294748232092,0,0.00649552946227403
Travis Etienne,RB,JAC,8,0,109,3,0.41127143709420916,0.4358878046545103,0.4346856198995392,0.08321348917248983,0.08309170301375841,0.07899434943354224,0.07965438320297626,0.21,0.007
Ronnie Rivers,RB,LAR,1,0,12,0,0.29398756273844406,0.2709088505956374,0.2470180187726944,0.1158456410219121,0.14386214211426293,0.10560858044886588,0.10172479039305057,0.21,0.007
Deon Jackson,RB,IND,8,9,44,0,0.17140466385965225,0.18359034332044302,0.18097096680249894,0.03579313992114692,0.039682845906658326,0.03830770795031628,0.03878043512197318,0,0.00270647060928084
Donovan Peoples Jones,WR,CLE,8,14,31,1,0.005948003326029287,0.0045018793788946295,0.005332865980928884,0.18253840766706886,0.189390760832197,0.20325044706077017,0.18670695349245967,0,0.015528340097817
Gary Brightwell,RB,NYG,8,0,4,0,0.014200797393185745,0.01433048185650975,0.014321186198085555,0,0,0,0,0.21,0.007
Justin Fields,QB,CHI,8,12,76,11,0.25897765384730603,0.27964952859848524,0.2753611244383069,0,0,0,0,0.3780562407833271,0
Cole Kmet,TE,CHI,8,17,14,0,2.0315065774509136e-4,1.686477637933432e-4,1.898802277947195e-4,0.12356989194520125,0.12720648302418636,0.12362009166361376,0.13061515436647897,0,0.00270647060928084
Kenneth Gainwell,RB,PHI,7,16,29,0,0.09350445795226973,0.09810811254588407,0.0941796647536478,0.05527575687952024,0.0553937981501773,0.049302660164220906,0.051962861993866884,0,0.00710613170828835
Montrell Washington,WR,DEN,8,0,6,3,0.013147869903089566,0.016222822972484528,0.014355556846903244,0.01868893243898968,0.021272184235122525,0.012860506197402293,0.01626173208332234,0,0.00649552946227403
Brian Robinson,RB,WAS,4,0,56,0,0.410907516568835,0.3718981535120957,0.36832171448415274,0.019887909989635386,0.024308868119800566,0.020850753393693577,0.02072227616926284,0,0.00649552946227403
Gabriel Davis,WR,BUF,6,16,16,0,0,0,0,0.15426809641214081,0.13607450927620787,0.15914172110574495,0.14802702714334315,0,0.00270647060928084
CeeDee Lamb,WR,DAL,8,16,47,0,0.020601059967150732,0.016075729167770142,0.018874208220143397,0.29069421272140655,0.282732376973053,0.3035582867864313,0.3019109276051555,0,0.00270647060928084
Eno Benjamin,RB,ARI,8,9,89,0,0.3973114953791298,0.39848402116874426,0.39729064256037133,0.0884073551994125,0.0873694550275427,0.07696156514690225,0.082056073127746,0,0.00270647060928084
Cade Otton,TE,TB,7,0,18,0,0,0,0,0.06273281102981125,0.05972304585934753,0.0643733318492406,0.05868472682726701,0,0.00649552946227403
Peyton Hendershot,TE,DAL,8,0,9,0,0,0,0,0.04815278293353876,0.050542892871188606,0.04437053802097817,0.050494585508563,0.21,0.007
Jerry Jeudy,WR,DEN,8,10,31,0,0.004057664707662338,0.0034815689276808115,0.003872293371596238,0.19787670556495246,0.1984511481664498,0.19824080211567377,0.21762792424988997,0,0.00634995148853408
Michael Carter,RB,NYJ,8,14,97,1,0.41146193815109894,0.3866523169683348,0.3958361578267979,0.11143474773812193,0.1169475901336482,0.11595886416254654,0.11167103658810094,0,0.00433355058781009
Christian Watson,WR,GB,5,0,11,0,0.02507814685097808,0.02005210255402167,0.02511809150911268,0.08535336487567087,0.08847125779011203,0.07871321811166145,0.07888264818032127,0,0.00649552946227403
Malik Willis,QB,TEN,2,0,9,1,0.11314349253105127,0.10423082654619144,0.09932685936299766,0,0,0,0,0.21,0.007
Dareke Young,WR,SEA,4,0,0,0,0,0,0,7.744695433758992e-4,7.866292135536997e-4,7.626090862117954e-4,7.787804125530828e-4,0,0.00649552946227403
Raheem Blackshear,RB,CAR,4,0,4,0,0.047007524693338104,0.010820830769217584,0.030093663878163597,0,0,0,0,0.21,0.007
Justin Jefferson,WR,MIN,7,17,53,0,0.005807212463719666,0.005536577585666302,0.005875580300298516,0.2804088367099537,0.28045733245273524,0.326284788557115,0.29159938237308175,0,0.00530979857492765
Dax Milne,WR,WAS,8,0,5,0,0,0,0,0.025871123030092497,0.030171662764393543,0.02453847508257687,0.02536144677804748,0.21,0.007
KJ Hamler,WR,DEN,7,0,9,0,0.010937900744051356,0.027312661556263277,0.015350770165703924,0.06185392001721681,0.05798731389567932,0.07224846895438788,0.06082803566432995,0.21,0.007
Zach Wilson,QB,NYJ,5,13,17,0,0.10587654718242843,0.08961319490343778,0.0984359866216424,0.006488109541615076,0.007285993158435848,0.005954232086033334,0.006632768220991668,0.159646934040687,0
James Mitchell,TE,DET,4,0,1,0,0,0,0,0.006391497081433158,0.007991674344012085,0.009305596306993949,0.006264549326104184,0,0.00649552946227403
Chig Okonkwo,TE,TEN,7,0,6,0,0.005032377958578971,0.003741561226835549,0.004532605374944831,0.08218577434153589,0.06778781403605241,0.05660341478666439,0.06541345818520554,0,0
Amari Rodgers,WR,GB,8,0,4,4,0,0,0,0.031688052200418544,0.027110128508670082,0.03156409169854258,0.026452040384820172,0.21,0.007
James Cook,RB,BUF,7,0,29,1,0.16004463454383835,0.1732401938954339,0.16013370241157798,0.02752992415974046,0.03072791231245918,0.04306672303658999,0.03147235364713905,0,0.00649552946227403
Trevor Lawrence,QB,JAC,8,17,27,5,0.11834533253602766,0.09862567386813431,0.11251047243927562,0,0,0,0,0.235539900914046,0
Amon Ra St Brown,WR,DET,6,17,37,0,0.013498568436523525,0.0272401821558705,0.01911076062163261,0.2239139206073117,0.22654287311430749,0.2177106595723049,0.21547296109143396,0,0.00270647060928084
Trey McBride,TE,ARI,7,0,3,0,0,0,0,0.011962666657863778,0.012350459155416922,0.01227085551797731,0.012599516394952213,0,0.00649552946227403
Hassan Haskins,RB,TEN,7,0,11,0,0.049777744063062776,0.05394446127194436,0.05161491074514149,0.016629709272329037,0.019340382977238207,0.015938590919175297,0.01749966790738002,0,0.00649552946227403
Rashod Bateman,WR,BAL,6,12,15,1,0,0,0,0.1709898609569992,0.17175509270701653,0.1763447957197775,0.17053229295759323,0,0.00270647060928084
Khalil Shakir,WR,BUF,5,0,6,0,0,0,0,0.07700247666006436,0.06482615767026613,0.06696556129936689,0.06869020928371057,0,0.00649552946227403
Dameon Pierce,RB,HOU,7,0,141,2,0.7833854246974601,0.7854969840641383,0.7823383218559457,0.10456842876509401,0.10853136690841522,0.09162158736251139,0.1285411710012053,0,0.00649552946227403
Michael Woods,WR,CLE,3,0,2,0,0,0,0,0.047337954791569076,0.03863742979868587,0.0306388267344745,0.03462228380010331,0,0.00649552946227403
Greg Dulcich,TE,DEN,3,0,12,0,0,0,0,0.19044887919158815,0.2031270126469252,0.2335798008139505,0.1981218321365498,0,0.00649552946227403
Elijah Moore,WR,NYJ,7,11,18,0,0.012055374545127676,0.008974813764703658,0.011087982752600227,0.1148943184923908,0.10588000514187017,0.10290374557793272,0.10898750177122374,0,0.00270647060928084
Romeo Doubs,WR,GB,8,0,31,2,0.006005013888195933,0.0068134749046211834,0.006530410786376229,0.18606652766552842,0.17611342010360484,0.17507623201997416,0.18090814813888004,0,0.00649552946227403
Tyler Allgeier,RB,ATL,7,0,89,0,0.38702019954122474,0.3528886355418929,0.37910909210250426,0.027403987280473958,0.0342677435813342,0.03876093014301143,0.03909521278566005,0,0.00649552946227403
Isaiah Likely,TE,BAL,8,0,16,0,0,0,0,0.10757023783728997,0.11272401786908777,0.12304979006610753,0.12095066374323893,0,0.00649552946227403
Alec Pierce,WR,IND,7,0,24,1,0,0,0,0.15712278723911252,0.14980070091926012,0.17643185870232278,0.1596024688193518,0,0.00649552946227403
Tommy Tremble,TE,CAR,8,16,8,0,8.249371177341988e-4,8.018447631846408e-4,8.35871006138595e-4,0.06089907216336973,0.06186214341850495,0.06355737691435717,0.06341517554853456,0,0.00270647060928084
Terrace Marshall,WR,CAR,4,0,10,0,0,0,0,0.1393590144421613,0.1320307003584118,0.1458940933785692,0.1280245364474581,0.21,0.007
Rondale Moore,WR,ARI,5,14,29,0,0.044240562045753495,0.037082157012818466,0.03860793103181833,0.14730221494326384,0.14771231768647713,0.15420508664551397,0.15661769560581992,0,0.01090028085788561
Chris Olave,WR,NO,7,0,37,1,0,0,0,0.25258156484072836,0.2401646625819451,0.23664044719142405,0.2373643234539644,0,0.00649552946227403
Brevin Jordan,TE,HOU,4,9,5,0,0,0,0,0.10097425734253236,0.08269869640021858,0.07599130444744778,0.0808025831701277,0,0.00270647060928084
Garrett Wilson,WR,NYJ,8,0,35,0,0.005868060366882469,0.004401280710790146,0.0054013410490908065,0.223328145612906,0.22830626219552164,0.2191657984305397,0.21678080598158755,0,0.00649552946227403
Tyquan Thornton,WR,NE,4,0,11,0,0.023006508333443317,0.0314647901331731,0.027697818583623298,0.13351826247143697,0.11756151546581672,0.11388042210229876,0.11757181166213784,0,0.00649552946227403
Kyle Pitts,TE,ATL,7,17,21,0,0,0,0,0.23064661812597173,0.222345653412491,0.20623451423466715,0.21470014727799272,0,0.00270647060928084
Kenneth Walker,RB,SEA,7,0,94,0,0.5537943670000705,0.551478351679872,0.5672565991927216,0.03973915855327809,0.03879671481198639,0.0317061363980864,0.035347515554884426,0,0.00649552946227403
David Bell,WR,CLE,8,0,9,0,0,0,0,0.04794650188500992,0.05145786676846587,0.04945285668870411,0.046416254905821734,0,0.00649552946227403
Wan Dale Robinson,WR,NYG,4,0,12,0,0,0,0,0.07541419178676764,0.08011725745336655,0.07487921801381743,0.07472058692028519,0,0.00649552946227403
George Pickens,WR,PIT,8,0,27,0,0.004021251361838154,0.00274311918395951,0.0036344140589753588,0.15566303846954452,0.14770456199499427,0.15533736208516236,0.15618138154847688,0,0.00649552946227403
Drake London,WR,ATL,8,0,30,0,0,0,0,0.22170600623053036,0.22695301946576557,0.21587436749710867,0.21202028030060707,0,0.00649552946227403
Marcedes Lewis,TE,GB,8,17,1,0,0,0,0,0.00840986539740645,0.009072083639762906,0.008167548335428881,0.008343254402046382,0,0.00893075044467179
Matthew Slater,WR,NE,8,0,0,0,0,0,0,0,0,0,0,0.21,0.007
Taiwan Jones,RB,BUF,7,0,0,0,0,0,0,0,0,0,0,0.21,0.007
Ryan Griffin,TE,CHI,6,14,3,0,0,0,0,0.05511368320680743,0.05424005126520122,0.05087389828828577,0.05196948889409212,0,0.00804156761104451
Brandon Bolden,RB,LV,6,17,15,0,0.07991096126084246,0.07449067653765608,0.07974848604162851,0.04380603225277942,0.047487323484846584,0.04488301508352568,0.04625144734677627,0,0.00444347893543646
Eric Tomlinson,TE,DEN,5,17,3,0,0,0,0,0.02188558886908234,0.023670570598144022,0.024858820362633833,0.023477785319418437,0,0.00270647060928084
Willie Snead,WR,SF,1,0,0,0,0,0,0,0,0,0,0,0.21,0.007
Stephen Anderson,TE,ARI,8,17,1,0,0,0,0,0.0038593532098606213,0.003908733722370941,0.003716687177515724,0.003935974175433344,0,0.00270647060928084
Nick Boyle,TE,BAL,6,5,0,0,0,0,0,7.947965469538275e-4,7.790241290304093e-4,7.138468572321141e-4,7.556087804464717e-4,0,0.00270647060928084
Chris Moore,WR,HOU,6,12,10,0,0,0,0,0.06928945463905714,0.06662239205565125,0.07214368812063358,0.07282483482463499,0,0.00270647060928084
J P Holtz,TE,NO,4,0,0,0,0,0,0,0,0,0,0,0.21,0.007
Geoff Swaim,TE,TEN,7,16,7,0,0,0,0,0.06005937295283872,0.05911434115777178,0.055328229907733416,0.06043460730573299,0,0.00270647060928084
Jacob Hollister,TE,MIN,1,0,0,0,0,0,0,0.037680503680233846,0.03798738632390598,0.03126420817929511,0.03697415417833547,0,0.00270647060928084
Alex Armah,RB,WAS,1,0,0,0,0,0,0,0,0,0,0,0.21,0.007
Patrick Ricard,RB,BAL,8,13,10,0,0.009154655721996925,0.0072572684910803004,0.008463278838125638,0.03982608492740176,0.04558359614094978,0.043508384803369965,0.04208250849114529,0,0.00270647060928084
Jakob Johnson,RB,LV,7,17,2,0,0,0,0,0.009276473587298887,0.010032705231818125,0.008860780448304108,0.009508829041444511,0,0.00270647060928084
KhaDarel Hodge,WR,ATL,8,0,8,0,0,0,0,0.044633627154354406,0.045371821234313575,0.04740142639491722,0.045213039367875414,0.21,0.007
Kevin Rader,TE,TEN,5,0,0,0,0,0,0,0.0032648082012729954,0.00325255220968047,0.002982101343776214,0.003290828129436465,0,0.00270647060928084
Trevon Wesco,TE,CHI,6,12,1,0,0,0,0,0.017049240013906043,0.016690624927782137,0.017600241280098943,0.01690164123389687,0,0.00270647060928084
Andrew Beck,TE,DEN,8,0,4,0,0.0033070299217365295,0.0025206288955769694,0.0030286805174683912,0.018719395779853137,0.017263357675107224,0.015884019430682215,0.017316815450411648,0.21,0.007
Khari Blasingame,RB,CHI,8,0,0,0,0,0,0,0,0,0,0,0.21,0.007
Qadree Ollison,RB,DAL,1,0,0,0,0.10599703993753898,0.1371940583239619,0.12303785035074369,0.01872902824793009,0.018395870022207807,0.009179681381642405,0.013759532122935292,0,0.01422119045733402
Devine Ozigbo,RB,DEN,1,0,0,0,0.03761334396392315,0.024673250012713473,0.031931607529482625,0,0,0,0,0.21,0.007
Kendall Hinton,WR,DEN,5,0,5,0,0,0,0,0.05581856351186395,0.05941170772799939,0.06496926875947696,0.06113044485326152,0,0.00270647060928084
Nick Westbrook Ikhine,WR,TEN,6,16,7,0,0,0,0,0.10850959091383897,0.09989042551819985,0.11329756505145114,0.11279134756294935,0,0.01038295050798297
Brycen Hopkins,TE,LAR,2,0,0,0,0,0,0,8.824174530634679e-4,9.848431040214481e-4,9.626780399406024e-4,9.579809784654892e-4,0,0.00270647060928084
Tyler Davis,TE,GB,8,14,4,0,0,0,0,0.022026143899853183,0.022226718455656568,0.020131457971782687,0.020726222015240645,0,0.00270647060928084
Ke Shawn Vaughn,RB,TB,6,12,0,0,0.012448240975864779,0.01232158103174371,0.012512189433152871,4.878591503559844e-4,4.793371500116343e-4,4.792750121837931e-4,4.7728385327041006e-4,0,0.00270647060928084
Devin Asiasi,TE,CIN,5,0,0,0,0,0,0,0.0055651538228905255,0.00424931940290254,0.003628001054398302,0.004447179691694355,0.21,0.007
Reggie Gilliam,RB,BUF,7,0,7,0,0,0,0,0.028559426511099665,0.031172116620497212,0.0271172683579444,0.02829574493162883,0.21,0.007
Luke Farrell,TE,JAC,8,15,1,0,0,0,0,0.005960134792455016,0.00600963712230584,0.0071951729523026505,0.006525090928704995,0,0.02020647060928085
Charlie Woerner,TE,SF,8,17,0,0,0,0,0,0.007547697221215424,0.005972937432370387,0.005374813654350067,0.006214954643082269,0,0.00270647060928084
Tay Martin,WR,SF,1,0,0,0,0,0,0,0,0,0,0,0.21,0.007
Feleipe Franks,QB,ATL,1,0,0,0,0,0,0,0.06288692328971492,0.04816636086699551,0.041964064288665434,0.04932807914462847,0.21,0.007
Sean McKeon,TE,DAL,1,0,0,0,0,0,0,0.03602199128787106,0.042956944190717106,0.0445002193406445,0.04174267631466351,0,0.00270647060928084
Raleigh Webb,WR,NE,2,0,0,0,0,0,0,0,0,0,0,0.21,0.007
Benny Snell,RB,PIT,8,17,0,0,0.006186366281504286,0.005861115301016763,0.006333968000696523,5.634698708593785e-4,5.554638450179147e-4,5.449061519280601e-4,5.522964780378632e-4,0,0.00270647060928084
Miller Forristall,TE,CLE,1,0,0,0,0,0,0,0.025726557924011663,0.017142671597839804,0.01466992954457853,0.018979119053780708,0.21,0.007
Tanner Conner,TE,MIA,7,0,0,0,0,0,0,0.010780380212891112,0.007482334649255055,0.006478926299934842,0.008150724401120066,0.21,0.007
Harrison Bryant,TE,CLE,8,16,14,0,0,0,0,0.0755421805761834,0.07777950389177042,0.07357650533956442,0.07548784257242118,0,0.00270647060928084
Tim Jones,WR,JAC,8,0,2,0,0,0,0,0.012439435984693988,0.012986493962880635,0.01571254002586819,0.013896257923286222,0.21,0.007
Stanley Berryhill,WR,DET,1,0,0,0,0,0,0,0,0,0,0,0.21,0.007
Jelani Woods,TE,IND,6,0,6,0,0,0,0,0.050437603478654676,0.047408634839416056,0.04773560515755204,0.05018296179888331,0,0.00649552946227403
Grant Calcaterra,TE,PHI,4,0,1,0,0,0,0,0.008690144291177107,0.009664526513560093,0.014158839425277259,0.01130162164328406,0,0.00649552946227403
Quintin Morris,TE,BUF,6,0,6,1,0,0,0,0.03669964656402282,0.03644764767936044,0.03369245580810455,0.03539378565727153,0.21,0.007
Jalen Nailor,WR,MIN,6,0,1,0,0,0,0,0.005793173740217751,0.0062917861756184345,0.006878834504724429,0.006382784217029228,0,0.00649552946227403
Jordan Mason,RB,SF,7,0,1,0,0.008794506609611383,0.01056060317331741,0.009470148980213674,0,0,0,0,0.21,0.007
Zamir White,RB,LV,7,0,5,0,0.03198323286627594,0.026087726228208614,0.030221381609487515,0.0017916780706023765,0.0017826098767718197,0.0018148538007287985,0.0018448350298682302,0,0.00649552946227403
Keaontay Ingram,RB,ARI,3,0,14,0,0.11895083031886619,0.06387113373202553,0.10204928643702844,0.01967405820568026,0.02301355483657664,0.02486923415040574,0.022473469902431913,0,0.00649552946227403
Kyric McGowan,WR,WAS,1,0,0,0,0,0,0,0,0,0,0,0.21,0.007
Jeremy Ruckert,TE,NYJ,5,0,0,0,0,0,0,0.007587110098241349,0.006712061199356369,0.006088976139093646,0.006835080786120027,0,0.00649552946227403
Anthony Schwartz,WR,CLE,7,14,3,0,0.009352277184532652,0.010923855982405094,0.010030656672396297,0.026837975221712832,0.021481894425171563,0.021342346687146733,0.02310752046272871,0,0.00270647060928084
