player,team,pos,player_games,player_gs,pl_cmp,pl_pas_att,pl_pas_yds,pl_pas_tds,pl_rus_att,pl_rus_yds,pl_rus_tds,pl_tgt,pl_rec,pl_rec_yds,pl_rec_tds,pl_int,pl_fmb,pl_fl,touches,fl_per_tou
Patrick Mahomes,KAN,QB,17,17,25.58823529411765,38.11764705882353,308.8235294117647,2.411764705882353,3.588235294117647,21.058823529411764,0.23529411764705882,0.058823529411764705,0.058823529411764705,0.35294117647058826,0,0.7058823529411765,0.29411764705882354,0.09569654375661886,3.7058823529411766,0.025822876886706675
Josh Jacobs,LVR,RB,17,17,0,0,0,0,20,97.23529411764706,0.7058823529411765,3.764705882352941,3.1176470588235294,23.529411764705884,0,0,0.17647058823529413,0.07506498507750071,23.176470588235293,0.003238844533800792
Christian McCaffrey,2TM,RB,17,16,0.058823529411764705,0.058823529411764705,2,0.058823529411764705,14.352941176470589,67,0.47058823529411764,6.352941176470588,5,43.588235294117645,0.29411764705882354,0,0.058823529411764705,0.01913930875132377,19.41176470588235,9.859643902197094e-4
Derrick Henry,TEN,RB,16,16,0.125,0.125,0.25,0.0625,21.8125,96.125,0.8125,2.5625,2.0625,24.875,0,0,0.375,0.178263093289689,23.9375,0.007447022173981786
Justin Jefferson,MIN,WR,17,17,0.11764705882352941,0.11764705882352941,2,0,0.23529411764705882,1.411764705882353,0.058823529411764705,10.823529411764707,7.529411764705882,106.41176470588235,0.47058823529411764,0,0,0,7.823529411764706,0
Austin Ekeler,LAC,RB,17,17,0,0,0,0,12,53.8235294117647,0.7647058823529411,7.470588235294118,6.294117647058823,42.470588235294116,0.29411764705882354,0,0.29411764705882354,0.1486377202272071,18.352941176470587,0.008098850140585001
Josh Allen,BUF,QB,16,16,22.4375,35.4375,267.6875,2.1875,7.75,47.625,0.4375,0,0,0,0,0.875,0.8125,0.3581117021276596,7.8125,0.04583829787234043
Davante Adams,LVR,WR,17,17,0,0,0,0,0.17647058823529413,-0.058823529411764705,0,10.588235294117647,5.882352941176471,89.17647058823529,0.8235294117647058,0,0.058823529411764705,0.01913930875132377,6.117647058823529,0.00312854085358177
Travis Kelce,KAN,TE,17,17,0,0,0,0,0.11764705882352941,0.29411764705882354,0,8.941176470588236,6.470588235294118,78.70588235294117,0.7058823529411765,0,0.058823529411764705,0.03678636757485318,6.647058823529412,0.00553423229002216
Nick Chubb,CLE,RB,17,17,0,0,0,0,17.764705882352942,89.70588235294117,0.7058823529411765,2.176470588235294,1.588235294117647,14.058823529411764,0.058823529411764705,0,0.058823529411764705,0.03678636757485318,19.41176470588235,0.0018950552993106185
Tyreek Hill,MIA,WR,17,17,0,0,0,0,0.4117647058823529,1.8823529411764706,0.058823529411764705,10,7,100.58823529411765,0.4117647058823529,0,0.058823529411764705,0.01913930875132377,7.470588235294118,0.0025619547147441267
Jalen Hurts,PHI,QB,15,15,20.4,30.666666666666668,246.73333333333332,1.4666666666666666,11,50.666666666666664,0.8666666666666667,0,0,0,0,0.4,0.6,0.23522094926350245,11.066666666666666,0.021254905053930944
A J Brown,PHI,WR,17,16,0,0,0,0,0,0,0,8.529411764705882,5.176470588235294,88,0.6470588235294118,0,0.11764705882352941,0.07357273514970636,5.235294117647059,0.014053219073539418
Stefon Diggs,BUF,WR,16,16,0,0,0,0,0.0625,-0.1875,0,9.625,6.75,89.3125,0.6875,0,0.0625,0.020335515548281505,6.875,0.002957893170659128
Saquon Barkley,NYG,RB,16,16,0,0,0,0,18.4375,82,0.625,4.75,3.5625,21.125,0,0,0.0625,0.020335515548281505,22.0625,9.217230843413714e-4
CeeDee Lamb,DAL,WR,17,17,0,0,0,0,0.5882352941176471,2.764705882352941,0,9.176470588235293,6.294117647058823,79.94117647058823,0.5294117647058824,0,0,0,6.9411764705882355,0
Joe Burrow,CIN,QB,16,16,25.875,37.875,279.6875,2.1875,4.6875,16.0625,0.3125,0,0,0,0,0.75,0.375,0.178263093289689,4.75,0.037529072271513475
Jamaal Williams,DET,RB,17,9,0,0,0,0,15.411764705882353,62.705882352941174,1,0.9411764705882353,0.7058823529411765,4.294117647058823,0,0,0.17647058823529413,0.09271204390103013,16.176470588235293,0.005731289986609135
Jaylen Waddle,MIA,WR,17,17,0,0,0,0,0.17647058823529413,1.5294117647058822,0,6.882352941176471,4.411764705882353,79.76470588235294,0.47058823529411764,0,0.058823529411764705,0.03678636757485318,4.647058823529412,0.007916053781930431
Tony Pollard,DAL,RB,16,4,0,0,0,0,12.0625,62.9375,0.5625,3.4375,2.4375,23.1875,0.1875,0,0,0,14.5625,0
Dalvin Cook,MIN,RB,17,17,0,0,0,0,15.529411764705882,69,0.47058823529411764,3.2941176470588234,2.2941176470588234,17.352941176470587,0.11764705882352941,0,0.23529411764705882,0.14714547029941272,17.88235294117647,0.008228529589111896
Miles Sanders,PHI,RB,17,15,0,0,0,0,15.235294117647058,74.6470588235294,0.6470588235294118,1.5294117647058822,1.1764705882352942,4.588235294117647,0,0,0.11764705882352941,0.07357273514970636,16.470588235294116,0.004466916062660743
George Kittle,SFO,TE,15,15,0,0,0,0,0,0,0,5.733333333333333,4,51,0.7333333333333333,0,0.06666666666666667,0.04169121658483361,4.066666666666666,0.010251938504467279
Amari Cooper,CLE,WR,17,17,0,0.058823529411764705,0,0,0,0,0,7.764705882352941,4.588235294117647,68.23529411764706,0.5294117647058824,0,0,0,4.647058823529412,0
Taysom Hill,NOR,TE,16,8,0.8125,1.1875,15,0.125,6,35.9375,0.4375,0.8125,0.5625,4.8125,0.125,0,0.125,0.04067103109656301,6.625,0.00613902356174536
Aaron Jones,GNB,RB,17,17,0,0,0,0,12.529411764705882,65.94117647058823,0.11764705882352941,4.235294117647059,3.4705882352941178,23.235294117647058,0.29411764705882354,0,0.29411764705882354,0.1486377202272071,16.058823529411764,0.009255828732097144
Amon Ra St Brown,DET,WR,16,16,0,0,0,0,0.5625,5.9375,0,9.125,6.625,72.5625,0.375,0,0,0,7.25,0
DeVonta Smith,PHI,WR,17,17,0,0,0,0,0,0,0,8,5.588235294117647,70.3529411764706,0.4117647058823529,0,0.058823529411764705,0.03678636757485318,5.647058823529412,0.006514252591380251
T J Hockenson,2TM,TE,17,14,0,0,0,0,0,0,0,7.588235294117647,5.0588235294117645,53.76470588235294,0.35294117647058826,0,0.058823529411764705,0.03678636757485318,5.117647058823529,0.007188140790488552
Christian Kirk,JAX,WR,17,17,0,0.058823529411764705,0,0,0.29411764705882354,0.6470588235294118,0,7.823529411764706,4.9411764705882355,65.17647058823529,0.47058823529411764,0,0.058823529411764705,0.03678636757485318,5.294117647058823,0.006948536097472267
Najee Harris,PIT,RB,17,17,0.058823529411764705,0.058823529411764705,0.23529411764705882,0,16,60.8235294117647,0.4117647058823529,3.1176470588235294,2.411764705882353,13.470588235294118,0.17647058823529413,0,0.17647058823529413,0.09271204390103013,18.470588235294116,0.005019441867253224
Ja Marr Chase,CIN,WR,12,12,0,0,0,0,0.4166666666666667,0.6666666666666666,0,11.166666666666666,7.25,87.16666666666667,0.75,0,0.16666666666666666,0.10422804146208402,7.75,0.013448779543494712
Rhamondre Stevenson,NWE,RB,17,7,0,0,0,0,12.352941176470589,61.1764705882353,0.29411764705882354,5.176470588235294,4.0588235294117645,24.764705882352942,0.058823529411764705,0,0.23529411764705882,0.09420429382882449,16.470588235294116,0.005719546411035773
Joe Mixon,CIN,RB,14,14,0,0,0,0,15,58.142857142857146,0.5,5.357142857142857,4.285714285714286,31.5,0.14285714285714285,0,0,0,19.357142857142858,0
Tyler Lockett,SEA,WR,16,16,0,0,0,0,0,0,0,7.3125,5.25,64.5625,0.5625,0,0.125,0.07817103109656301,5.3125,0.014714547029941273
Terry McLaurin,WAS,WR,17,17,0,0,0,0,0.4117647058823529,1.7058823529411764,0,7.0588235294117645,4.529411764705882,70.05882352941177,0.29411764705882354,0,0.058823529411764705,0.01913930875132377,5,0.003827861750264754
Kenneth Walker,SEA,RB,15,11,0,0,0,0,15.2,70,0.6,2.3333333333333335,1.8,11,0,0,0,0,17.066666666666666,0
Brandon Aiyuk,SFO,WR,17,17,0,0,0,0,0.11764705882352941,1.3529411764705883,0,6.705882352941177,4.588235294117647,59.705882352941174,0.47058823529411764,0,0.058823529411764705,0.03678636757485318,4.764705882352941,0.007720595663858075
Mike Evans,TAM,WR,15,15,0,0,0,0,0,0,0,8.466666666666667,5.133333333333334,74.93333333333334,0.4,0,0,0,5.2,0
Geno Smith,SEA,QB,17,17,23.470588235294116,33.64705882352941,251.88235294117646,1.7647058823529411,4,21.529411764705884,0.058823529411764705,0,0,0,0,0.6470588235294118,0.47058823529411764,0.2237027053047078,4.0588235294117645,0.05511515927797148
Tee Higgins,CIN,WR,16,14,0,0,0,0,0,0,0,6.8125,4.625,64.3125,0.4375,0,0,0,4.6875,0
Mark Andrews,BAL,TE,15,15,0,0,0,0,0.2,0.5333333333333333,0,7.533333333333333,4.866666666666666,56.46666666666667,0.3333333333333333,0,0.06666666666666667,0.021691216584833604,5.133333333333334,0.004225561672370183
Travis Etienne,JAX,RB,17,12,0,0,0,0,12.941176470588236,66.17647058823529,0.29411764705882354,2.6470588235294117,2.0588235294117645,18.58823529411765,0,0,0.29411764705882354,0.1486377202272071,15.058823529411764,0.00987047360883797
Ezekiel Elliott,DAL,RB,15,14,0,0,0,0,15.4,58.4,0.8,1.5333333333333334,1.1333333333333333,6.133333333333334,0,0,0,0,16.6,0
Trevor Lawrence,JAX,QB,17,17,22.764705882352942,34.35294117647059,241.94117647058823,1.4705882352941178,3.6470588235294117,17.11764705882353,0.29411764705882354,0,0,0,0,0.47058823529411764,0.7058823529411765,0.3884952344276499,3.7058823529411766,0.10483204738523885
Justin Fields,CHI,QB,15,15,12.8,21.2,149.46666666666667,1.1333333333333333,10.666666666666666,76.2,0.5333333333333333,0,0,0,0,0.7333333333333333,1.0666666666666667,0.38705946535733765,10.733333333333333,0.036061440871801645
D K Metcalf,SEA,WR,17,17,0,0,0,0,0,0,0,8.294117647058824,5.294117647058823,61.64705882352941,0.35294117647058826,0,0.11764705882352941,0.07357273514970636,5.352941176470588,0.013744357115879211
Jerry Jeudy,DEN,WR,15,14,0,0,0,0,0.26666666666666666,2.6666666666666665,0,6.666666666666667,4.466666666666667,64.8,0.4,0,0,0,4.8,0
D J Moore,CAR,WR,17,17,0,0,0,0,0.5882352941176471,3.1176470588235294,0,6.9411764705882355,3.7058823529411766,52.23529411764706,0.4117647058823529,0,0,0,4.352941176470588,0
Kirk Cousins,MIN,QB,17,17,24.941176470588236,37.8235294117647,267.47058823529414,1.7058823529411764,1.8235294117647058,5.705882352941177,0.11764705882352941,0,0,0,0,0.8235294117647058,0.4117647058823529,0.1869163377298546,1.8823529411764706,0.09929930441898527
Evan Engram,JAX,TE,17,14,0,0,0,0,0.11764705882352941,0.7647058823529411,0,5.764705882352941,4.294117647058823,45.05882352941177,0.23529411764705882,0,0,0,4.470588235294118,0
Garrett Wilson,NYJ,WR,17,12,0,0.058823529411764705,0,0,0.23529411764705882,0.23529411764705882,0,8.647058823529411,4.882352941176471,64.88235294117646,0.23529411764705882,0,0.11764705882352941,0.05592567632617695,5.176470588235294,0.010803823835738729
Daniel Jones,NYG,QB,16,16,19.8125,29.5,200.3125,0.9375,7.5,44.25,0.4375,0,0,0,0,0.3125,0.375,0.178263093289689,7.5625,0.023571979277975406
Alvin Kamara,NOR,RB,15,13,0,0,0,0,14.866666666666667,59.8,0.13333333333333333,5.133333333333334,3.8,32.666666666666664,0.13333333333333333,0,0.26666666666666666,0.16676486633933443,18.733333333333334,0.008902039128434222
James Conner,ARI,RB,13,13,0,0,0,0,14.076923076923077,60.15384615384615,0.5384615384615384,4.461538461538462,3.5384615384615383,23.076923076923077,0.07692307692307693,0,0.23076923076923078,0.09816190356288555,17.692307692307693,0.005548281505728314
Leonard Fournette,TAM,RB,16,9,0,0.0625,0,0,11.8125,41.75,0.1875,5.1875,4.5625,32.6875,0.1875,0,0,0,16.4375,0
Jared Goff,DET,QB,17,17,22.470588235294116,34.529411764705884,261.05882352941177,1.7058823529411764,1.7058823529411764,4.294117647058823,0,0.058823529411764705,0.058823529411764705,0.29411764705882354,0,0.4117647058823529,0.4117647058823529,0.204563396553384,1.8235294117647058,0.11217992714217834
Cooper Kupp,LAR,WR,9,9,0,0.1111111111111111,0,0,1,5.777777777777778,0.1111111111111111,10.88888888888889,8.333333333333334,90.22222222222223,0.6666666666666666,0,0.2222222222222222,0.10563738861611201,9.444444444444445,0.01118513526523539
Chris Olave,NOR,WR,15,9,0,0,0,0,0,0,0,7.933333333333334,4.8,69.46666666666667,0.26666666666666666,0,0.13333333333333333,0.08338243316966722,4.866666666666666,0.017133376678698742
Cole Kmet,CHI,TE,17,17,0,0,0,0,0.11764705882352941,0.5294117647058824,0,4.0588235294117645,2.9411764705882355,32,0.4117647058823529,0,0.058823529411764705,0.01913930875132377,3.1176470588235294,0.00613902356174536
Gabriel Davis,BUF,WR,15,15,0,0,0,0,0,0,0,6.2,3.2,55.733333333333334,0.4666666666666667,0,0.06666666666666667,0.04169121658483361,3.2666666666666666,0.012762617321887838
Christian Watson,GNB,WR,14,11,0,0,0,0,0.5,5.714285714285714,0.14285714285714285,4.714285714285714,2.9285714285714284,43.642857142857146,0.5,0,0,0,3.5,0
Justin Herbert,LAC,QB,17,17,28.058823529411764,41.11764705882353,278.7647058823529,1.4705882352941178,3.176470588235294,8.647058823529411,0,0.11764705882352941,0.11764705882352941,-0.5882352941176471,0,0.5882352941176471,0.47058823529411764,0.20605564648117838,3.3529411764705883,0.06145519281017601
Juwan Johnson,NOR,TE,16,12,0,0,0,0,0,0,0,4.0625,2.625,31.75,0.4375,0,0,0,2.6875,0
Chris Godwin,TAM,WR,15,13,0,0,0,0,0.2,0.3333333333333333,0,9.466666666666667,6.933333333333334,68.2,0.2,0,0.13333333333333333,0.08338243316966722,7.2,0.011580893495787113
David Montgomery,CHI,RB,16,16,0,0,0,0,12.5625,50.0625,0.3125,2.5,2.125,19.75,0.0625,0,0.125,0.07817103109656301,14.75,0.005299730921800882
D Andre Swift,DET,RB,14,8,0,0,0,0,7.071428571428571,38.714285714285715,0.35714285714285715,5,3.4285714285714284,27.785714285714285,0.21428571428571427,0,0.07142857142857142,0.023240589198036007,10.571428571428571,0.0021984341133277304
Tyler Allgeier,ATL,RB,16,7,0,0,0,0,13.125,64.6875,0.1875,1.0625,1,8.6875,0.0625,0,0,0,14.1875,0
Michael Pittman,IND,WR,16,16,0,0,0,0,0.1875,1.875,0,8.8125,6.1875,57.8125,0.25,0,0.125,0.05942103109656301,6.4375,0.009230451432475808
Zay Jones,JAX,WR,16,15,0,0,0,0,0.25,1.125,0,7.5625,5.125,51.4375,0.3125,0,0,0,5.4375,0
Dawson Knox,BUF,TE,15,15,0,0,0,0,0,0,0,4.333333333333333,3.2,34.46666666666667,0.4,0,0,0,3.2666666666666666,0
Dallas Goedert,PHI,TE,12,12,0,0,0,0,0,0,0,5.75,4.583333333333333,58.5,0.25,0,0.08333333333333333,0.05211402073104201,4.666666666666667,0.011167290156651858
Tom Brady,TAM,QB,17,17,28.823529411764707,43.11764705882353,276.11764705882354,1.4705882352941178,1.7058823529411764,-0.058823529411764705,0.058823529411764705,0.058823529411764705,0,0,0,0.5294117647058824,0.29411764705882354,0.1662847790507365,1.7647058823529411,0.09422804146208401
Aaron Rodgers,GNB,QB,17,17,20.58823529411765,31.88235294117647,217.35294117647058,1.5294117647058822,2,5.529411764705882,0.058823529411764705,0,0,0,0,0.7058823529411765,0.47058823529411764,0.2237027053047078,2.0588235294117645,0.1086555997194295
Lamar Jackson,BAL,QB,12.000000000000002,12,16.916666666666664,27.166666666666664,186.83333333333331,1.4166666666666665,9.333333333333332,63.66666666666666,0.24999999999999997,0,0,0,0,0.5833333333333333,0.41666666666666663,0.18557010365521004,9.416666666666666,0.019706559680199298
Tua Tagovailoa,MIA,QB,13,13,19.923076923076923,30.76923076923077,272.9230769230769,1.9230769230769231,1.7692307692307692,5.384615384615385,0,0,0,0,0,0.6153846153846154,0.46153846153846156,0.173246884048848,1.8461538461538463,0.093842062193126
Russell Wilson,DEN,QB,15,15,19.466666666666665,32.2,234.93333333333334,1.0666666666666667,3.6666666666666665,18.466666666666665,0.2,0.06666666666666667,0.06666666666666667,0.06666666666666667,0,0.7333333333333333,0.4,0.17014729950900162,3.8,0.04477560513394779
Derek Carr,LVR,QB,15,15,20.333333333333332,33.46666666666667,234.8,1.6,1.6,6.8,0,0,0,0,0,0.9333333333333333,0.26666666666666666,0.08676486633933442,1.6666666666666667,0.05205891980360065
Kyler Murray,ARI,QB,11,11,23.545454545454547,35.45454545454545,215.27272727272728,1.2727272727272727,6.090909090909091,38,0.2727272727272727,0,0,0,0,0.6363636363636364,0.7272727272727273,0.2911769081981848,6.181818181818182,0.047102146914412245
Dak Prescott,DAL,QB,12.000000000000002,12,21.749999999999996,32.83333333333333,238.3333333333333,1.9166666666666663,3.7499999999999996,15.166666666666664,0.08333333333333331,0,0,0,0,1.2499999999999998,0.33333333333333326,0.13345608292416802,3.8333333333333326,0.034814630328043834
Marcus Mariota,ATL,QB,13,13,14.153846153846153,23.076923076923077,170.69230769230768,1.1538461538461537,6.538461538461538,33.69230769230769,0.3076923076923077,0,0,0,0,0.6923076923076923,0.6153846153846154,0.2694573838600025,6.615384615384615,0.04073193011837247
Davis Mills,HOU,QB,15,15,19.466666666666665,31.933333333333334,207.86666666666667,1.1333333333333333,2.1333333333333333,7.2,0.13333333333333333,0,0,0,0,1,0.5333333333333333,0.23352973267866883,2.2,0.10614987849030402
Andy Dalton,NOR,QB,14.000000000000002,14,17.999999999999996,26.999999999999996,205.07142857142856,1.2857142857142856,2.142857142857143,3.8571428571428568,0,0,0,0,0,0.6428571428571428,0.3571428571428571,0.13763151741875146,2.214285714285714,0.062156169156855505
Mac Jones,NWE,QB,14.000000000000002,14,20.57142857142857,31.571428571428566,214.07142857142856,0.9999999999999999,3.3571428571428568,7.285714285714285,0.07142857142857142,0,0,0,0,0.7857142857142856,0.3571428571428571,0.13763151741875146,3.428571428571428,0.04014252591380251
Jacoby Brissett,CLE,QB,12,11,19.666666666666668,30.75,217.33333333333334,1,4.083333333333333,20.25,0.16666666666666666,0,0,0,0,0.5,0.5,0.26268412438625205,4.166666666666667,0.0630441898527005
Jimmy Garoppolo,SFO,QB,10.2,10,20.294117647058826,30.196078431372552,238.921568627451,1.5686274509803924,2.2549019607843137,3.235294117647059,0.19607843137254904,0,0,0,0,0.3921568627450981,0.29411764705882354,0.15452007316838356,2.3529411764705883,0.06567103109656301
Ryan Tannehill,TEN,QB,12.000000000000002,12,17.666666666666664,27.08333333333333,211.33333333333331,1.0833333333333333,2.833333333333333,8.166666666666666,0.16666666666666663,0,0,0,0,0.49999999999999994,0.24999999999999997,0.131342062193126,2.916666666666666,0.04503156418050035
Matt Ryan,IND,QB,12.000000000000002,12,25.749999999999996,38.416666666666664,254.74999999999997,1.1666666666666665,2.2499999999999996,5.833333333333332,0.08333333333333331,0,0,0,0,1.0833333333333333,1.2499999999999998,0.53171031096563,2.333333333333333,0.22787584755669862
Kenny Pickett,PIT,QB,12.200000000000001,12,20.08196721311475,31.88524590163934,197.04918032786884,0.5737704918032787,4.508196721311475,19.42622950819672,0.24590163934426226,0,0,0,0,0.7377049180327868,0.32786885245901637,0.1312682782860669,4.590163934426229,0.028597732055178866
AJ Dillon,GNB,RB,17,3,0,0,0,0,10.941176470588236,45.294117647058826,0.4117647058823529,2.5294117647058822,1.6470588235294117,12.117647058823529,0,0,0.058823529411764705,0.01913930875132377,12.647058823529411,0.0015133406919651353
Jerick McKinnon,KAN,RB,17,0,0,0,0,0,4.235294117647059,17.11764705882353,0.058823529411764705,4.176470588235294,3.2941176470588234,30.11764705882353,0.5294117647058824,0,0.058823529411764705,0.03678636757485318,7.588235294117647,0.004847815881957396
Devin Singletary,BUF,RB,16,16,0,0,0,0,11.0625,51.1875,0.3125,3.25,2.375,17.5,0.0625,0,0.1875,0.1172565466448445,13.5,0.008685670121840334
Raheem Mostert,MIA,RB,16,14,0,0,0,0,11.3125,55.6875,0.1875,2.625,1.9375,12.625,0.125,0,0.0625,0.039085515548281505,13.3125,0.0029360011679460283
Jeff Wilson,2TM,RB,16,7,0,0,0,0,11,53.75,0.3125,2.3125,1.375,11.5625,0.0625,0,0.1875,0.09850654664484451,12.4375,0.007920124353354333
Dameon Pierce,HOU,RB,13,13,0,0,0,0,16.923076923076923,72.23076923076923,0.3076923076923077,3,2.3076923076923075,12.692307692307692,0.07692307692307693,0,0.3076923076923077,0.14626715346846278,19.307692307692307,0.007575589621872575
Cordarrelle Patterson,ATL,RB,13,11,0,0,0,0,11.076923076923077,53.46153846153846,0.6153846153846154,2.3846153846153846,1.6153846153846154,9.384615384615385,0,0,0.07692307692307693,0.048105249905577234,12.76923076923077,0.0037672786070632775
Cam Akers,LAR,RB,15,9,0,0,0,0,12.533333333333333,52.4,0.4666666666666667,1.2,0.8666666666666667,7.8,0,0,0.13333333333333333,0.08338243316966722,13.466666666666667,0.006191764839331724
Latavius Murray,2TM,RB,13,7,0,0,0,0,13.153846153846153,58.46153846153846,0.46153846153846156,2.6923076923076925,2.076923076923077,10.153846153846153,0,0,0.07692307692307693,0.02502832682865416,15.307692307692308,0.0016350163254899702
D Onta Foreman,CAR,RB,17,9,0,0,0,0,11.941176470588236,53.76470588235294,0.29411764705882354,0.5294117647058824,0.29411764705882354,1.5294117647058822,0,0,0.058823529411764705,0.01913930875132377,12.294117647058824,0.001556785879294278
Isiah Pacheco,KAN,RB,17,11,0,0,0,0,10,48.8235294117647,0.29411764705882354,0.8235294117647058,0.7647058823529411,7.647058823529412,0,0,0.23529411764705882,0.1118513526523539,10.823529411764707,0.010334092364619653
Baker Mayfield,2TM,QB,10.4,10,19.326923076923077,32.21153846153846,207.98076923076923,0.9615384615384615,2.980769230769231,8.557692307692307,0.09615384615384615,0,0,0,0,0.7692307692307692,0.8653846153846153,0.33926098451466696,3.0769230769230766,0.11025981996726678
Antonio Gibson,WAS,RB,15,6,0,0,0,0,9.933333333333334,36.4,0.2,3.8666666666666667,3.066666666666667,23.533333333333335,0.13333333333333333,0,0.06666666666666667,0.021691216584833604,13.066666666666666,0.0016600420855740004
Jonathan Taylor,IND,RB,11,11,0,0,0,0,17.454545454545453,78.27272727272727,0.36363636363636365,3.6363636363636362,2.5454545454545454,13,0,0,0.2727272727272727,0.17055497693795563,20.09090909090909,0.008489161748043041
Taylor Heinicke,WAS,QB,9,9,17.88888888888889,28.77777777777778,206.55555555555554,1.3333333333333333,3.111111111111111,10.666666666666666,0.1111111111111111,0,0,0,0,0.6666666666666666,0.7777777777777778,0.41973086015639205,3.2222222222222223,0.1302613014278458
Allen Lazard,GNB,WR,15,15,0,0,0,0,0.13333333333333333,0,0,6.666666666666667,4,52.53333333333333,0.4,0,0,0,4.2,0
George Pickens,PIT,WR,17,12,0,0,0,0,0.17647058823529413,1.411764705882353,0.058823529411764705,4.9411764705882355,3.0588235294117645,47.11764705882353,0.23529411764705882,0,0,0,3.2941176470588234,0
Mike Williams,LAC,WR,13,13,0,0,0,0,0,0,0,7.153846153846154,4.846153846153846,68.84615384615384,0.3076923076923077,0,0,0,4.923076923076923,0
Jakobi Meyers,NWE,WR,14,13,0,0,0,0,0.14285714285714285,-0.7857142857142857,0,6.857142857142857,4.785714285714286,57.42857142857143,0.42857142857142855,0,0.14285714285714285,0.08933832125321486,5,0.017867664250642974
Carson Wentz,WAS,QB,7.200000000000001,7,23.888888888888886,38.33333333333333,243.74999999999997,1.5277777777777775,3.055555555555555,11.944444444444443,0.13888888888888887,0,0,0,0,1.2499999999999998,0.8333333333333333,0.3128068739770866,3.1944444444444438,0.0979221518536967
Curtis Samuel,WAS,WR,17,12,0,0,0,0,2.235294117647059,11,0.058823529411764705,5.411764705882353,3.764705882352941,38.588235294117645,0.23529411764705882,0,0.058823529411764705,0.03678636757485318,6.0588235294117645,0.006071536395849554
Deebo Samuel,SFO,WR,13,12,0,0,0,0,3.230769230769231,17.846153846153847,0.23076923076923078,7.230769230769231,4.3076923076923075,48.61538461538461,0.15384615384615385,0,0.23076923076923078,0.12123882663980863,7.615384615384615,0.015920249962803154
Adam Thielen,MIN,WR,17,17,0,0,0,0,0.058823529411764705,0.23529411764705882,0,6.294117647058823,4.117647058823529,42.11764705882353,0.35294117647058826,0,0,0,4.235294117647059,0
Tyler Boyd,CIN,WR,16,14,0.0625,0.0625,1.4375,0,0,0,0,5.125,3.625,47.625,0.3125,0,0,0,3.6875,0
Khalil Herbert,CHI,RB,13,1,0,0,0,0,9.923076923076923,56.23076923076923,0.3076923076923077,0.9230769230769231,0.6923076923076923,4.384615384615385,0.07692307692307693,0,0,0,10.692307692307692,0
Matthew Stafford,LAR,QB,9,9,22.88888888888889,33.666666666666664,231.88888888888889,1.1111111111111112,1.4444444444444444,1,0.1111111111111111,0,0,0,0,0.8888888888888888,0.5555555555555556,0.28076013820694673,1.5555555555555556,0.18048866027589433
Drake London,ATL,WR,17,15,0,0,0,0,0,0,0,6.882352941176471,4.235294117647059,50.94117647058823,0.23529411764705882,0,0.17647058823529413,0.11035910272455952,4.294117647058823,0.02570006501804811
JuJu Smith Schuster,KAN,WR,16,14,0,0,0,0,0,0,0,6.3125,4.875,58.3125,0.1875,0,0.1875,0.09850654664484451,4.9375,0.019950692991360913
Donovan Peoples Jones,CLE,WR,17,14,0,0,0,0,0.058823529411764705,0.11764705882352941,0,5.647058823529412,3.588235294117647,49.35294117647059,0.17647058823529413,0,0.058823529411764705,0.03678636757485318,3.7058823529411766,0.009926480139246097
Brock Purdy,SFO,QB,5.8,5,19.655172413793103,29.310344827586206,236.89655172413794,2.241379310344828,3.793103448275862,2.241379310344828,0.1724137931034483,0,0,0,0,0.6896551724137931,0,0,3.9655172413793105,0
Samaje Perine,CIN,RB,16,2,0,0,0,0,5.9375,24.625,0.125,3.1875,2.375,17.9375,0.25,0,0,0,8.375,0
Brian Robinson,WAS,RB,12,9,0,0,0,0,17.083333333333332,66.41666666666667,0.16666666666666666,1,0.75,5,0.08333333333333333,0,0.16666666666666666,0.054228041462084015,17.916666666666668,0.0030266813839302706
Keenan Allen,LAC,WR,10,10,0,0,0,0,0.1,0.8,0,8.9,6.6,75.2,0.4,0,0.1,0.0625368248772504,6.8,0.009196591893713295
Zach Wilson,NYJ,QB,9,9,14.666666666666666,26.88888888888889,187.55555555555554,0.6666666666666666,3.111111111111111,11.333333333333334,0.1111111111111111,0.1111111111111111,0.1111111111111111,0.2222222222222222,0.1111111111111111,0.7777777777777778,0.1111111111111111,0.06948536097472267,3.3333333333333335,0.020845608292416804
Mack Hollins,LVR,WR,17,16,0.058823529411764705,0.058823529411764705,0.23529411764705882,0,0.23529411764705882,2.3529411764705883,0,5.529411764705882,3.3529411764705883,40.588235294117645,0.23529411764705882,0,0,0,3.6470588235294117,0
Joshua Palmer,LAC,WR,16,11,0,0,0,0,0.0625,0.25,0,6.6875,4.5,48.0625,0.1875,0,0.0625,0.020335515548281505,4.625,0.004396868226655461
Jahan Dotson,WAS,WR,12,10,0,0,0,0,0.16666666666666666,-0.5833333333333334,0,5.083333333333333,2.9166666666666665,43.583333333333336,0.5833333333333334,0,0,0,3.1666666666666665,0
Breece Hall,NYJ,RB,7,2,0,0,0,0,11.428571428571429,66.14285714285714,0.5714285714285714,4.428571428571429,2.7142857142857144,31.142857142857142,0.14285714285714285,0,0.14285714285714285,0.08933832125321486,14.285714285714286,0.006253682487725041
K J Osborn,MIN,WR,17,9,0,0,0,0,0.17647058823529413,0.35294117647058826,0,5.294117647058823,3.5294117647058822,38.23529411764706,0.29411764705882354,0,0.058823529411764705,0.01913930875132377,3.764705882352941,0.005083878887070376
Diontae Johnson,PIT,WR,17,17,0,0,0,0,0.4117647058823529,1.4705882352941178,0,8.647058823529411,5.0588235294117645,51.88235294117647,0,0,0.058823529411764705,0.01913930875132377,5.529411764705882,0.0034613643486436606
Courtland Sutton,DEN,WR,15,15,0,0,0,0,0.06666666666666667,0.3333333333333333,0,7.266666666666667,4.266666666666667,55.266666666666666,0.13333333333333333,0,0,0,4.4,0
Kareem Hunt,CLE,RB,17,0,0,0,0,0,7.235294117647059,27.529411764705884,0.17647058823529413,2.588235294117647,2.0588235294117645,12.352941176470589,0.058823529411764705,0,0.058823529411764705,0.01913930875132377,9.352941176470589,0.0020463411872484534
Marquise Brown,ARI,WR,12,10,0,0,0,0,0.08333333333333333,0.08333333333333333,0,8.916666666666666,5.583333333333333,59.083333333333336,0.25,0,0.08333333333333333,0.027114020731042007,5.75,0.004715481866268175
Brandin Cooks,HOU,WR,13,13,0,0,0,0,0.15384615384615385,0.5384615384615384,0,7.153846153846154,4.384615384615385,53.76923076923077,0.23076923076923078,0,0,0,4.615384615384615,0
Rachaad White,TAM,RB,17,8,0,0,0,0,7.588235294117647,28.294117647058822,0.058823529411764705,3.411764705882353,2.9411764705882355,17.058823529411764,0.11764705882352941,0,0.17647058823529413,0.11035910272455952,10.588235294117647,0.0104228041462084
DeAndre Hopkins,ARI,WR,9,9,0,0,0,0,0,0,0,10.666666666666666,7.111111111111111,79.66666666666667,0.3333333333333333,0,0.2222222222222222,0.10563738861611201,7.222222222222222,0.01462671534684628
Kenyan Drake,BAL,RB,12,5,0,0,0,0,9.083333333333334,40.166666666666664,0.3333333333333333,2.1666666666666665,1.4166666666666667,7.416666666666667,0.08333333333333333,0,0.08333333333333333,0.027114020731042007,10.583333333333334,0.0025619547147441267
Parris Campbell,IND,WR,17,16,0,0,0,0,0.29411764705882354,3.411764705882353,0,5.352941176470588,3.7058823529411766,36.64705882352941,0.17647058823529413,0,0.058823529411764705,0.01913930875132377,4.0588235294117645,0.004715481866268175
Sam Darnold,CAR,QB,6.000000000000001,6,13.666666666666664,23.33333333333333,190.49999999999997,1.1666666666666665,4.333333333333333,17.666666666666664,0.33333333333333326,0,0,0,0,0.49999999999999994,0.9999999999999999,0.425368248772504,4.499999999999999,0.0945262775050009
Dalton Schultz,DAL,TE,15,15,0,0,0,0,0,0,0,5.933333333333334,3.8,38.46666666666667,0.3333333333333333,0,0.06666666666666667,0.04169121658483361,3.8666666666666667,0.010782211185732828
Deshaun Watson,CLE,QB,6.000000000000001,6,16.499999999999996,28.33333333333333,183.66666666666663,1.1666666666666665,5.999999999999999,29.16666666666666,0.16666666666666663,0,0,0,0,0.8333333333333333,0.16666666666666663,0.05422804146208401,6.166666666666666,0.008793736453310922
Michael Carter,NYJ,RB,16,10,0,0,0,0,7.125,25.125,0.1875,3.375,2.5625,18,0,0,0.125,0.05942103109656301,9.75,0.006094464727852616
James Cook,BUF,RB,16,0,0,0,0,0,5.5625,31.6875,0.125,2,1.3125,11.25,0.0625,0,0.0625,0.039085515548281505,6.9375,0.005633948187139677
Pat Freiermuth,PIT,TE,16,8,0,0,0,0,0,0,0,6.125,3.9375,45.75,0.125,0,0,0,4,0
David Njoku,CLE,TE,14,14,0,0,0,0,0.14285714285714285,-0.5714285714285714,0,5.714285714285714,4.142857142857143,44.857142857142854,0.2857142857142857,0,0.07142857142857142,0.04466916062660743,4.357142857142857,0.010251938504467279
Gerald Everett,LAC,TE,16,11,0,0,0,0,0.0625,0,0,5.4375,3.625,34.6875,0.25,0,0,0,3.75,0
Darius Slayton,NYG,WR,16,11,0,0,0,0,0,0,0,4.4375,2.875,45.25,0.125,0,0.125,0.05942103109656301,2.9375,0.020228436117978896
Clyde Edwards Helaire,KAN,RB,10,6,0,0,0,0,7.1,30.2,0.3,2.3,1.7,15.1,0.3,0,0,0,8.9,0
Jordan Akins,HOU,TE,15,3,0,0,0,0,0,0,0,3.6,2.466666666666667,33,0.3333333333333333,0,0.06666666666666667,0.04169121658483361,2.533333333333333,0.016457059178223793
Tyler Higbee,LAR,TE,17,17,0,0,0,0,0,0,0,6.352941176470588,4.235294117647059,36.470588235294116,0.17647058823529413,0,0,0,4.294117647058823,0
Marquez Valdes Scantling,KAN,WR,17,11,0,0,0,0,0.058823529411764705,-0.17647058823529413,0,4.764705882352941,2.4705882352941178,40.411764705882355,0.11764705882352941,0,0,0,2.588235294117647,0
Devin Duvernay,BAL,WR,14,13,0,0,0,0,0.8571428571428571,6,0.07142857142857142,3.5,2.642857142857143,29.071428571428573,0.21428571428571427,0,0.07142857142857142,0.023240589198036007,3.5714285714285716,0.006507364975450082
Isaiah McKenzie,BUF,WR,15,8,0,0,0,0,0.6,3.6666666666666665,0.06666666666666667,4.333333333333333,2.8,28.2,0.26666666666666666,0,0,0,3.466666666666667,0
James Robinson,2TM,RB,11,5,0,0,0,0,10,38.63636363636363,0.2727272727272727,1.2727272727272727,1,4.636363636363637,0.18181818181818182,0,0.09090909090909091,0.02957893170659128,11.090909090909092,0.0026669528587910172
Richie James,NYG,WR,17,4,0,0,0,0,0.11764705882352941,0.35294117647058826,0,4.117647058823529,3.3529411764705883,33.470588235294116,0.23529411764705882,0,0.17647058823529413,0.11035910272455952,3.5294117647058822,0.0312684124386252
Tyler Conklin,NYJ,TE,17,16,0,0,0,0,0.11764705882352941,0.17647058823529413,0,5.117647058823529,3.411764705882353,32.470588235294116,0.17647058823529413,0,0.11764705882352941,0.03827861750264754,3.588235294117647,0.010667811435164069
J K Dobbins,BAL,RB,8,8,0,0,0,0,11.5,65,0.25,1,0.875,5.25,0.125,0,0,0,12.5,0
Damien Harris,NWE,RB,11,9,0,0,0,0,9.636363636363637,42,0.2727272727272727,2.090909090909091,1.5454545454545454,8.818181818181818,0,0,0,0,11.272727272727273,0
Chuba Hubbard,CAR,RB,15,2,0,0,0,0,6.333333333333333,31.066666666666666,0.13333333333333333,1.1333333333333333,0.9333333333333333,11.4,0,0,0.13333333333333333,0.06338243316966721,7.333333333333333,0.008643059068590983
Mitchell Trubisky,PIT,QB,5.4,5,21.666666666666664,33.33333333333333,231.85185185185185,0.7407407407407407,3.518518518518518,7.037037037037036,0.37037037037037035,0,0,0,0,0.9259259259259258,0,0,3.7037037037037033,0
Noah Fant,SEA,TE,17,16,0,0,0,0,0,0,0,3.7058823529411766,2.9411764705882355,28.58823529411765,0.23529411764705882,0,0,0,3,0
Russell Gage,TAM,WR,13,4,0,0,0,0,0,0,0,5.384615384615385,3.923076923076923,32.76923076923077,0.38461538461538464,0,0.07692307692307693,0.048105249905577234,4,0.012026312476394308
Alexander Mattison,MIN,RB,17,0,0,0,0,0,4.352941176470588,16.647058823529413,0.29411764705882354,1.0588235294117647,0.8823529411764706,5.352941176470588,0.058823529411764705,0,0,0,5.294117647058823,0
Rashid Shaheed,NOR,WR,12,6,0,0,0,0,0.3333333333333333,4.75,0.08333333333333333,2.8333333333333335,2.3333333333333335,40.666666666666664,0.16666666666666666,0,0.08333333333333333,0.027114020731042007,2.75,0.009859643902197094
Noah Brown,DAL,WR,16,13,0,0,0,0,0,0,0,4.625,2.6875,34.6875,0.1875,0,0.0625,0.039085515548281505,2.75,0.014212914744829637
DeVante Parker,NWE,WR,13,11,0,0,0,0,0,0,0,3.6153846153846154,2.3846153846153846,41.46153846153846,0.23076923076923078,0,0,0,2.4615384615384617,0
Marvin Jones,JAX,WR,16,10,0,0,0,0,0,0,0,5.0625,2.875,33.0625,0.1875,0,0,0,2.9375,0
Alec Pierce,IND,WR,16,12,0,0,0,0,0,0,0,4.875,2.5625,37.0625,0.125,0,0.0625,0.020335515548281505,2.625,0.007746863066012002
Olamide Zaccheaus,ATL,WR,17,13,0,0,0,0,0.11764705882352941,0.4117647058823529,0,3.588235294117647,2.3529411764705883,31.352941176470587,0.17647058823529413,0,0.058823529411764705,0.03678636757485318,2.5294117647058822,0.014543447645872188
Zach Ertz,ARI,TE,10,10,0,0,0,0,0,0,0,6.9,4.7,40.6,0.4,0,0,0,4.8,0
Mecole Hardman,KAN,WR,8,5,0,0,0,0,0.5,3.875,0.25,4.25,3.125,37.125,0.5,0,0.125,0.04067103109656301,3.75,0.010845608292416802
Kalif Raymond,DET,WR,17,7,0,0,0,0,0.4117647058823529,2.1176470588235294,0,3.764705882352941,2.764705882352941,36.23529411764706,0,0,0.17647058823529413,0.07506498507750071,3.235294117647059,0.02320190447850022
DJ Chark,DET,WR,11,10,0,0,0,0,0,0,0,4.7272727272727275,2.727272727272727,45.63636363636363,0.2727272727272727,0,0,0,2.8181818181818183,0
Chris Moore,HOU,WR,16,7,0,0,0,0,0.1875,0.1875,0,4.625,3,34.25,0.125,0,0,0,3.25,0
DeAndre Carter,LAC,WR,17,7,0,0,0,0,0.11764705882352941,-0.8823529411764706,0,3.823529411764706,2.7058823529411766,31.647058823529413,0.17647058823529413,0,0.17647058823529413,0.09271204390103013,2.8823529411764706,0.03216540298607168
Corey Davis,NYJ,WR,13,10,0,0,0,0,0,0,0,4.923076923076923,2.4615384615384617,41.23076923076923,0.15384615384615385,0,0,0,2.5384615384615383,0
Michael Gallup,DAL,WR,14,11,0,0,0,0,0,0,0,5.285714285714286,2.7857142857142856,30.285714285714285,0.2857142857142857,0,0,0,2.857142857142857,0
Mike Gesicki,MIA,TE,17,1,0,0,0,0,0,0,0,3.0588235294117645,1.8823529411764706,21.294117647058822,0.29411764705882354,0,0,0,1.9411764705882353,0
Josh Reynolds,DET,WR,14,11,0,0,0,0,0,0,0,4.214285714285714,2.7142857142857144,34.214285714285715,0.21428571428571427,0,0,0,2.7857142857142856,0
Eno Benjamin,3TM,RB,15,3,0,0,0,0,5.133333333333334,20.866666666666667,0.13333333333333333,2.2666666666666666,1.6666666666666667,12.866666666666667,0,0,0,0,6.866666666666666,0
Kenneth Gainwell,PHI,RB,17,0,0,0,0,0,3.1176470588235294,14.117647058823529,0.23529411764705882,1.7058823529411764,1.3529411764705883,9.941176470588236,0,0,0,0,4.529411764705882,0
Chigoziem Okonkwo,TEN,TE,17,8,0,0,0,0,0.17647058823529413,0.11764705882352941,0,2.7058823529411766,1.8823529411764706,26.470588235294116,0.17647058823529413,0,0,0,2.1176470588235294,0
Jaylen Warren,PIT,RB,16,0,0,0,0,0,4.8125,23.6875,0.0625,2.0625,1.75,13.375,0,0,0.0625,0.020335515548281505,6.625,0.00306951178087268
Marquise Goodwin,SEA,WR,13,2,0,0,0,0,0.15384615384615385,0.38461538461538464,0,3.230769230769231,2.076923076923077,29.76923076923077,0.3076923076923077,0,0,0,2.3076923076923075,0
Hunter Henry,NWE,TE,17,14,0,0,0,0,0,0,0,3.4705882352941178,2.411764705882353,29.941176470588236,0.11764705882352941,0,0,0,2.4705882352941178,0
Isaiah Hodgins,2TM,WR,10,5,0,0,0,0,0,0,0,4.8,3.7,39.2,0.4,0,0.1,0.0625368248772504,3.8,0.016457059178223793
Robert Woods,TEN,WR,17,15,0,0,0,0,0,0,0,5.352941176470588,3.1176470588235294,31,0.11764705882352941,0,0.058823529411764705,0.03678636757485318,3.176470588235294,0.011580893495787113
Melvin Gordon,DEN,RB,10,6,0,0,0,0,9,31.8,0.2,3.2,2.5,22.3,0,0,0.5,0.22268412438625207,11.6,0.019196907274676902
Darnell Mooney,CHI,WR,12,12,0,0,0,0,0.08333333333333333,0.16666666666666666,0,5.083333333333333,3.3333333333333335,41.083333333333336,0.16666666666666666,0,0,0,3.5,0
Treylon Burks,TEN,WR,11,6,0,0,0,0,0.36363636363636365,4.2727272727272725,0,4.909090909090909,3,40.36363636363637,0.09090909090909091,0,0,0,3.4545454545454546,0
Greg Dortch,ARI,WR,16,4,0,0,0,0,0.4375,2.75,0,4,3.25,29.1875,0.125,0,0.0625,0.039085515548281505,3.75,0.010422804146208402
Nico Collins,HOU,WR,10,7,0,0,0,0,0,0,0,6.6,3.7,48.1,0.2,0,0,0,3.8,0
Romeo Doubs,GNB,WR,13,7,0,0,0,0,0.07692307692307693,0.8461538461538461,0,5.153846153846154,3.230769230769231,32.69230769230769,0.23076923076923078,0,0.15384615384615385,0.07313357673423139,3.3846153846153846,0.021607647671477458
Chase Claypool,2TM,WR,15,11,0.06666666666666667,0.06666666666666667,0.06666666666666667,0.06666666666666667,0.6,3.933333333333333,0,5.266666666666667,3.066666666666667,30.066666666666666,0.06666666666666667,0,0.06666666666666667,0.04169121658483361,3.7333333333333334,0.011167290156651858
Gus Edwards,BAL,RB,9,4,0,0,0,0,9.666666666666666,48.111111111111114,0.3333333333333333,0.2222222222222222,0,0,0,0,0.1111111111111111,0.06948536097472267,9.777777777777779,0.007106457372414819
Robert Tonyan,GNB,TE,17,3,0,0,0,0,0,0,0,3.9411764705882355,3.1176470588235294,27.647058823529413,0.11764705882352941,0,0,0,3.176470588235294,0
Chase Edmonds,2TM,RB,13,3,0,0,0,0,5.230769230769231,18.846153846153847,0.15384615384615385,1.8461538461538463,1.2307692307692308,12.076923076923077,0.07692307692307693,0,0,0,6.538461538461538,0
Nick Westbrook Ikhine,TEN,WR,17,13,0,0,0,0,0,0,0,2.9411764705882355,1.4705882352941178,23.352941176470587,0.17647058823529413,0,0,0,1.5294117647058822,0
Darrell Henderson,LAR,RB,10,7,0,0,0,0,7,28.3,0.3,2.2,1.7,10.2,0,0,0,0,8.8,0
Cooper Rush,DAL,QB,5.8,5,16.20689655172414,27.931034482758623,181.20689655172416,0.8620689655172414,1.5517241379310345,1.0344827586206897,0,0,0,0,0,0.5172413793103449,0.3448275862068966,0.11219594785258762,1.7241379310344829,0.06507364975450082
Darren Waller,LVR,TE,9,6,0,0,0,0,0,0,0,4.777777777777778,3.111111111111111,43.111111111111114,0.3333333333333333,0,0,0,3.2222222222222223,0
Mike White,NYJ,QB,4,4,25.75,43.75,298,0.75,1.5,2.25,0.25,0,0,0,0,1,0.5,0.23768412438625203,1.75,0.13581949964928688
Dontrell Hilliard,TEN,RB,12,1,0,0,0,0,1.8333333333333333,12.083333333333334,0,2.1666666666666665,1.75,14.75,0.3333333333333333,0,0,0,3.6666666666666665,0
Austin Hooper,TEN,TE,17,2,0,0,0,0,0,0,0,3.5294117647058822,2.411764705882353,26.11764705882353,0.11764705882352941,0,0,0,2.4705882352941178,0
Demarcus Robinson,BAL,WR,17,5,0,0,0,0,0,0,0,4.411764705882353,2.823529411764706,26.941176470588236,0.11764705882352941,0,0.11764705882352941,0.05592567632617695,2.8823529411764706,0.01940278566418384
Deon Jackson,IND,RB,16,2,0,0,0,0,4.25,14.75,0.0625,2.125,1.875,13.0625,0.0625,0,0.0625,0.039085515548281505,6.1875,0.006316850997702061
Van Jefferson,LAR,WR,11,9,0,0,0,0,0,0,0,4,2.1818181818181817,33.54545454545455,0.2727272727272727,0,0,0,2.272727272727273,0
Isaiah Likely,BAL,TE,16,2,0,0,0,0,0,0,0,3.75,2.25,23.3125,0.1875,0,0,0,2.3125,0
Terrace Marshall,CAR,WR,14,9,0,0,0,0,0,0,0,3.357142857142857,2,35,0.07142857142857142,0,0.14285714285714285,0.046481178396072013,2.0714285714285716,0.022439189570517524
Zack Moss,2TM,RB,13,3,0,0,0,0,7.153846153846154,35.07692307692308,0.07692307692307693,1,0.8461538461538461,3,0,0,0.07692307692307693,0.048105249905577234,8.076923076923077,0.005955888083547658
Trent Sherfield,MIA,WR,17,4,0,0,0,0,0,0,0,3,1.7647058823529411,24.529411764705884,0.11764705882352941,0,0,0,1.8235294117647058,0
Kendrick Bourne,NWE,WR,16,2,0,0,0,0,0.375,2.4375,0,3,2.1875,27.125,0.0625,0,0.125,0.04067103109656301,2.625,0.015493726132024004
Will Dissly,SEA,TE,15,15,0,0,0,0,0,0,0,2.533333333333333,2.2666666666666666,23.266666666666666,0.2,0,0,0,2.3333333333333335,0
Greg Dulcich,DEN,TE,10,6,0,0,0,0,0,0,0,5.5,3.3,41.1,0.2,0,0,0,3.4,0
Hayden Hurst,CIN,TE,13,13,0,0,0,0,0,0,0,5.230769230769231,4,31.846153846153847,0.15384615384615385,0,0,0,4.076923076923077,0
Foster Moreau,LVR,TE,15,14,0,0,0,0,0,0.13333333333333333,0,3.6,2.2,28,0.13333333333333333,0,0.06666666666666667,0.04169121658483361,2.2666666666666666,0.01839318378742659
Allen Robinson,LAR,WR,10,10,0,0,0,0,0,0,0,5.2,3.3,33.9,0.3,0,0,0,3.4,0
Quez Watkins,PHI,WR,17,8,0,0,0,0,0.17647058823529413,0.058823529411764705,0,3,1.9411764705882353,20.823529411764707,0.17647058823529413,0,0.058823529411764705,0.03678636757485318,2.176470588235294,0.01690184456141903
Nyheim Hines,2TM,RB,16,5,0,0,0,0,1.5,2.0625,0.0625,2.3125,1.875,15.0625,0.0625,0,0.125,0.04067103109656301,3.4375,0.011831572682636512
Joshua Kelley,LAC,RB,13,1,0,0,0,0,5.3076923076923075,22.076923076923077,0.15384615384615385,1.9230769230769231,1.0769230769230769,7.769230769230769,0,0,0,0,6.461538461538462,0
Elijah Moore,NYJ,WR,16,9,0,0,0,0,0.3125,0.3125,0,4.0625,2.3125,27.875,0.0625,0,0.0625,0.020335515548281505,2.6875,0.007566703459825677
Cade Otton,TAM,TE,16,11,0,0,0,0,0,0,0,4.0625,2.625,24.4375,0.125,0,0,0,2.6875,0
Jamycal Hasty,JAX,RB,17,0,0,0,0,0,2.7058823529411766,11.411764705882353,0.11764705882352941,1.5294117647058822,1.1764705882352942,7.411764705882353,0.058823529411764705,0,0,0,3.9411764705882355,0
Tyler Huntley,BAL,QB,4.4,4,17.045454545454543,25.454545454545453,149.54545454545453,0.45454545454545453,9.772727272727272,31.136363636363633,0.22727272727272727,0,0,0,0,0.6818181818181818,0.6818181818181818,0.22184198779943454,10,0.022184198779943456
Jelani Woods,IND,TE,15,2,0,0,0,0,0,0,0,2.6666666666666665,1.6666666666666667,20.8,0.2,0,0.06666666666666667,0.021691216584833604,1.7333333333333334,0.01251416341432708
Randall Cobb,GNB,WR,13,3,0,0,0,0,0,0,0,3.8461538461538463,2.6153846153846154,32.07692307692308,0.07692307692307693,0,0.07692307692307693,0.02502832682865416,2.6923076923076925,0.009296235679214402
Joe Flacco,NYJ,QB,4.2,4,26.19047619047619,45.476190476190474,250.23809523809524,1.1904761904761905,0.7142857142857143,1.4285714285714286,0,0,0,-0.7142857142857143,0,0.7142857142857143,1.1904761904761905,0.6730574390148858,0.9523809523809523,0.7067103109656301
Trenton Irwin,CIN,WR,9,2,0,0,0,0,0.1111111111111111,1.2222222222222223,0,2.5555555555555554,1.6666666666666667,25.666666666666668,0.4444444444444444,0,0,0,1.8888888888888888,0
Jauan Jennings,SFO,WR,16,4,0,0,0,0,0,0,0,3.5,2.1875,26,0.0625,0,0.0625,0.020335515548281505,2.25,0.009038006910347335
Rashaad Penny,SEA,RB,5,5,0,0,0,0,11.4,69.2,0.4,1,0.8,3.2,0,0,0.2,0.06507364975450082,12.4,0.005247874980201679
Kyle Pitts,ATL,TE,10,10,0,0,0,0,0,0,0,5.9,2.8,35.6,0.2,0,0,0,2.9,0
Jamal Agnew,JAX,WR,15,0,0,0,0,0,0.8,5.733333333333333,0,2,1.5333333333333334,12.466666666666667,0.2,0,0,0,2.4,0
Rondale Moore,ARI,WR,8,8,0,0,0,0,0.75,-0.625,0,7,5.125,51.75,0.125,0,0,0,6,0
Julio Jones,TAM,WR,10,5,0,0,0,0,0.5,4.5,0,4.3,2.4,29.9,0.2,0,0,0,3,0
Zonovan Knight,NYJ,RB,7,4,0,0,0,0,12.142857142857142,42.857142857142854,0.14285714285714285,2,1.8571428571428572,14.285714285714286,0,0,0.2857142857142857,0.09296235679214403,14.142857142857142,0.006573095934798062
Dante Pettis,CHI,WR,17,7,0,0,0,0,0.11764705882352941,2.176470588235294,0,2.411764705882353,1.1176470588235294,14.411764705882353,0.17647058823529413,0,0.058823529411764705,0.01913930875132377,1.2941176470588236,0.01478946585329564
Laviska Shenault,CAR,WR,13,4,0,0,0,0,0.6923076923076923,5,0.07692307692307693,2.4615384615384617,2.076923076923077,20.923076923076923,0.07692307692307693,0,0,0,2.8461538461538463,0
Brock Wright,DET,TE,17,10,0,0,0,0,0,0,0,1.411764705882353,1.0588235294117647,12.705882352941176,0.23529411764705882,0,0,0,1.1176470588235294,0
Tutu Atwell,LAR,WR,13,4,0,0,0,0,0.6923076923076923,2.6153846153846154,0.07692307692307693,2.6923076923076925,1.3846153846153846,22.923076923076923,0.07692307692307693,0,0,0,2.1538461538461537,0
Daniel Bellinger,NYG,TE,12,11,0,0,0,0,0.08333333333333333,0.16666666666666666,0.08333333333333333,2.9166666666666665,2.5,22.333333333333332,0.16666666666666666,0,0.08333333333333333,0.05211402073104201,2.6666666666666665,0.019542757774140752
Ben Skowronek,LAR,WR,14,11,0,0,0,0,0.07142857142857142,1.2142857142857142,0.07142857142857142,4.357142857142857,2.7857142857142856,26.857142857142858,0,0,0,0,2.9285714285714284,0
Nelson Agholor,NWE,WR,16,7,0,0,0,0,0,0,0,3.3125,1.9375,22.625,0.125,0,0.125,0.07817103109656301,2,0.039085515548281505
Ray Ray McCloud,SFO,WR,17,2,0,0,0,0,0.23529411764705882,4.588235294117647,0.058823529411764705,1.4705882352941178,0.8235294117647058,14.294117647058824,0.058823529411764705,0,0.11764705882352941,0.03827861750264754,1.1176470588235294,0.03424928934447411
Colby Parkinson,SEA,TE,17,2,0,0,0,0,0,0,0,2,1.4705882352941178,18.941176470588236,0.11764705882352941,0,0,0,1.5294117647058822,0
Equanimeous St Brown,CHI,WR,16,16,0,0,0,0,0.375,3.375,0,2.375,1.3125,20.1875,0.0625,0,0.0625,0.020335515548281505,1.75,0.011620294599018003
Tyquan Thornton,NWE,WR,13,9,0,0,0,0,0.23076923076923078,1.2307692307692308,0.07692307692307693,3.4615384615384617,1.6923076923076923,19,0.15384615384615385,0,0,0,2,0
Justin Watson,KAN,WR,17,5,0,0,0,0,0,0,0,2,0.8823529411764706,18.529411764705884,0.11764705882352941,0,0,0,0.9411764705882353,0
Jameis Winston,NOR,QB,3.0000000000000004,3,24.33333333333333,38.33333333333333,285.99999999999994,1.333333333333333,1.6666666666666665,5.333333333333332,0,0,0,0,0,1.6666666666666665,0.9999999999999999,0.325368248772504,1.9999999999999998,0.16268412438625202
Caleb Huntley,ATL,RB,12,0,0,0,0,0,6.333333333333333,30.5,0.08333333333333333,0.16666666666666666,0.16666666666666666,0.25,0,0,0.08333333333333333,0.027114020731042007,6.583333333333333,0.004118585427500052
Hunter Renfrow,LVR,WR,10,1,0,0,0,0,0,0,0,5,3.6,33,0.2,0,0.3,0.1276104746317512,3.7,0.03448931746804087
Jarrett Stidham,LVR,QB,2.6,2,20.384615384615383,31.923076923076923,252.3076923076923,1.5384615384615383,5.384615384615384,32.30769230769231,0,0,0,0,0,1.1538461538461537,1.1538461538461537,0.4908095178144277,5.769230769230769,0.08507364975450081
Noah Gray,KAN,TE,17,8,0,0,0,0,0.058823529411764705,0.058823529411764705,0.058823529411764705,2,1.6470588235294117,17.58823529411765,0.058823529411764705,0,0,0,1.7647058823529411,0
Elijah Mitchell,SFO,RB,5,1,0,0,0,0,9,55.8,0.4,0.8,0.6,1.4,0,0,0,0,9.8,0
Boston Scott,PHI,RB,15,2,0,0,0,0,3.6,14.466666666666667,0.2,0.4,0.3333333333333333,1,0,0,0,0,4,0
Kadarius Toney,2TM,WR,9,4,0,0,0,0,0.7777777777777778,9.11111111111111,0.1111111111111111,2.2222222222222223,1.7777777777777777,19,0.2222222222222222,0,0.1111111111111111,0.06948536097472267,2.6666666666666665,0.026057010365521004
Braxton Berrios,NYJ,WR,17,2,0.058823529411764705,0.058823529411764705,0.11764705882352941,0.058823529411764705,0.5294117647058824,5.352941176470588,0.11764705882352941,1.8823529411764706,1.0588235294117647,8.529411764705882,0,0,0.058823529411764705,0.01913930875132377,1.6470588235294117,0.011620294599018003
Matt Breida,NYG,RB,17,1,0,0,0,0,3.176470588235294,12.941176470588236,0.058823529411764705,1.4705882352941178,1.1764705882352942,6.9411764705882355,0,0,0,0,4.411764705882353,0
Rex Burkhead,HOU,RB,16,0,0,0.0625,0,0,1.625,5,0,3.1875,2.3125,12.75,0.0625,0,0,0,4,0
Shi Smith,CAR,WR,17,6,0,0,0,0,0,0,0,2.411764705882353,1.2941176470588236,17.41176470588235,0.11764705882352941,0,0.23529411764705882,0.09420429382882449,1.3529411764705883,0.06962926065608767
Rashod Bateman,BAL,WR,6,5,0,0,0,0,0,0,0,4.666666666666667,2.5,47.5,0.3333333333333333,0,0.16666666666666666,0.10422804146208402,2.6666666666666665,0.039085515548281505
Damiere Byrd,ATL,WR,14,4,0,0,0,0,0,0,0,1.6428571428571428,0.9285714285714286,19.142857142857142,0.14285714285714285,0,0,0,1,0
Justin Jackson,DET,RB,16,0,0,0,0,0,2.625,10.625,0.0625,1.1875,0.75,6.3125,0.0625,0,0,0,3.4375,0
MyCole Pruitt,ATL,TE,13,4,0,0,0,0,0,0,0,1.6153846153846154,1.2307692307692308,11.538461538461538,0.3076923076923077,0,0,0,1.3076923076923077,0
Desmond Ridder,ATL,QB,4,4,18.25,28.75,177,0.5,4,16,0,0,0,0,0,0,0.75,0.39402618657937805,4.25,0.09271204390103013
P J Walker,CAR,QB,5.2,5,12.115384615384615,20.384615384615383,140.57692307692307,0.5769230769230769,1.1538461538461537,7.5,0,0,0,0,0,0.5769230769230769,0,0,1.346153846153846,0
Bailey Zappe,NWE,QB,2.4000000000000004,2,27.08333333333333,38.33333333333333,325.41666666666663,2.083333333333333,4.166666666666666,0,0,0.41666666666666663,0.41666666666666663,-2.4999999999999996,0,1.2499999999999998,1.6666666666666665,0.9172804146208401,4.999999999999999,0.18345608292416804
Teddy Bridgewater,MIA,QB,2.6,2,18.846153846153847,30.384615384615383,262.6923076923077,1.5384615384615383,1.1538461538461537,10.384615384615385,0,0,0,0,0,1.5384615384615383,0,0,1.5384615384615383,0
A J Green,ARI,WR,15,10,0,0,0,0,0,0,0,3.1333333333333333,1.6,15.733333333333333,0.13333333333333333,0,0,0,1.6666666666666667,0
Logan Thomas,WAS,TE,14,13,0,0,0,0,0,0,0,4.357142857142857,2.7857142857142856,23.071428571428573,0.07142857142857142,0,0,0,2.857142857142857,0
Gardner Minshew,PHI,QB,2.6,2,16.923076923076923,29.23076923076923,255,1.1538461538461537,2.692307692307692,1.1538461538461537,0.3846153846153846,0,0,0,0,1.1538461538461537,1.5384615384615383,0.6159511519576986,3.0769230769230766,0.20018412438625205
Sam Ehlinger,IND,QB,3.2,3,20,31.5625,179.0625,0.9375,5.3125,27.1875,0,0,0,0,0,0.9375,0.625,0.297105155482815,5.625,0.052818694308056004
Mo Alie Cox,IND,TE,17,11,0,0,0,0,0,0,0,1.6470588235294117,1.1176470588235294,11.117647058823529,0.17647058823529413,0,0.058823529411764705,0.03678636757485318,1.1764705882352942,0.0312684124386252
Kyle Juszczyk,SFO,FB,16,12,0,0,0,0,0.4375,1.625,0.0625,1.4375,1.1875,12.5,0.0625,0,0,0,1.6875,0
Jarvis Landry,NOR,WR,9,3,0,0,0,0,0,0,0,4.333333333333333,2.7777777777777777,30.22222222222222,0.1111111111111111,0,0.1111111111111111,0.03615202764138934,2.888888888888889,0.01251416341432708
Michael Thomas,NOR,WR,3,3,0,0,0,0,0,0,0,7.333333333333333,5.333333333333333,57,1,0,0,0,5.666666666666667,0
C J Uzomah,NYJ,TE,15,13,0,0,0,0,0,0,0,1.8,1.4,15.466666666666667,0.13333333333333333,0,0,0,1.4666666666666666,0
Mark Ingram,NOR,RB,10,3,0,0,0,0,6.2,23.3,0.1,1.8,1.6,6.8,0,0,0.2,0.1250736497545008,7.9,0.015832107563860862
Tre Quan Smith,NOR,WR,15,6,0,0,0,0,0,0,0,1.8,1.2666666666666666,18.533333333333335,0.06666666666666667,0,0,0,1.3333333333333333,0
Raheem Blackshear,CAR,RB,13,1,0,0,0,0,1.7692307692307692,5.923076923076923,0.23076923076923078,0.9230769230769231,0.7692307692307693,7.153846153846154,0,0,0.07692307692307693,0.048105249905577234,2.6153846153846154,0.01839318378742659
Trey McBride,ARI,TE,16,13,0,0,0,0,0,0,0,2.4375,1.8125,16.5625,0.0625,0,0.0625,0.020335515548281505,1.875,0.010845608292416802
Colt McCoy,ARI,QB,3.2,3,28.125,41.25,243.75,0.3125,4.375,11.25,0,0,0,0,0,0.9375,0.625,0.20335515548281505,4.6875,0.04338243316966721
Tommy Tremble,CAR,TE,17,4,0,0,0,0,0,0,0,1.8823529411764706,1.1176470588235294,10.235294117647058,0.17647058823529413,0,0.058823529411764705,0.03678636757485318,1.1764705882352942,0.0312684124386252
Robbie Chosen,2TM,WR,16,7,0,0,0,0,0,0,0,2.75,1.25,17.625,0.0625,0,0.0625,0.039085515548281505,1.3125,0.02977944041773829
Phillip Dorsett,HOU,WR,15,4,0,0.06666666666666667,0,0,0,0,0,2.6666666666666665,1.3333333333333333,17.133333333333333,0.06666666666666667,0,0,0,1.4,0
Kendall Hinton,DEN,WR,12,5,0,0,0,0,0.16666666666666666,1.0833333333333333,0,2.75,2,25.916666666666668,0,0,0,0,2.25,0
Jordan Mason,SFO,RB,16,0,0,0,0,0,2.6875,16.125,0.0625,0,0,0,0,0,0,0,2.75,0
Harrison Bryant,CLE,TE,17,9,0,0,0,0,0.058823529411764705,0.47058823529411764,0,2.4705882352941178,1.8235294117647058,14.058823529411764,0.058823529411764705,0,0,0,1.9411764705882353,0
Ty Johnson,NYJ,RB,17,1,0,0,0,0,1.7647058823529411,9.411764705882353,0.058823529411764705,1.411764705882353,0.7058823529411765,5.176470588235294,0,0,0,0,2.5294117647058822,0
Sammy Watkins,2TM,WR,12,5,0,0,0,0,0,0,0,2.25,1.3333333333333333,27.083333333333332,0,0,0.08333333333333333,0.05211402073104201,1.4166666666666667,0.03678636757485318
Kylen Granson,IND,TE,13,4,0,0,0,0,0.07692307692307693,0,0,3.076923076923077,2.3846153846153846,23.23076923076923,0,0,0.07692307692307693,0.02502832682865416,2.5384615384615383,0.009859643902197094
Justice Hill,BAL,RB,15,0,0,0,0,0,3.2666666666666666,17.466666666666665,0,0.8,0.8,3.8666666666666667,0,0,0.13333333333333333,0.06338243316966721,4.133333333333334,0.015334459637822711
Marlon Mack,2TM,RB,8,0,0,0,0,0,2,10.5,0.125,1.25,1,12.375,0.125,0,0,0,3.125,0
Irv Smith,MIN,TE,8,1,0,0,0,0,0,0,0,4.5,3.125,22.75,0.25,0,0.125,0.04067103109656301,3.25,0.01251416341432708
Shane Zylstra,DET,TE,13,2,0,0,0,0,0,0,0,1.1538461538461537,0.8461538461538461,4.615384615384615,0.3076923076923077,0,0,0,0.9230769230769231,0
Ameer Abdullah,LVR,RB,17,0,0,0,0,0,0.23529411764705882,1.1764705882352942,0,1.8823529411764706,1.4705882352941178,12.411764705882353,0.058823529411764705,0,0,0,1.7647058823529411,0
DeeJay Dallas,SEA,RB,15,0,0,0.06666666666666667,0,0,2.3333333333333335,12.4,0,1.2666666666666666,1.1333333333333333,8.4,0,0,0.06666666666666667,0.021691216584833604,3.533333333333333,0.00613902356174536
Jake Ferguson,DAL,TE,16,8,0,0,0,0,0,0,0,1.375,1.1875,10.875,0.125,0,0,0,1.25,0
Peyton Hendershot,DAL,TE,17,2,0,0,0,0,0.058823529411764705,0.11764705882352941,0.058823529411764705,0.9411764705882353,0.6470588235294118,6.0588235294117645,0.11764705882352941,0,0.058823529411764705,0.01913930875132377,0.7647058823529411,0.02502832682865416
J D McKissic,WAS,RB,8,0,0,0,0,0,2.75,11.875,0,5,3.375,21.625,0,0,0,0,6.25,0
Dare Ogunbowale,HOU,RB,17,4,0,0,0,0,2.4705882352941178,7.235294117647059,0.058823529411764705,1.5294117647058822,1.1764705882352942,6.117647058823529,0,0,0,0,3.7058823529411766,0
Wan Dale Robinson,NYG,WR,6,3,0,0,0,0,0.3333333333333333,-0.16666666666666666,0,5.166666666666667,3.8333333333333335,37.833333333333336,0.16666666666666666,0,0,0,4.333333333333333,0
Dyami Brown,WAS,WR,15,0,0,0,0,0,0.06666666666666667,1,0,0.9333333333333333,0.3333333333333333,9.533333333333333,0.13333333333333333,0,0,0,0.4666666666666667,0
Malik Davis,DAL,RB,12,0,0,0,0,0,3.1666666666666665,13.416666666666666,0.08333333333333333,0.5833333333333334,0.5,5.25,0,0,0,0,3.75,0
Ashton Dulin,IND,WR,12,2,0,0,0,0,0.16666666666666666,0.6666666666666666,0,1.8333333333333333,1.25,17.25,0.08333333333333333,0,0,0,1.5,0
KhaDarel Hodge,ATL,WR,17,1,0,0,0,0,0,0,0,1.1764705882352942,0.7647058823529411,11.882352941176471,0.058823529411764705,0,0,0,0.8235294117647058,0
Travis Homer,SEA,RB,10,1,0,0,0,0,1.9,7.4,0,1.8,1.6,15.7,0.1,0,0.1,0.0625368248772504,3.6,0.01737134024368067
O J Howard,HOU,TE,13,10,0,0,0,0,0,0,0,1.7692307692307692,0.7692307692307693,11.153846153846153,0.15384615384615385,0,0,0,0.8461538461538461,0
Velus Jones,CHI,WR,12,2,0,0,0,0,0.75,8.583333333333334,0.08333333333333333,1.1666666666666667,0.5833333333333334,8.916666666666666,0.08333333333333333,0,0.25,0.156342062193126,1.4166666666666667,0.11035910272455952
Josh Oliver,BAL,TE,17,9,0,0,0,0,0,0,0,1.4705882352941178,0.8235294117647058,8.764705882352942,0.11764705882352941,0,0,0,0.8823529411764706,0
Adam Trautman,NOR,TE,15,12,0,0,0,0,0,0,0,1.4666666666666666,1.2,13.8,0.06666666666666667,0,0,0,1.2666666666666666,0
Byron Pringle,CHI,WR,11,4,0,0,0,0,0,0,0,1.4545454545454546,0.9090909090909091,12.272727272727273,0.18181818181818182,0,0,0,1,0
Javonte Williams,DEN,RB,4,4,0,0,0,0,11.75,51,0,5.5,4,19,0,0,0.25,0.15634206219312602,16,0.009771378887070376
Jonnu Smith,NWE,TE,14,8,0,0,0,0,0.07142857142857142,0.35714285714285715,0,2.7142857142857144,1.9285714285714286,17.5,0,0,0.07142857142857142,0.023240589198036007,2.0714285714285716,0.011219594785258762
Durham Smythe,MIA,TE,16,15,0,0,0,0,0.125,0.0625,0.0625,1.25,0.9375,8.0625,0.0625,0,0,0,1.125,0
Gary Brightwell,NYG,RB,17,0,0,0,0,0,1.8235294117647058,8.294117647058824,0.058823529411764705,0.47058823529411764,0.29411764705882354,2.2941176470588234,0,0,0,0,2.176470588235294,0
Connor Heyward,PIT,TE,17,0,0,0,0,0,0.11764705882352941,1.588235294117647,0,1,0.7058823529411765,8.882352941176471,0.058823529411764705,0,0,0,0.8823529411764706,0
Jalen Nailor,MIN,WR,15,0,0,0,0,0,0,0,0,0.8666666666666667,0.6,11.933333333333334,0.06666666666666667,0,0,0,0.6666666666666666,0
Brandon Powell,LAR,WR,17,6,0,0,0,0,1,4.705882352941177,0,1.8823529411764706,1.411764705882353,9.176470588235293,0,0,0.058823529411764705,0.01913930875132377,2.4705882352941178,0.007746863066012002
Khalil Shakir,BUF,WR,14,2,0,0,0,0,0,0,0,1.4285714285714286,0.7142857142857143,11.5,0.07142857142857142,0,0,0,0.7857142857142857,0
Alec Ingold,MIA,FB,17,14,0,0,0,0,0.35294117647058826,0.47058823529411764,0.058823529411764705,1.3529411764705883,0.8823529411764706,6.176470588235294,0.058823529411764705,0,0,0,1.2941176470588236,0
Teagan Quitoriano,HOU,TE,9,6,0,0,0,0,0,0,0,1.5555555555555556,0.7777777777777778,12.555555555555555,0.2222222222222222,0,0,0,0.8888888888888888,0
Amari Rodgers,2TM,WR,16,1,0,0,0,0,0.125,0.4375,0,1.5625,1,12.75,0.0625,0,0.375,0.15951309328968902,1.1875,0.13432681540184338
Marquez Callaway,NOR,WR,14,3,0,0,0,0,0,0,0,2.2857142857142856,1.1428571428571428,11.285714285714286,0.07142857142857142,0,0,0,1.2142857142857142,0
River Cracraft,MIA,WR,11,0,0,0,0,0,0,0,0,1.2727272727272727,0.8181818181818182,9.272727272727273,0.18181818181818182,0,0,0,0.9090909090909091,0
Craig Reynolds,DET,RB,9,0,0,0,0,0,2.5555555555555554,11.333333333333334,0,1.1111111111111112,1,12.88888888888889,0,0,0,0,3.6666666666666665,0
Kyren Williams,LAR,RB,10,0,0,0,0,0,3.5,13.9,0,1.2,0.9,7.6,0,0,0,0,4.5,0
David Bell,CLE,WR,16,3,0,0,0,0,0,0,0,2.1875,1.5,13.375,0,0,0,0,1.5625,0
Joshua Dobbs,TEN,QB,2,2,20,34,205.5,1,4,22,0,0,0,0,0,1,2,0.9507364975450081,4.5,0.21127477723222401
Jody Fortson,KAN,TE,13,1,0,0,0,0,0,0,0,1,0.6923076923076923,8.307692307692308,0.15384615384615385,0,0.07692307692307693,0.048105249905577234,0.7692307692307693,0.0625368248772504
C J Ham,MIN,FB,17,4,0,0,0,0,0.23529411764705882,0.4117647058823529,0.11764705882352941,0.7058823529411765,0.5882352941176471,5.0588235294117645,0,0,0,0,0.8823529411764706,0
Marcedes Lewis,GNB,TE,17,17,0,0,0,0,0,0,0,0.4117647058823529,0.35294117647058826,3.8823529411764706,0.11764705882352941,0,0,0,0.4117647058823529,0
Skyy Moore,KAN,WR,16,3,0,0,0,0,0.1875,1.5,0,2.0625,1.375,15.625,0,0,0.1875,0.1172565466448445,1.625,0.07215787485836585
Zach Pascal,PHI,WR,17,2,0,0,0,0,0.058823529411764705,0,0,1.1176470588235294,0.8823529411764706,8.823529411764707,0.058823529411764705,0,0,0,1,0
Eric Saubert,DEN,TE,17,6,0,0,0,0,0,0,0,1.411764705882353,0.8823529411764706,8.705882352941176,0.058823529411764705,0,0,0,0.9411764705882353,0
Sterling Shepard,NYG,WR,3,2,0,0,0,0,0,0,0,8,4.333333333333333,51.333333333333336,0.3333333333333333,0,0,0,4.666666666666667,0
Davis Webb,NYG,QB,1,1,23,40,168,1,6,41,1,0,0,0,0,0,0,0,7,0
Avery Williams,ATL,RB,17,3,0,0,0,0,1.2941176470588236,6.411764705882353,0.058823529411764705,0.8235294117647058,0.7647058823529411,3.588235294117647,0,0,0.058823529411764705,0.03678636757485318,2.1176470588235294,0.01737134024368067
Mike Boone,DEN,RB,9,0,0,0,0,0,2.6666666666666665,11.333333333333334,0,1.6666666666666667,1,10.666666666666666,0,0,0,0,3.7777777777777777,0
Keelan Cole,LVR,WR,14,3,0,0,0,0,0,0,0,1.5,0.7142857142857143,10.071428571428571,0.07142857142857142,0,0.07142857142857142,0.023240589198036007,0.7857142857142857,0.02957893170659128
Johnny Mundt,MIN,TE,17,12,0,0,0,0,0,0,0,1.2352941176470589,1.1176470588235294,8.235294117647058,0.058823529411764705,0,0,0,1.1764705882352942,0
Pierre Strong,NWE,RB,15,0,0,0,0,0,0.6666666666666666,6.666666666666667,0.06666666666666667,0.4666666666666667,0.4666666666666667,2.8,0,0,0,0,1.2,0
Ian Thomas,CAR,TE,17,17,0,0,0,0,0,0,0,1.7647058823529411,1.2352941176470589,11.588235294117647,0,0,0,0,1.2941176470588236,0
Eric Tomlinson,DEN,TE,17,12,0,0,0,0,0,0,0,0.7647058823529411,0.5294117647058824,4.647058823529412,0.11764705882352941,0,0,0,0.5882352941176471,0
Mitchell Wilcox,CIN,TE,16,4,0,0,0,0,0,0,0,1.125,1.0625,8.6875,0.0625,0,0,0,1.125,0
David Blough,ARI,QB,2,2,19,29,201,1,2,2.5,0,0,0,0,0,1,0.5,0.31268412438625204,2.5,0.1250736497545008
Tevin Coleman,SFO,RB,5,0,0,0,0,0,2.4,5.2,0.2,0.6,0.6,8.8,0.2,0,0,0,3.2,0
KJ Hamler,DEN,WR,7,0,0,0,0,0,0.2857142857142857,3.2857142857142856,0,2,1,23.571428571428573,0,0,0,0,1.4285714285714286,0
Scott Miller,TAM,WR,15,1,0,0,0,0,0.06666666666666667,0.5333333333333333,0,2.6666666666666665,1.5333333333333334,12.333333333333334,0,0,0,0,1.6666666666666667,0
Denzel Mims,NYJ,WR,10,4,0,0,0,0,0,0,0,2.5,1.1,18.6,0,0,0,0,1.2,0
Donald Parham,LAC,TE,6,1,0,0,0,0,0,0,0,2,1.6666666666666667,21.666666666666668,0.16666666666666666,0,0,0,1.8333333333333333,0
Jalen Reagor,MIN,WR,17,0,0,0,0,0,0.23529411764705882,1.4705882352941178,0,0.7647058823529411,0.47058823529411764,6.117647058823529,0.058823529411764705,0,0.23529411764705882,0.07655723500529509,0.7647058823529411,0.10011330731461664
Jonathan Williams,WAS,RB,13,2,0,0,0,0,2.8461538461538463,11.692307692307692,0,0.7692307692307693,0.5384615384615384,3.076923076923077,0,0,0,0,3.4615384615384617,0
Malik Willis,TEN,QB,4,3,7.75,15.25,69,0,6.75,30.75,0.25,0,0,0,0,0.75,0.75,0.39402618657937805,7,0.05628945522562544
Brandon Bolden,LVR,RB,16,0,0,0,0,0,1.0625,4.125,0,0.5625,0.5625,3.5625,0.0625,0,0,0,1.6875,0
Malcolm Brown,LAR,RB,11,0,0,0,0,0,1.6363636363636365,7.363636363636363,0.09090909090909091,0.5454545454545454,0.45454545454545453,3.3636363636363638,0,0,0,0,2.1818181818181817,0
Lawrence Cager,2TM,TE,7,4,0,0,0,0,0,0,0,2.7142857142857144,1.8571428571428572,16.857142857142858,0.14285714285714285,0,0,0,2,0
N Keal Harry,CHI,WR,7,0,0,0,0,0,0,0,0,1.2857142857142858,1,16.571428571428573,0.14285714285714285,0,0,0,1.1428571428571428,0
Sam Howell,WAS,QB,1,1,11,19,169,1,5,35,1,0,0,0,0,1,0,0,6,0
Brett Rypien,DEN,QB,2.4000000000000004,2,22.08333333333333,36.666666666666664,201.24999999999997,0.8333333333333333,2.4999999999999996,2.916666666666666,0,0,0,0,0,1.6666666666666665,1.6666666666666665,0.6672804146208401,2.916666666666666,0.22878185644143093
John Bates,WAS,TE,16,7,0,0,0,0,0,0,0,1.375,0.875,6.75,0.0625,0,0.0625,0.020335515548281505,0.9375,0.021691216584833604
Cameron Brate,TAM,TE,11,1,0,0,0,0,0,0,0,3.4545454545454546,1.8181818181818181,15.818181818181818,0,0,0,0,1.9090909090909092,0
Corey Clement,ARI,RB,9,1,0,0,0,0,1.6666666666666667,6.111111111111111,0.1111111111111111,0.7777777777777778,0.5555555555555556,6,0,0,0,0,2.3333333333333335,0
Ross Dwelley,SFO,TE,12,0,0,0,0,0,0,0,0,0.4166666666666667,0.25,8.75,0.08333333333333333,0,0,0,0.3333333333333333,0
James Mitchell,DET,TE,14,0,0,0,0,0,0,0,0,0.7857142857142857,0.7857142857142857,8.071428571428571,0.07142857142857142,0,0,0,0.8571428571428571,0
Steven Sims,PIT,WR,12,2,0,0,0,0,1.0833333333333333,5.833333333333333,0,1.9166666666666667,1.1666666666666667,8.666666666666666,0,0,0.25,0.08134206219312601,2.3333333333333335,0.034860883797054
Benny Snell,PIT,RB,17,0,0,0,0,0,1.1764705882352942,5.294117647058823,0.058823529411764705,0.11764705882352941,0.11764705882352941,1,0,0,0,0,1.3529411764705883,0
Skylar Thompson,MIA,QB,3,2,20,35,178,0.3333333333333333,4.666666666666667,7,0,0,0,0,0,1,0.6666666666666666,0.41691216584833607,5,0.08338243316966722
Darrel Williams,ARI,RB,6,0,0,0,0,0,3.5,17,0.16666666666666666,1.3333333333333333,0.6666666666666666,1.5,0,0,0,0,4.333333333333333,0
Kyle Allen,HOU,QB,2,2,23,39,208,1,3,6.5,0,0,0,0,0,2,2,0.8007364975450082,3.5,0.22878185644143093
Jeff Driskel,HOU,QB,3,2,4.666666666666667,6.666666666666667,36,0.3333333333333333,6.666666666666667,25,0,0.3333333333333333,0.3333333333333333,1.3333333333333333,0,0,0,0,7.333333333333333,0
Sony Michel,LAC,RB,10,0,0,0,0,0,3.6,10.6,0,1.3,0.9,5.3,0,0,0,0,4.6,0
Albert Okwuegbunam,DEN,TE,8,1,0,0,0,0,0,0,0,2.25,1.25,11.875,0.125,0,0,0,1.375,0
Hassan Haskins,TEN,RB,15,1,0,0,0,0,1.6666666666666667,6.2,0,0.8,0.7333333333333333,3.8,0,0,0,0,2.466666666666667,0
DeSean Jackson,BAL,WR,7,1,0,0,0,0,0,0,0,2.4285714285714284,1.2857142857142858,21.857142857142858,0,0,0,0,1.4285714285714286,0
Ronald Jones,KAN,RB,6,0,0,0,0,0,2.8333333333333335,11.666666666666666,0.16666666666666666,0.16666666666666666,0.16666666666666666,3.6666666666666665,0,0,0,0,3.1666666666666665,0
Bryce Perkins,LAR,QB,1.8,1,10.555555555555555,18.88888888888889,89.44444444444444,0.5555555555555556,10.555555555555555,50,0,0,0,0,0,1.1111111111111112,0,0,11.11111111111111,0
Anthony Schwartz,CLE,WR,11,1,0,0,0,0,0.36363636363636365,5.181818181818182,0.09090909090909091,0.9090909090909091,0.36363636363636365,4.636363636363637,0,0,0.09090909090909091,0.05685165897931855,0.8181818181818182,0.06948536097472267
Derek Watt,PIT,FB,17,3,0,0,0,0,0.5294117647058824,1.2352941176470589,0.058823529411764705,0.29411764705882354,0.29411764705882354,0.6470588235294118,0.058823529411764705,0,0,0,0.8823529411764706,0
John Wolford,LAR,QB,3.0000000000000004,3,12.666666666666664,20.666666666666664,129.99999999999997,0.33333333333333326,2.666666666666666,10.666666666666664,0,0,0,0,0,0.9999999999999999,0.9999999999999999,0.425368248772504,2.9999999999999996,0.14178941625750136
Dan Arnold,JAX,TE,17,0,0,0,0,0,0,0,0,0.7647058823529411,0.5294117647058824,7.9411764705882355,0,0,0,0,0.5882352941176471,0
Kenny Golladay,NYG,WR,12,4,0,0,0,0,0,0,0,1.4166666666666667,0.5,6.75,0.08333333333333333,0,0,0,0.5833333333333334,0
Zander Horvath,LAC,FB,15,2,0,0,0,0,0.26666666666666666,0.5333333333333333,0,0.5333333333333333,0.3333333333333333,0.5333333333333333,0.13333333333333333,0,0,0,0.6666666666666666,0
Keaontay Ingram,ARI,RB,12,0,0,0,0,0,2.25,5,0.08333333333333333,0.4166666666666667,0.3333333333333333,1.75,0,0,0,0,2.6666666666666665,0
Tom Kennedy,DET,WR,7,1,0,0,0,0,0,0,0,2.142857142857143,1.1428571428571428,20.142857142857142,0,0,0,0,1.2857142857142858,0
Ko Kieft,TAM,TE,17,12,0,0,0,0,0,0,0,0.5882352941176471,0.4117647058823529,4.705882352941177,0.058823529411764705,0,0,0,0.47058823529411764,0
Breshad Perriman,TAM,WR,11,3,0,0,0,0,0.18181818181818182,-0.6363636363636364,0,1.7272727272727273,0.8181818181818182,10,0.09090909090909091,0,0.18181818181818182,0.08643059068590983,1.0909090909090908,0.07922804146208401
Samori Toure,GNB,WR,11,2,0,0,0,0,0,0,0,0.9090909090909091,0.45454545454545453,7.454545454545454,0.09090909090909091,0,0.09090909090909091,0.02957893170659128,0.5454545454545454,0.054228041462084015
Jameson Williams,DET,WR,6,0,0,0,0,0,0.16666666666666666,6.666666666666667,0,1.5,0.16666666666666666,6.833333333333333,0.16666666666666666,0,0,0,0.5,0
Cedrick Wilson,MIA,WR,15,0,0,0,0,0,0.06666666666666667,0.5333333333333333,0,1.2,0.8,9.066666666666666,0,0,0,0,0.9333333333333333,0
Salvon Ahmed,MIA,RB,12,0,0,0,0,0,1,5.333333333333333,0.08333333333333333,0.08333333333333333,0.08333333333333333,0.6666666666666666,0,0,0,0,1.1666666666666667,0
Royce Freeman,HOU,RB,4,1,0,0,0,0,10.25,29.25,0,2,1.5,8.25,0,0,0.25,0.15634206219312602,12,0.013028505182760502
Zach Gentry,PIT,TE,17,13,0,0,0,0,0,0,0,1.3529411764705883,1.1176470588235294,7.764705882352941,0,0,0,0,1.1764705882352942,0
Reggie Gilliam,BUF,FB,15,4,0,0,0,0,0,0,0,0.6666666666666666,0.5333333333333333,4.6,0.06666666666666667,0,0,0,0.6,0
Tanner Hudson,NYG,TE,11,0,0,0,0,0,0,0,0,1.3636363636363635,0.9090909090909091,12,0,0,0,0,1,0
Brevin Jordan,HOU,TE,11,3,0,0,0,0,0,0,0,2.5454545454545454,1.2727272727272727,11.636363636363637,0,0,0,0,1.3636363636363635,0
Chris Myarick,NYG,FB,16,8,0,0,0,0,0,0,0,0.5,0.4375,4.0625,0.0625,0,0,0,0.5,0
Jeff Smith,NYJ,WR,11,0,0,0,0,0,0,0,0,1,0.7272727272727273,12.181818181818182,0,0,0,0,0.8181818181818182,0
Pharaoh Brown,2TM,TE,16,8,0,0,0,0,0,0,0,1.25,0.75,7.3125,0,0,0,0,0.8125,0
T Y Hilton,DAL,WR,3,0,0,0,0,0,0,0,0,3.3333333333333335,2.3333333333333335,40.333333333333336,0,0,0,0,2.6666666666666665,0
Trey Lance,SFO,QB,2,2,7.5,15.5,97,0,8,33.5,0,0,0,0,0,0.5,0.5,0.16268412438625204,8.5,0.01913930875132377
Jordan Love,GNB,QB,0.8,0,17.5,26.25,243.75,1.25,1.25,-1.25,0,0,0,0,0,0,0,0,2.5,0
Quintin Morris,BUF,TE,14,1,0,0,0,0,0,0,0,0.7857142857142857,0.5714285714285714,6,0.07142857142857142,0,0.07142857142857142,0.04466916062660743,0.6428571428571429,0.06948536097472267
Nick Mullens,MIN,QB,0.8,0,26.25,31.25,280,1.25,5,10,0,0,0,0,0,1.25,0,0,6.25,0
Jack Stoll,PHI,TE,17,11,0,0,0,0,0,0,0,0.8235294117647058,0.6470588235294118,7.235294117647059,0,0,0,0,0.7058823529411765,0
Geoff Swaim,TEN,TE,17,13,0,0,0,0,0,0,0,0.9411764705882353,0.7058823529411765,3.411764705882353,0.058823529411764705,0,0,0,0.7647058823529411,0
Jalen Virgil,DEN,WR,9,1,0,0,0,0,0,0,0,0.5555555555555556,0.2222222222222222,8.333333333333334,0.1111111111111111,0,0.1111111111111111,0.06948536097472267,0.3333333333333333,0.20845608292416803
Josiah Deguara,GNB,TE,17,3,0,0,0,0,0,0,0,0.8823529411764706,0.7647058823529411,6.705882352941177,0,0,0,0,0.8235294117647058,0
Kevin Harris,NWE,RB,5,1,0,0,0,0,3.6,10.4,0.2,0,0,0,0,0,0,0,3.8,0
Brycen Hopkins,LAR,TE,14,1,0,0,0,0,0,0,0,0.7857142857142857,0.5,7.785714285714286,0,0,0,0,0.5714285714285714,0
David Sills,NYG,WR,9,5,0,0,0,0,0,0,0,1.8888888888888888,1.2222222222222223,11.777777777777779,0,0,0,0,1.3333333333333333,0
Tyrod Taylor,NYG,QB,0.6000000000000001,0,9.999999999999998,13.333333333333332,96.66666666666666,1.6666666666666665,8.333333333333332,116.66666666666664,0,0,0,0,0,1.6666666666666665,3.333333333333333,1.58456082924168,9.999999999999998,0.15845608292416802
John Brown,BUF,WR,3,0,0,0,0,0,0,0,0,0.6666666666666666,0.3333333333333333,14,0.3333333333333333,0,0,0,0.6666666666666666,0
Snoop Conner,JAX,RB,8,0,0,0,0,0,1.5,5.25,0.125,0,0,0,0,0,0,0,1.625,0
Tyrion Davis Price,SFO,RB,6,0,0,0,0,0,5.666666666666667,16.5,0,0.3333333333333333,0,0,0,0,0,0,5.833333333333333,0
Chris Evans,CIN,RB,12,0,0,0,0,0,0,0,0,0.3333333333333333,0.25,3.1666666666666665,0.08333333333333333,0,0,0,0.3333333333333333,0
Darrynton Evans,CHI,RB,6,0,0,0,0,0,2.3333333333333335,10.666666666666666,0,0.16666666666666666,0.16666666666666666,5.5,0,0,0,0,2.6666666666666665,0
Anthony Firkser,ATL,TE,11,1,0,0,0,0,0,0,0,1.1818181818181819,0.8181818181818182,9.090909090909092,0,0,0,0,0.9090909090909091,0
Marcus Johnson,NYG,WR,14,7,0,0,0,0,0,0,0,1.5714285714285714,0.6428571428571429,7.071428571428571,0,0,0,0,0.7142857142857143,0
Dax Milne,WAS,WR,15,1,0,0,0,0,0,0,0,0.4666666666666667,0.4,2.466666666666667,0.06666666666666667,0,0.06666666666666667,0.021691216584833604,0.4666666666666667,0.046481178396072013
Kene Nwangwu,MIN,RB,17,0,0,0,0,0,0.5294117647058824,0.8235294117647058,0,0.11764705882352941,0.11764705882352941,1.2352941176470589,0,0,0,0,0.7058823529411765,0
Giovanni Ricci,CAR,FB,15,3,0,0,0,0,0,0,0,0.6,0.5333333333333333,6.666666666666667,0,0,0,0,0.6,0
Trevor Siemian,CHI,QB,1.2000000000000002,1,12.499999999999998,21.666666666666664,153.33333333333331,0.8333333333333333,3.333333333333333,6.666666666666666,0,0,0,0,0,0.8333333333333333,0,0,4.166666666666666,0
Michael Bandy,LAC,WR,10,2,0,0,0,0,0,0,0,2.1,1,8.9,0,0,0,0,1.1,0
Parker Hesse,ATL,TE,17,7,0,0,0,0,0,0,0,0.6470588235294118,0.5294117647058824,5.235294117647059,0,0,0,0,0.5882352941176471,0
Phillip Lindsay,IND,RB,3,0,0,0,0,0,5,16.333333333333332,0,2.6666666666666665,2,6.333333333333333,0,0,0,0,7.333333333333333,0
Trace McSorley,ARI,QB,2,1,22.5,41.5,206,0,7.5,30.5,0,0,0,0,0,2.5,1,0.6253682487725041,8,0.07817103109656301
Patrick Ricard,BAL,FB,17,16,0,0,0,0,0.4117647058823529,0.9411764705882353,0,0.7647058823529411,0.6470588235294118,4.352941176470588,0,0,0,0,1.1176470588235294,0
Armani Rogers,WAS,TE,11,3,0,0,0,0,0.18181818181818182,2.3636363636363638,0,0.5454545454545454,0.45454545454545453,5.818181818181818,0,0,0,0,0.7272727272727273,0
Kyle Rudolph,TAM,TE,9,0,0,0,0,0,0,0,0,0.5555555555555556,0.3333333333333333,3.111111111111111,0.1111111111111111,0,0,0,0.4444444444444444,0
Cam Sims,WAS,WR,17,3,0,0,0,0,0,0,0,1.0588235294117647,0.47058823529411764,5.235294117647059,0,0,0,0,0.5294117647058824,0
Chris Streveler,NYJ,QB,1.2000000000000002,1,8.333333333333332,12.499999999999998,74.99999999999999,0,7.499999999999999,44.99999999999999,0,0,0,0,0,0,0.8333333333333333,0.27114020731042004,8.333333333333332,0.03253682487725041
Jordan Wilkins,IND,RB,4,0,0,0,0,0,3.25,14.5,0,2,1.5,7.25,0,0,0,0,5,0
Tyler Badie,DEN,RB,1,0,0,0,0,0,1,0,0,1,1,24,1,0,0,0,3,0
Blake Bell,KAN,TE,3,1,0,0,0,0,0,0,0,0.6666666666666666,0.6666666666666666,6.666666666666667,0.3333333333333333,0,0,0,1,0
Grant Calcaterra,PHI,TE,15,2,0,0,0,0,0,0,0,0.6,0.3333333333333333,5.4,0,0,0,0,0.4,0
Chase Daniel,LAC,QB,0.8,0,10,15,65,1.25,1.25,5,0,0,0,0,0,0,0,0,2.5,0
Brandon Johnson,DEN,WR,7,1,0,0,0,0,0,0,0,2,0.8571428571428571,6,0.14285714285714285,0,0.14285714285714285,0.08933832125321486,1,0.08933832125321486
Jaret Patterson,WAS,RB,3,0,0,0,0,0,5.666666666666667,26,0,0.3333333333333333,0,0,0,0,0,0,6,0
Nathan Peterman,CHI,QB,1.4000000000000001,1,9.999999999999998,17.857142857142854,99.28571428571428,0.7142857142857142,1.4285714285714284,4.999999999999999,0,0,0,0,0,0.7142857142857142,0,0,2.142857142857143,0
Andrew Beck,DEN,TE,13,4,0,0,0,0,0.15384615384615385,0,0,0.8461538461538461,0.38461538461538464,5.3076923076923075,0,0,0,0,0.6153846153846154,0
D Wayne Eskridge,SEA,WR,10,0,0,0,0,0,0.2,1,0,1.3,0.7,5.8,0,0,0,0,1,0
Tyler Mabry,SEA,TE,2,0,0,0,0,0,0,0,0,0.5,0.5,3.5,0.5,0,0,0,1,0
Tre McKitty,LAC,TE,17,8,0,0,0,0,0,0,0,1.0588235294117647,0.5882352941176471,4.235294117647059,0,0,0.058823529411764705,0.01913930875132377,0.6470588235294118,0.02957893170659128
Ty Montgomery,NWE,WR,1,0,0,0,0,0,2,-2,0,4,3,15,1,0,0,0,6,0
Gunner Olszewski,PIT,WR,16,2,0,0,0,0,0.5,2.4375,0,0.4375,0.3125,3.3125,0,0,0.125,0.05942103109656301,0.875,0.06790974982464344
Freddie Swain,2TM,WR,4,1,0,0,0,0,0,0,0,1.5,1,18.5,0,0,0.25,0.08134206219312602,1.25,0.06507364975450082
Ke Shawn Vaughn,TAM,RB,15,0,0,0,0,0,1.1333333333333333,3.533333333333333,0,0.26666666666666666,0.2,1.2666666666666666,0,0,0,0,1.4,0
Kevin White,NOR,WR,7,2,0,0,0,0,0,0,0,0.7142857142857143,0.2857142857142857,10.571428571428571,0,0,0,0,0.42857142857142855,0
Zamir White,LVR,RB,14,0,0,0,0,0,1.2142857142857142,5,0,0,0,0,0,0,0,0,1.2857142857142858,0
Anthony Brown,BAL,QB,1.2000000000000002,1,18.333333333333332,40.83333333333333,251.66666666666663,0,2.4999999999999996,-4.166666666666666,0,0,0,0,0,1.6666666666666665,0.8333333333333333,0.52114020731042,3.333333333333333,0.15634206219312602
Jamison Crowder,BUF,WR,4,0,0,0,0,0,0,0,0,3.25,1.5,15,0,0,0.25,0.08134206219312602,1.75,0.046481178396072013
Jalen Guyton,LAC,WR,3,0,0,0,0,0,0,0,0,1.3333333333333333,0.6666666666666666,21.333333333333332,0,0,0,0,1,0
Tyler Kroft,SFO,TE,11,4,0,0,0,0,0,0,0,0.45454545454545453,0.36363636363636365,5.181818181818182,0,0,0,0,0.45454545454545453,0
Jake Kumerow,BUF,WR,6,1,0,0,0,0,0,0,0,1.1666666666666667,0.6666666666666666,10.666666666666666,0,0,0,0,0.8333333333333334,0
Mike Strachan,IND,WR,13,0,0,0,0,0,0,0,0,0.6923076923076923,0.23076923076923078,4.538461538461538,0,0,0,0,0.3076923076923077,0
Trent Taylor,CIN,WR,16,1,0,0,0,0,0.25,0.9375,0,0.625,0.375,3.875,0,0,0.125,0.05942103109656301,0.6875,0.08643059068590983
Deven Thompkins,TAM,WR,5,1,0,0,0,0,0.4,5.2,0,2,1,6.4,0,0,0.2,0.06507364975450082,1.6,0.04067103109656301
Mike Thomas,CIN,WR,10,2,0,0,0,0,0,0,0,1,0.2,3.8,0,0,0,0,0.3,0
Nick Vannett,2TM,TE,9,3,0,0,0,0,0,0,0,1,0.6666666666666666,6.111111111111111,0,0,0,0,0.7777777777777778,0
Trayveon Williams,CIN,RB,8,0,0,0,0,0,0.75,3.75,0,0.375,0.25,3.75,0,0,0,0,1.125,0
Andre Baccellia,ARI,WR,8,0,0,0,0,0,0,0,0,1.25,0.875,5.625,0,0,0,0,1,0
Spencer Brown,CAR,RB,2,0,0,0,0,0,4.5,21.5,0,2,1,5,0,0,0,0,6,0
Julius Chestnut,TEN,RB,6,0,0,0,0,0,1.5,2,0,0.5,0.5,6.833333333333333,0,0,0,0,2.1666666666666665,0
Chris Conley,2TM,WR,9,1,0,0,0,0,0,0,0,0.7777777777777778,0.4444444444444444,5.111111111111111,0,0,0,0,0.5555555555555556,0
Blaine Gabbert,TAM,QB,0.2,0,30,40,145,5,0,0,0,0,0,0,0,0,0,0,5,0
Myles Gaskin,MIA,RB,4,0,0,0,0,0,2.5,6.5,0,1.5,1,7,0,0,0,0,3.75,0
Cody Hollister,TEN,WR,11,3,0,0,0,0,0,0,0,0.45454545454545453,0.2727272727272727,4.909090909090909,0,0,0,0,0.36363636363636365,0
David Johnson,NOR,RB,5,0,0,0,0,0,2.4,4.8,0,0.8,0.8,9.4,0,0,0.2,0.1250736497545008,3.4,0.03678636757485318
Tony Jones,2TM,RB,6,0,0,0,0,0,1.6666666666666667,4,0,1.3333333333333333,0.8333333333333334,5,0,0,0,0,2.6666666666666665,0
Charlie Kolar,BAL,TE,2,0,0,0,0,0,0,0,0,3,2,24.5,0,0,0,0,2.5,0
Ronnie Rivers,LAR,RB,8,1,0,0,0,0,1.125,2.625,0,0.625,0.625,3.625,0,0,0,0,1.875,0
Isaiah Spiller,LAC,RB,6,0,0,0,0,0,3,6.833333333333333,0,0.5,0.5,2.1666666666666665,0,0,0,0,3.6666666666666665,0
Stephen Sullivan,CAR,TE,14,0,0,0,0,0,0,0,0,0.42857142857142855,0.14285714285714285,3.2857142857142856,0,0,0,0,0.21428571428571427,0
Patrick Taylor,GNB,RB,14,0,0,0,0,0,0.7142857142857143,2.2142857142857144,0,0.07142857142857142,0.07142857142857142,1.2142857142857142,0,0,0,0,0.8571428571428571,0
Dwayne Washington,NOR,RB,12,0,0,0,0,0,0.9166666666666666,3.1666666666666665,0,0.08333333333333333,0.08333333333333333,0.5833333333333334,0,0,0,0,1.0833333333333333,0
Trevon Wesco,CHI,TE,14,1,0,0,0,0,0,0,0,0.2857142857142857,0.14285714285714285,1.8571428571428572,0,0,0,0,0.21428571428571427,0
Cole Beasley,2TM,WR,4,1,0,0,0,0,0,0,0,1.75,1.5,8.75,0,0,0,0,1.75,0
Kendall Blanton,LAR,TE,4,0,0,0,0,0,0,0,0,0.5,0.5,8.75,0,0,0,0,0.75,0
Trestan Ebner,CHI,RB,17,0,0,0,0,0,1.411764705882353,3.176470588235294,0,0.47058823529411764,0.11764705882352941,0.47058823529411764,0,0,0.11764705882352941,0.05592567632617695,1.588235294117647,0.03521246287203734
Luke Farrell,JAX,TE,17,0,0,0,0,0,0,0,0,0.23529411764705882,0.23529411764705882,2.3529411764705883,0,0,0,0,0.29411764705882354,0
Chris Manhertz,JAX,TE,17,11,0,0,0,0,0,0,0,0.47058823529411764,0.35294117647058826,2.4705882352941178,0,0,0,0,0.4117647058823529,0
Anthony McFarland,PIT,RB,1,0,0,0,0,0,6,30,0,2,2,11,0,0,0,0,9,0
Racey McMath,TEN,WR,5,0,0,0,0,0,0.2,0.8,0,1.6,0.4,8,0,0,0,0,0.8,0
Kyle Philips,TEN,WR,4,0,0,0,0,0,0,0,0,3.25,2,19.5,0,0,0.5,0.31268412438625204,2.25,0.13897072194944535
James Proche,BAL,WR,15,0,0,0.06666666666666667,0,0,0,0,0,1.1333333333333333,0.5333333333333333,4.133333333333334,0,0,0,0,0.6,0
Laquon Treadwell,SEA,WR,6,0,0,0,0,0,0,0,0,1.6666666666666667,1,7,0,0,0,0,1.1666666666666667,0
Michael Woods,CLE,WR,10,0,0,0,0,0,0.1,-0.5,0,1,0.5,4.5,0,0,0,0,0.7,0
Daylen Baldwin,CLE,WR,1,0,0,0,0,0,0,0,0,2,2,25,0,0,0,0,3,0
Giovani Bernard,TAM,RB,8,0,0,0,0,0,1,3.5,0,0.25,0.25,-0.125,0,0,0.125,0.04067103109656301,1.375,0.02957893170659128
Tyrie Cleveland,DEN,WR,6,0,0,0,0,0,0,0,0,1.1666666666666667,0.3333333333333333,4.666666666666667,0,0,0,0,0.5,0
Jaelon Darden,2TM,WR,14,0,0,0,0,0,0.07142857142857142,0.14285714285714285,0,0.14285714285714285,0.14285714285714285,1.8571428571428572,0,0,0,0,0.2857142857142857,0
Tyler Davis,GNB,TE,17,1,0,0,0,0,0,0,0,0.4117647058823529,0.23529411764705882,1.5294117647058822,0,0,0,0,0.29411764705882354,0
Ben Ellefson,MIN,TE,4,1,0,0,0,0,0,0,0,0.75,0.75,6.5,0,0,0,0,1,0
Ryan Griffin,CHI,TE,15,0,0,0,0,0,0,0,0,0.5333333333333333,0.26666666666666666,1.7333333333333334,0,0,0,0,0.3333333333333333,0
Tim Jones,JAX,WR,17,1,0,0,0,0,0,0,0,0.23529411764705882,0.17647058823529413,1.7647058823529411,0,0,0,0,0.23529411764705882,0
Larry Rountree,LAC,RB,4,0,0,0,0,0,3.25,4.75,0,0.5,0.5,3.5,0,0,0,0,4,0
DJ Turner,LVR,WR,9,0,0,0,0,0,0.4444444444444444,2.888888888888889,0,0.1111111111111111,0,0,0,0,0.1111111111111111,0.03615202764138934,0.5555555555555556,0.06507364975450082
Tylan Wallace,BAL,WR,9,0,0,0,0,0,0,0,0,0.7777777777777778,0.4444444444444444,3.6666666666666665,0,0,0,0,0.5555555555555556,0
Jonathan Ward,2TM,RB,8,0,0,0,0,0,0.625,3.125,0,0.375,0.25,0.875,0,0,0,0,1,0
Michael Burton,KAN,FB,17,0,0,0,0,0,0.29411764705882354,0.4117647058823529,0,0.17647058823529413,0.11764705882352941,0.6470588235294118,0,0,0,0,0.47058823529411764,0
Quintez Cephus,DET,WR,4,1,0,0,0,0,0,0,0,0.75,0.5,3.75,0,0,0,0,0.75,0
Ty Chandler,MIN,RB,3,0,0,0,0,0,2,6.666666666666667,0,0,0,0,0,0,0,0,2.3333333333333335,0
Pharoh Cooper,ARI,WR,5,1,0,0,0,0,0.8,3,0,0.4,0.4,1.2,0,0,0,0,1.4,0
Frank Darby,ATL,WR,5,0,0,0,0,0,0,0,0,0.2,0.2,3,0,0,0,0,0.4,0
Mike Davis,BAL,RB,8,0,0,0,0,0,1,2.25,0,0.25,0.25,0.5,0,0,0.125,0.04067103109656301,1.375,0.02957893170659128
Bryan Edwards,ATL,WR,7,1,0,0,0,0,0,0,0,0.7142857142857143,0.42857142857142855,2.142857142857143,0,0,0,0,0.5714285714285714,0
Simi Fehoko,DAL,WR,5,0,0,0,0,0,0,0,0,0.8,0.6,4.8,0,0,0,0,0.8,0
Nick Foles,IND,QB,2.2,2,11.363636363636363,19.09090909090909,101.81818181818181,0,0.9090909090909091,3.6363636363636362,0,0,0,0,0,1.8181818181818181,0,0,1.3636363636363635,0
Danny Gray,SFO,WR,13,0,0,0,0,0,0.07692307692307693,0.6923076923076923,0,0.5384615384615384,0.07692307692307693,0.7692307692307693,0,0,0,0,0.23076923076923078,0
Troy Hairston,HOU,FB,16,5,0,0,0,0,0,0,0,0.5,0.3125,1.1875,0,0,0,0,0.375,0
Penny Hart,SEA,WR,9,0,0,0,0,0,0,0,0,0.4444444444444444,0.3333333333333333,2.2222222222222223,0,0,0,0,0.4444444444444444,0
Jesper Horsted,LVR,TE,15,0,0,0,0,0,0,0,0,0.26666666666666666,0.2,1.2666666666666666,0,0,0,0,0.26666666666666666,0
Dennis Houston,DAL,WR,2,0,0,0,0,0,0,0,0,3,1,8,0,0,0,0,1.5,0
Lil Jordan Humphrey,NWE,WR,6,2,0,0,0,0,0,0,0,0.6666666666666666,0.3333333333333333,3.3333333333333335,0,0,0,0,0.5,0
Andy Isabella,2TM,WR,5,0,0,0,0,0,0.2,0.2,0,1,0.4,4.2,0,0,0,0,0.8,0
Cade Johnson,SEA,WR,3,0,0,0,0,0,0,0,0,1.3333333333333333,0.6666666666666666,7,0,0,0,0,1,0
D Ernest Johnson,CLE,RB,15,0,0,0,0,0,0.26666666666666666,1.1333333333333333,0,0.2,0.2,0.4666666666666667,0,0,0,0,0.5333333333333333,0
Keith Kirkwood,NOR,WR,5,1,0,0,0,0,0,0,0,0.8,0.4,3.6,0,0,0,0,0.6,0
Dezmon Patmon,IND,WR,1,0,0,0,0,0,0,0,0,6,2,24,0,0,0,0,3,0
Adam Prentice,NOR,FB,11,2,0,0,0,0,0.36363636363636365,0.8181818181818182,0,0.2727272727272727,0.2727272727272727,0.8181818181818182,0,0,0.09090909090909091,0.02957893170659128,0.7272727272727273,0.04067103109656301
Trey Sermon,PHI,RB,2,0,0,0,0,0,1,9.5,0,0,0,0,0,0,0,0,1.5,0
Stone Smartt,LAC,TE,7,1,0,0,0,0,0,0,0,0.7142857142857143,0.5714285714285714,2.4285714285714284,0,0,0,0,0.7142857142857143,0
J J Taylor,NWE,RB,1,0,0,0,0,0,10,9,0,1,1,8,0,0,0,0,12,0
Cole Turner,WAS,TE,10,2,0,0,0,0,0,0,0,0.9,0.2,2.3,0,0,0,0,0.3,0
Maxx Williams,ARI,TE,11,1,0,0,0,0,0,0,0,0.2727272727272727,0.2727272727272727,1.6363636363636365,0,0,0,0,0.36363636363636365,0
Juwann Winfree,GNB,WR,3,0,0,0,0,0,0,0,0,1.3333333333333333,0.3333333333333333,5.666666666666667,0,0,0,0,0.6666666666666666,0
Dareke Young,SEA,WR,13,0,0,0,0,0,0,0,0,0.15384615384615385,0.15384615384615385,1.8461538461538463,0,0,0,0,0.23076923076923078,0
Maurice Alexander,DET,WR,4,0,0,0,0,0,0,0,0,0.25,0.25,1.75,0,0,0,0,0.5,0
Brandon Allen,CIN,QB,0.2,0,15,15,110,0,15,-5,0,0,0,0,0,0,0,0,20,0
Stephen Anderson,ARI,TE,16,0,0,0,0,0,0,0,0,0.4375,0.1875,0.5625,0,0,0,0,0.25,0
Devin Asiasi,CIN,TE,12,0,0,0,0,0,0,0,0,0.3333333333333333,0.16666666666666666,0.4166666666666667,0,0,0,0,0.25,0
C J Board,TEN,WR,4,0,0,0,0,0,0,0,0,0.25,0.25,1.5,0,0,0.25,0.08134206219312602,0.5,0.16268412438625204
Reggie Bonnafon,WAS,RB,1,0,0,0,0,0,3,8,0,0,0,0,0,0,0,0,4,0
Miles Boykin,PIT,WR,16,1,0,0,0,0,0,0,0,0.1875,0.125,0.6875,0,0,0,0,0.1875,0
Jason Cabinda,DET,FB,8,2,0,0,0,0,0.125,0.5,0,0.5,0.125,0.625,0,0,0,0,0.375,0
Jalen Camp,HOU,WR,2,0,0,0,0,0,0,0,0,0.5,0.5,3.5,0,0,0,0,1,0
Jerome Ford,CLE,RB,13,0,0,0,0,0,0.6153846153846154,0.9230769230769231,0,0,0,0,0,0,0,0,0.6923076923076923,0
Jacob Harris,LAR,TE,7,0,0,0,0,0,0,0,0,0.14285714285714285,0.14285714285714285,0.8571428571428571,0,0,0,0,0.2857142857142857,0
Kylin Hill,GNB,RB,2,0,0,0,0,0,0.5,3.5,0,0,0,0,0,0,0,0,1,0
Brian Hoyer,NWE,QB,1,1,5,6,37,0,0,0,0,0,0,0,0,0,0,0,1,0
Godwin Igwebuike,SEA,RB,5,0,0,0,0,0,0.6,0.8,0,0.2,0.2,0.6,0,0,0,0,1,0
Jakob Johnson,LVR,FB,17,9,0,0,0,0,0,0,0,0.35294117647058826,0.29411764705882354,0.5882352941176471,0,0,0,0,0.35294117647058826,0
Josh Johnson,SFO,QB,0.4,0,2.5,5,25,0,5,7.5,0,0,0,0,0,0,0,0,7.5,0
Tyron Johnson,2TM,WR,4,1,0,0,0,0,0,0,0,0.25,0.25,2,0,0,0,0,0.5,0
Sean McKeon,DAL,TE,13,0,0,0,0,0,0,0,0,0.23076923076923078,0.15384615384615385,0.8461538461538461,0,0,0,0,0.23076923076923078,0
Jason Moore,LAC,WR,6,0,0,0,0,0,0,0,0,0.3333333333333333,0.16666666666666666,0.8333333333333334,0,0,0,0,0.3333333333333333,0
Devine Ozigbo,DEN,RB,4,0,0,0,0,0,0.75,1,0,0.25,0.25,0.75,0,0,0,0,1.25,0
Jeremy Ruckert,NYJ,TE,9,0,0,0,0,0,0,0,0,0.2222222222222222,0.1111111111111111,0.8888888888888888,0,0,0,0,0.2222222222222222,0
Mason Schreck,HOU,TE,3,1,0,0,0,0,0,0,0,0.6666666666666666,0.6666666666666666,2,0,0,0,0,1,0
Keith Smith,ATL,FB,17,6,0,0,0,0,0.058823529411764705,0.11764705882352941,0,0.11764705882352941,0.058823529411764705,0.47058823529411764,0,0,0,0,0.17647058823529413,0
Tommy Sweeney,BUF,TE,5,0,0,0,0,0,0,0,0,0.2,0.2,1.4,0,0,0,0,0.4,0
Jalen Tolbert,DAL,WR,8,1,0,0,0,0,0,0,0,0.375,0.25,1.5,0,0,0,0,0.375,0
Austin Trammell,LAR,WR,6,0,0,0,0,0,0,0,0,0.6666666666666666,0.3333333333333333,2.1666666666666665,0,0,0,0,0.5,0
Kyle Trask,TAM,QB,0.2,0,15,45,115,0,0,0,0,0,0,0,0,0,0,0,5,0
Montrell Washington,DEN,WR,15,1,0,0,0,0,0.3333333333333333,2,0,0.6,0.26666666666666666,0.13333333333333333,0,0,0.3333333333333333,0.12845608292416805,0.6666666666666666,0.19268412438625207
Nsimba Webster,CHI,WR,2,0,0,0,0,0,0,0,0,1.5,1,7,0,0,0.5,0.16268412438625204,1.5,0.10845608292416803
Ty Son Williams,ARI,RB,1,0,0,0,0,0,0,0,0,1,1,5,0,0,0,0,2,0
Josh Ali,ATL,WR,2,0,0,0,0,0,0,0,0,0.5,0,0,0,0,0,0,0.5,0
Chase Allen,CHI,TE,1,0,0,0,0,0,0,0,0,0,0,0,0,0,0,0,1,0
Alex Armah,WAS,RB,2,0,0,0,0,0,0,0,0,0,0,0,0,0,0,0,0.5,0
Nick Bellore,SEA,FB,16,0,0,0,0,0,0.0625,0.1875,0,0,0,0,0,0,0,0,0.125,0
Trinity Benson,DET,WR,1,0,0,0,0,0,0,0,0,0,0,0,0,0,0,0,1,0
Jared Bernhardt,ATL,WR,2,0,0,0,0,0,0,0,0,0,0,0,0,0,0,0,0.5,0
Stanley Berryhill,DET,WR,4,0,0,0,0,0,0,0,0,0,0,0,0,0,0,0,0.25,0
Khari Blasingame,CHI,FB,16,6,0,0,0,0,0,0,0,0.0625,0,0,0,0,0,0,0.0625,0
Lynn Bowden,NWE,WR,1,0,0,0,0,0,0,0,0,0,0,0,0,0,0,0,1,0
Nick Boyle,BAL,TE,12,0,0,0,0,0,0,0,0,0,0,0,0,0,0,0,0.08333333333333333,0
Brittain Brown,LVR,RB,6,0,0,0,0,0,0,0,0,0,0,0,0,0,0,0,0.16666666666666666,0
Trenton Cannon,TEN,RB,2,0,0,0,0,0,0,0,0,0,0,0,0,0,0,0,0.5,0
Cethan Carter,MIA,TE,1,0,0,0,0,0,0,0,0,0,0,0,0,0,0,0,1,0
Roger Carter,LAR,TE,1,0,0,0,0,0,0,0,0,0,0,0,0,0,0,0,1,0
Tory Carter,TEN,FB,9,3,0,0,0,0,0,0,0,0,0,0,0,0,0,0,0.1111111111111111,0
Dan Chisena,MIN,WR,2,0,0,0,0,0,0,0,0,0,0,0,0,0,0,0,0.5,0
Tanner Conner,MIA,TE,13,0,0,0,0,0,0,0,0,0.23076923076923078,0,0,0,0,0,0,0.07692307692307693,0
Keke Coutee,IND,WR,8,0,0,0,0,0,0,0,0,0.125,0.125,2.5,0,0,0.5,0.20018412438625205,0.25,0.8007364975450082
Britain Covey,PHI,WR,17,0,0,0,0,0,0,0,0,0,0,0,0,0,0.11764705882352941,0.03827861750264754,0.058823529411764705,0.6507364975450082
Rico Dowdle,DAL,RB,5,0,0,0,0,0,0,0,0,0,0,0,0,0,0,0,0.2,0
Jacob Eason,CAR,QB,0.2,0,15,25,295,0,0,0,0,0,0,0,0,5,0,0,5,0
Alex Erickson,WAS,WR,2,0,0,0,0,0,0,0,0,0,0,0,0,0,0,0,0.5,0
Erik Ezukanma,MIA,WR,1,0,0,0,0,0,0,0,0,1,1,3,0,0,0,0,2,0
Demetric Felton,CLE,RB,8,2,0,0,0,0,0.125,-0.5,0,0.5,0.25,1,0,0,0.125,0.04067103109656301,0.5,0.08134206219312602
Ethan Fernea,IND,WR,1,0,0,0,0,0,0,0,0,0,0,0,0,0,0,0,1,0
Dez Fitzpatrick,TEN,WR,1,0,0,0,0,0,0,0,0,0,0,0,0,0,0,0,1,0
Miller Forristall,CLE,TE,4,0,0,0,0,0,0,0,0,0.25,0,0,0,0,0,0,0.25,0
Feleipe Franks,ATL,TE,11,1,0,0,0,0,0.09090909090909091,0,0,0.18181818181818182,0,0,0,0,0,0,0.18181818181818182,0
Jake Funk,2TM,RB,6,0,0,0,0,0,0,0,0,0,0,0,0,0,0,0,0.16666666666666666,0
Kaylon Geiger,TAM,WR,3,0,0,0,0,0,0,0,0,0,0,0,0,0,0,0,0.3333333333333333,0
Tanner Gentry,BUF,WR,3,0,0,0,0,0,0,0,0,0.3333333333333333,0,0,0,0,0,0,0.3333333333333333,0
Josh Gordon,TEN,WR,2,0,0,0,0,0,0,0,0,0.5,0,0,0,0,0,0,0.5,0
Garrett Griffin,DET,TE,1,0,0,0,0,0,0,0,0,0,0,0,0,0,0,0,1,0
Rashard Higgins,CAR,WR,3,0,0,0,0,0,0,0,0,0,0,0,0,0,0,0,0.3333333333333333,0
Jacob Hollister,2TM,TE,5,0,0,0,0,0,0,0,0,0,0,0,0,0,0,0,0.2,0
J P Holtz,NOR,TE,6,2,0,0,0,0,0,0,0,0,0,0,0,0,0,0,0.16666666666666666,0
Jordan Howard,NOR,RB,2,0,0,0,0,0,0.5,0.5,0,0,0,0,0,0,0,0,1,0
Tyree Jackson,PHI,TE,5,0,0,0,0,0,0,0,0,0,0,0,0,0,0,0,0.2,0
Jesse James,CLE,TE,2,0,0,0,0,0,0,0,0,0,0,0,0,0,0,0,0.5,0
Duke Johnson,BUF,RB,1,0,0,0,0,0,2,4,0,0,0,0,0,0,0,0,3,0
Johnny Johnson,HOU,WR,1,0,0,0,0,0,0,0,0,0,0,0,0,0,0,0,1,0
Tyler Johnson,HOU,WR,2,0,0,0,0,0,0,0,0,0,0,0,0,0,0,0,0.5,0
Nikola Kalinic,IND,TE,7,2,0,0,0,0,0,0,0,0,0,0,0,0,0,0,0.14285714285714285,0
Case Keenum,BUF,QB,0.4,0,5,17.5,20,0,12.5,0,0,0,0,0,0,0,0,0,15,0
John Kelly,CLE,RB,1,0,0,0,0,0,0,0,0,0,0,0,0,0,0,0,1,0
Marcus Kemp,KAN,WR,3,0,0,0,0,0,0,0,0,0,0,0,0,0,0,0,0.3333333333333333,0
Mason Kinsey,TEN,WR,2,0,0,0,0,0,0,0,0,0.5,0.5,1.5,0,0,0.5,0.16268412438625204,1,0.16268412438625204
Lucas Krull,NOR,TE,1,0,0,0,0,0,0,0,0,0,0,0,0,0,0,0,1,0
Kwamie Lassiter,CIN,WR,1,0,0,0,0,0,0,0,0,0,0,0,0,0,0,0,1,0
Hunter Long,MIA,TE,9,0,0,0,0,0,0,0,0,0,0,0,0,0,0,0,0.1111111111111111,0
Tay Martin,SFO,WR,2,0,0,0,0,0,0,0,0,0,0,0,0,0,0,0,0.5,0
Lance McCutcheon,LAR,WR,10,1,0,0,0,0,0,0,0,0.5,0,0,0,0,0,0,0.1,0
Kyric McGowan,WAS,WR,2,0,0,0,0,0,0,0,0,0,0,0,0,0,0,0,0.5,0
Kirk Merritt,NOR,WR,4,0,0,0,0,0,0,0,0,0,0,0,0,0,0,0,0.25,0
Stanley Morgan,CIN,WR,14,0,0,0,0,0,0,0,0,0.07142857142857142,0,0,0,0,0,0,0.07142857142857142,0
Nick Muse,MIN,TE,10,0,0,0,0,0,0,0,0,0,0,0,0,0,0,0,0.1,0
Qadree Ollison,DAL,RB,3,0,0,0,0,0,0,0,0,0,0,0,0,0,0,0,0.3333333333333333,0
Jared Pinkney,LAR,TE,4,0,0,0,0,0,0,0,0,0,0,0,0,0,0,0,0.25,0
Cornell Powell,KAN,WR,3,0,0,0,0,0,0,0,0,0,0,0,0,0,0,0,0.3333333333333333,0
D Vonte Price,IND,RB,1,0,0,0,0,0,0,0,0,0,0,0,0,0,0,0,1,0
Kevin Rader,TEN,TE,14,2,0,0,0,0,0,0,0,0,0,0,0,0,0,0,0.07142857142857142,0
Andre Roberts,CAR,WR,3,0,0,0,0,0,0,0,0,0,0,0,0,0,0.3333333333333333,0.10845608292416803,0.3333333333333333,0.3253682487725041
Richard Rodgers,LAC,TE,10,1,0,0,0,0,0,0,0,0.4,0.1,0.4,0,0,0,0,0.2,0
Drew Sample,CIN,TE,2,2,0,0,0,0,0,0,0,1,1,-1,0,0,0,0,1.5,0
Braylon Sanders,MIA,WR,3,0,0,0,0,0,0,0,0,1,0.6666666666666666,5.666666666666667,0,0,0.3333333333333333,0.20845608292416803,1,0.20845608292416803
Matthew Slater,NWE,WR,17,0,0,0,0,0,0,0,0,0,0,0,0,0,0,0,0.058823529411764705,0
Willie Snead,SFO,WR,4,0,0,0,0,0,0,0,0,0,0,0,0,0,0,0,0.25,0
Matt Sokol,NWE,TE,3,0,0,0,0,0,0,0,0,0,0,0,0,0,0,0,0.3333333333333333,0
Nate Sudfeld,DET,QB,0.4,0,0,0,0,0,12.5,-10,0,0,0,0,0,0,0,0,15,0
Noah Togiai,PHI,TE,2,0,0,0,0,0,0,0,0,0.5,0,0,0,0,0,0,0.5,0
Jake Tonges,CHI,FB,4,0,0,0,0,0,0,0,0,0.25,0,0,0,0,0,0,0.25,0
Malik Turner,SFO,WR,3,0,0,0,0,0,0,0,0,0,0,0,0,0,0,0,0.3333333333333333,0
Binjimen Victor,BAL,WR,2,0,0,0,0,0,0,0,0,0,0,0,0,0,0,0,0.5,0
James Washington,DAL,WR,2,0,0,0,0,0,0,0,0,0.5,0,0,0,0,0,0,0.5,0
Scotty Washington,NWE,WR,1,0,0,0,0,0,0,0,0,0,0,0,0,0,0,0,1,0
Raleigh Webb,2TM,WR,12,0,0,0,0,0,0,0,0,0,0,0,0,0,0,0,0.08333333333333333,0
Cody White,PIT,WR,1,1,0,0,0,0,0,0,0,1,1,2,0,0,0,0,2,0
Antonio Williams,NYG,RB,2,0,0,0,0,0,0,0,0,0,0,0,0,0,0,0,0.5,0
Damien Williams,ATL,RB,1,1,0,0,0,0,2,2,0,0,0,0,0,0,0,0,3,0
Preston Williams,CAR,WR,1,0,0,0,0,0,0,0,0,0,0,0,0,0,0,0,1,0
Javon Wims,ARI,WR,1,0,0,0,0,0,0,0,0,0,0,0,0,0,0,0,1,0
Charlie Woerner,SFO,TE,17,2,0,0,0,0,0,0,0,0.11764705882352941,0,0,0,0,0,0,0.058823529411764705,0
Logan Woodside,ATL,QB,0.2,0,0,0,0,0,0,0,0,0,0,0,0,0,0,0,5,0
Kenny Yeboah,NYJ,TE,10,0,0,0,0,0,0,0,0,0,0,0,0,0,0,0,0.1,0
Brandon Zylstra,DET,WR,2,0,0,0,0,0,0,0,0,0,0,0,0,0,0,0,0.5,0
C J Beathard,JAX,QB,0.8,0,8.75,13.75,43.75,0,5,-5,0,0,0,0,0,1.25,0,0,6.25,0
Deonte Harty,NOR,WR,4,0,0,0,0,0,0,0,0,0.5,0.5,3.25,0,0,0.25,0.15634206219312602,0.75,0.20845608292416803
Chad Henne,KAN,QB,0.6000000000000001,0,0,3.333333333333333,0,0,8.333333333333332,-8.333333333333332,0,0,0,0,0,0,1.6666666666666665,0.5422804146208401,9.999999999999998,0.054228041462084015
Ihmir Smith Marsette,2TM,WR,8,0,0,0,0,0,0.125,-0.125,0,0.5,0.125,1.875,0,0,0.125,0.07817103109656301,0.375,0.20845608292416803
KaVontae Turpin,DAL,WR,17,0,0,0,0,0,0.17647058823529413,1,0,0.11764705882352941,0.058823529411764705,0.5294117647058824,0,0,0.17647058823529413,0.09271204390103013,0.29411764705882354,0.3152209492635024
Taiwan Jones,BUF,RB,16,0,0,0,0,0,0,0,0,0,0,0,0,0,0.0625,0.039085515548281505,0.0625,0.6253682487725041
Chester Rogers,CLE,WR,3,0,0,0,0,0,0,0,0,0,0,0,0,0,0.3333333333333333,0.20845608292416803,0.3333333333333333,0.6253682487725041
Tim Boyle,CHI,QB,0.2,0,10,40,165,0,10,-10,0,0,0,0,0,10,0,0,15,0
