Player,Pos,Team,Opp,Salary,FPTS,ppd,min_sal,rep_points,PAR_PD
Dak Prescott,QB,DAL,PHI,24,16.928319764482183,0.7053,20,17.522939072021426,-0.1486548268848109
Jalen Hurts,QB,PHI,DAL,39,22.33459147745026,0.5727,20,17.522939072021426,0.25324486344362285
Patrick Mahomes,QB,KC,LAC,35,18.548435863770155,0.53,20,17.522939072021426,0.06836645278324861
Justin Herbert,QB,LAC,KC,29,16.63392819014686,0.5736,20,17.522939072021426,-0.0987789868749517
Baker Mayfield,QB,TB,ATL,34,20.070217172488338,0.5903,20,17.522939072021426,0.18194843574763656
Michael Penix,QB,ATL,TB,22,15.541614623320598,0.7064,20,17.522939072021426,-0.9906622243504142
Justin Fields,QB,NYJ,PIT,20,17.522939072021426,0.8761,20,17.522939072021426,0
Aaron Rodgers,QB,PIT,NYJ,28,14.662483494428512,0.5237,20,17.522939072021426,-0.35755694719911424
Tua Tagovailoa,QB,MIA,IND,26,16.040965276177168,0.617,20,17.522939072021426,-0.24699563264070967
Daniel Jones,QB,IND,MIA,20,15.907967995134026,0.7954,20,17.522939072021426,0
Bryce Young,QB,CAR,JAC,29,15.825078646546235,0.5457,20,17.522939072021426,-0.1886511583861324
Trevor Lawrence,QB,JAC,CAR,27,17.34254737750414,0.6423,20,17.522939072021426,-0.025770242073898077
Russell Wilson,QB,NYG,WAS,26,15.056817935748523,0.5791,20,17.522939072021426,-0.41102018937881724
Jayden Daniels,QB,WAS,NYG,37,21.67524130485531,0.5858,20,17.522939072021426,0.24425307251964015
Kyler Murray,QB,ARI,NO,31,18.50133827316687,0.5968,20,17.522939072021426,0.088945381922313
Spencer Rattler,QB,NO,ARI,20,14.389570363530849,0.7195,20,17.522939072021426,0
Joe Burrow,QB,CIN,CLE,36,20.543798575074778,0.5707,20,17.522939072021426,0.18880371894083448
Joe Flacco,QB,CLE,CIN,21,15.561466756046322,0.741,20,17.522939072021426,-1.9614723159751044
Geno Smith,QB,LV,NE,25,15.43572532687953,0.6174,20,17.522939072021426,-0.41744274902837936
Drake Maye,QB,NE,LV,25,17.63350237828961,0.7053,20,17.522939072021426,0.022112661253636645
Brock Purdy,QB,SF,SEA,32,17.638867725621633,0.5512,20,17.522939072021426,0.009660721133350592
Sam Darnold,QB,SEA,SF,28,15.501641793291311,0.5536,20,17.522939072021426,-0.2526621598412644
Bo Nix,QB,DEN,TEN,33,19.060288184002424,0.5776,20,17.522939072021426,0.11825762399853829
Cam Ward,QB,TEN,DEN,20,13.945944181961892,0.6973,20,17.522939072021426,0
Jared Goff,QB,DET,GB,30,16.79277011925687,0.5598,20,17.522939072021426,-0.07301689527645579
Jordan Love,QB,GB,DET,24,16.60490685211412,0.6919,20,17.522939072021426,-0.2295080549768267
C J Stroud,QB,HOU,LAR,23,16.02587454028022,0.6968,20,17.522939072021426,-0.4990215105804019
Matthew Stafford,QB,LAR,HOU,24,15.43676185831804,0.6432,20,17.522939072021426,-0.5215443034258467
Lamar Jackson,QB,BAL,BUF,37,23.27802406786775,0.6291,20,17.522939072021426,0.33853441152037206
Josh Allen,QB,BUF,BAL,40,21.857842325558035,0.5464,20,17.522939072021426,0.21674516267683047
J J McCarthy,QB,MIN,CHI,20,15.946098597116842,0.7973,20,17.522939072021426,0
Caleb Williams,QB,CHI,MIN,23,16.59385998678689,0.7215,20,17.522939072021426,-0.30969302841151247
Jaxson Dart,QB,NYG,WAS,20,1.19,0.0595,20,17.522939072021426,0
Tyler Shough,QB,NO,vs. ARI,20,0.42,0.021,20,17.522939072021426,0
Anthony Richardson,QB,IND,vs. MIA,21,0.42,0.02,20,17.522939072021426,-17.102939072021424
Jalen Milroe,QB,SEA,vs. SF,20,0.42,0.021,20,17.522939072021426,0
Mason Rudolph,QB,PIT,NYJ,20,0.42,0.021,20,17.522939072021426,0
Kirk Cousins,QB,ATL,vs. TB,20,0.42,0.021,20,17.522939072021426,0
Dillon Gabriel,QB,CLE,vs. CIN,20,0.42,0.021,20,17.522939072021426,0
Mac Jones,QB,SF,SEA,20,0.35,0.0175,20,17.522939072021426,0
Shedeur Sanders,QB,CLE,vs. CIN,20,0.35,0.0175,20,17.522939072021426,0
Jameis Winston,QB,NYG,WAS,20,0.35,0.0175,20,17.522939072021426,0
Joe Milton,QB,DAL,PHI,20,0.35,0.0175,20,17.522939072021426,0
Jimmy Garoppolo,QB,LAR,vs. HOU,21,0.35,0.0167,20,17.522939072021426,-17.172939072021425
Jake Browning,QB,CIN,CLE,20,0.35,0.0175,20,17.522939072021426,0
Kenny Pickett,QB,LV,NE,20,0.35,0.0175,20,17.522939072021426,0
Zach Wilson,QB,MIA,IND,20,0.35,0.0175,20,17.522939072021426,0
Marcus Mariota,QB,WAS,vs. NYG,20,0.06999999999999999,0.0035,20,17.522939072021426,0
Cooper Rush,QB,BAL,BUF,20,0.35,0.0175,20,17.522939072021426,0
Malik Willis,QB,GB,vs. DET,20,0.06999999999999999,0.0035,20,17.522939072021426,0
Sam Howell,QB,PHI,vs. DAL,20,0.35,0.0175,20,17.522939072021426,0
Gardner Minshew,QB,KC,LAC,20,0.35,0.0175,20,17.522939072021426,0
Davis Mills,QB,HOU,LAR,20,0.35,0.0175,20,17.522939072021426,0
Trey Lance,QB,LAC,vs. KC,20,0.35,0.0175,20,17.522939072021426,0
Nick Mullens,QB,JAC,vs. CAR,20,0.35,0.0175,20,17.522939072021426,0
Mitchell Trubisky,QB,BUF,vs. BAL,20,0.35,0.0175,20,17.522939072021426,0
Jarrett Stidham,QB,DEN,vs. TEN,20,0.35,0.0175,20,17.522939072021426,0
Jacoby Brissett,QB,ARI,NO,20,0.35,0.0175,20,17.522939072021426,0
Tyrod Taylor,QB,NYJ,vs. PIT,20,0.35,0.0175,20,17.522939072021426,0
Teddy Bridgewater,QB,TB,ATL,20,0.35,0.0175,20,17.522939072021426,0
Tyson Bagent,QB,CHI,vs. MIN,20,0.27999999999999997,0.014,20,17.522939072021426,0
Andy Dalton,QB,CAR,JAC,20,0.27999999999999997,0.014,20,17.522939072021426,0
Kyle Allen,QB,DET,GB,20,0.27999999999999997,0.014,20,17.522939072021426,0
Drew Lock,QB,SEA,vs. SF,20,0.27999999999999997,0.014,20,17.522939072021426,0
Joshua Dobbs,QB,NE,vs. LV,20,0.13999999999999999,0.007,20,17.522939072021426,0
Brandon Allen,QB,TEN,DEN,20,0.13999999999999999,0.007,20,17.522939072021426,0
Miles Sanders,RB,DAL,PHI,13,4.684029033322962,0.3603,10,9.299725910372254,-1.5385656256830975
CeeDee Lamb,WR,DAL,PHI,34,14.273779121533522,0.4198,10,9.299725910372254,0.20725221713171949
Javonte Williams,RB,DAL,PHI,15,8.200727181382211,0.5467,10,9.299725910372254,-0.21979974579800868
George Pickens,WR,DAL,PHI,23,9.982079999033932,0.434,10,9.299725910372254,0.05248877605089825
Jalen Tolbert,WR,DAL,PHI,14,4.11847876276584,0.2942,10,9.299725910372254,-1.2953117869016035
KaVontae Turpin,WR,DAL,PHI,10,3.9944772037368974,0.3994,10,9.299725910372254,0
Deuce Vaughn,RB,DAL,PHI,10,0.3876397435939096,0.0388,10,9.299725910372254,0
Jalen Brooks,WR,DAL,PHI,10,0.4182052337962598,0.0418,10,9.299725910372254,0
Jalen Cropper,WR,DAL,PHI,10,0,0,10,9.299725910372254,0
Hunter Luepke,RB,DAL,PHI,10,1.1268200505854713,0.1127,10,9.299725910372254,0
Ryan Flournoy,WR,DAL,PHI,10,0.6422703427335887,0.0642,10,9.299725910372254,0
Jaydon Blue,RB,DAL,PHI,12,5.538204522075847,0.4615,10,9.299725910372254,-1.8807606941482038
Josh Kelly,WR,DAL,PHI,10,0,0,10,9.299725910372254,0
Traeshon Holden,WR,DAL,PHI,10,0,0,10,9.299725910372254,0
Saquon Barkley,RB,PHI,DAL,40,17.650553716575253,0.4413,10,9.299725910372254,0.2783609268734333
A J Brown,WR,PHI,DAL,27,13.238393924781768,0.4903,10,9.299725910372254,0.2316863537887949
A J Dillon,RB,PHI,DAL,11,1.19,0.1082,10,9.299725910372254,-8.109725910372255
DeVonta Smith,WR,PHI,DAL,23,11.062144791231175,0.481,10,9.299725910372254,0.13557068314299386
Terrace Marshall,WR,PHI,DAL,10,0.23689624869018322,0.0237,10,9.299725910372254,0
Avery Williams,WR,PHI,DAL,10,0,0,10,9.299725910372254,0
Jahan Dotson,WR,PHI,DAL,10,1.7688631122747287,0.1769,10,9.299725910372254,0
Elijah Cooks,WR,PHI,DAL,10,0.006748464327508853,7e-4,10,9.299725910372254,0
Ben VanSumeren,RB,PHI,DAL,10,0,0,10,9.299725910372254,0
Will Shipley,RB,PHI,DAL,10,3.1479533854407076,0.3148,10,9.299725910372254,0
Ainias Smith,WR,PHI,DAL,10,0.3897089401229084,0.039,10,9.299725910372254,0
Montrell Johnson,RB,PHI,DAL,10,0,0,10,9.299725910372254,0
Taylor Morin,WR,PHI,DAL,10,0,0,10,9.299725910372254,0
ShunDerrick Powell,RB,PHI,DAL,10,0,0,10,9.299725910372254,0
Darius Cooper,WR,PHI,DAL,10,0,0,10,9.299725910372254,0
Giles Jackson,WR,PHI,DAL,10,0,0,10,9.299725910372254,0
Keilan Robinson,RB,PHI,DAL,10,0.03415989461662486,0.0034,10,9.299725910372254,0
Ife Adeyi,WR,PHI,DAL,10,0,0,10,9.299725910372254,0
Malik Davis,RB,DAL,PHI,10,0.12258458698346543,0.0123,10,9.299725910372254,0
JuJu Smith Schuster,WR,KC,LAC,10,2.365997845781517,0.2366,10,9.299725910372254,0
Kareem Hunt,RB,KC,LAC,15,5.91044562895806,0.394,10,9.299725910372254,-0.6778560562828388
Marquise Brown,WR,KC,LAC,13,8.158674217044128,0.6276,10,9.299725910372254,-0.3803505644427088
Elijah Mitchell,RB,KC,LAC,11,2.1003083313289848,0.1909,10,9.299725910372254,-7.19941757904327
Tyquan Thornton,WR,KC,LAC,10,1.5630500503513125,0.1563,10,9.299725910372254,0
Isiah Pacheco,RB,KC,LAC,15,10.74422274836947,0.7163,10,9.299725910372254,0.2888993675994431
Jason Brownlee,WR,KC,LAC,10,0.6097938468031852,0.061,10,9.299725910372254,0
Nikko Remigio,WR,KC,LAC,10,0.5109546734066,0.0511,10,9.299725910372254,0
Xavier Worthy,WR,KC,LAC,30,11.03384939758769,0.3678,10,9.299725910372254,0.08670617436077181
Carson Steele,RB,KC,LAC,10,0.5215982269152993,0.0522,10,9.299725910372254,0
Brashard Smith,RB,KC,LAC,10,3.2356418071609765,0.3236,10,9.299725910372254,0
Mac Dalena,WR,KC,LAC,10,0,0,10,9.299725910372254,0
Elijhah Badger,WR,KC,LAC,10,0,0,10,9.299725910372254,0
Jimmy Holiday,WR,KC,LAC,10,0,0,10,9.299725910372254,0
Dez Fitzpatrick,WR,LAC,KC,10,0,0,10,9.299725910372254,0
Jaret Patterson,RB,LAC,KC,10,0.004178676281889477,4e-4,10,9.299725910372254,0
Hassan Haskins,RB,LAC,KC,10,1.0985682012519968,0.1099,10,9.299725910372254,0
Quentin Johnston,WR,LAC,KC,17,5.633446811654165,0.3314,10,9.299725910372254,-0.523754156959727
Derius Davis,WR,LAC,KC,10,0.9863546139450865,0.0986,10,9.299725910372254,0
Scott Matlock,RB,LAC,KC,10,0,0,10,9.299725910372254,0
Ladd McConkey,WR,LAC,KC,33,11.273297682892279,0.3416,10,9.299725910372254,0.08580746837043585
Kimani Vidal,RB,LAC,KC,10,1.376319097642658,0.1376,10,9.299725910372254,0
Brenden Rice,WR,LAC,KC,10,0.001364964236212953,1e-4,10,9.299725910372254,0
Jaylen Johnson,WR,LAC,KC,10,0,0,10,9.299725910372254,0
KeAndre Lambert Smith,WR,LAC,KC,10,2.3863291620580602,0.2386,10,9.299725910372254,0
Luke Grimm,WR,LAC,KC,10,0,0,10,9.299725910372254,0
Raheim Sanders,RB,CLE,LAC,10,1.0499999999999998,0.105,10,9.299725910372254,0
Dalevon Campbell,WR,CAR,LAC,10,0,0,10,9.299725910372254,0
Omarion Hampton,RB,LAC,KC,26,12.330568461576913,0.4743,10,9.299725910372254,0.18942765945029116
Tre Harris,WR,LAC,KC,14,4.838878545201184,0.3456,10,9.299725910372254,-1.1152118412927676
Hal Presley,WR,KC,LAC,10,0,0,10,9.299725910372254,0
Nyheim Miller Hines,RB,LAC,KC,10,0,0,10,9.299725910372254,0
JaQuae Jackson,WR,LAC,KC,10,0,0,10,9.299725910372254,0
Key Shawn Smith,WR,KC,LAC,10,0,0,10,9.299725910372254,0
Keenan Allen,WR,LAC,KC,21,7.8355534413058505,0.3731,10,9.299725910372254,-0.1331065880969458
Michael Wiley,RB,KC,LAC,10,0,0,10,9.299725910372254,0
Mike Evans,WR,TB,ATL,33,12.104838174667785,0.3668,10,9.299725910372254,0.12196140279545785
Sterling Shepard,WR,TB,ATL,10,2.6911768405803356,0.2691,10,9.299725910372254,0
Rachaad White,RB,TB,ATL,16,7.555490911755792,0.4722,10,9.299725910372254,-0.29070583310274384
Dennis Houston,WR,TB,ATL,10,0.29844026898164516,0.0298,10,9.299725910372254,0
Rakim Jarrett,WR,TB,ATL,10,0.23048858719215998,0.023,10,9.299725910372254,0
Ryan Miller,WR,TB,ATL,10,0.677822654458863,0.0678,10,9.299725910372254,0
Sean Tucker,RB,TB,ATL,10,2.5905474641608603,0.2591,10,9.299725910372254,0
Bucky Irving,RB,TB,ATL,34,13.847172134042278,0.4073,10,9.299725910372254,0.189476925986251
Kameron Johnson,WR,TB,ATL,10,0.0903317547052744,0.009,10,9.299725910372254,0
Emeka Egbuka,WR,TB,ATL,15,11.104220718316132,0.7403,10,9.299725910372254,0.36089896158877544
Tez Johnson,WR,TB,ATL,10,1.6332372618824005,0.1633,10,9.299725910372254,0
Josh Williams,RB,TB,ATL,10,0,0,10,9.299725910372254,0
Garrett Greene,WR,TB,ATL,10,0,0,10,9.299725910372254,0
Jamal Agnew,WR,ATL,TB,10,0.8450114654990903,0.0845,10,9.299725910372254,0
Ray Ray McCloud,WR,ATL,TB,10,5.5965447482577,0.5597,10,9.299725910372254,0
KhaDarel Hodge,WR,ATL,TB,10,1.4374893976627376,0.1437,10,9.299725910372254,0
David Sills,WR,ATL,TB,10,0.01906473863836661,0.0019,10,9.299725910372254,0
Darnell Mooney,WR,ATL,TB,19,7.2497846235726024,0.3816,10,9.299725910372254,-0.22777125408885024
Chris Blair,WR,ATL,TB,10,0.1582844751292674,0.0158,10,9.299725910372254,0
Drake London,WR,ATL,TB,33,13.4190726281126,0.4066,10,9.299725910372254,0.179102031206102
Tyler Allgeier,RB,ATL,TB,12,5.253820030206717,0.4378,10,9.299725910372254,-2.0229529400827686
Bijan Robinson,RB,ATL,TB,39,16.14025892386624,0.4139,10,9.299725910372254,0.23588044874117198
Elijah Dotson,RB,ATL,TB,10,0.22498681803430634,0.0225,10,9.299725910372254,0
Carlos Washington,RB,ATL,TB,10,0,0,10,9.299725910372254,0
Jesse Matthews,WR,ATL,TB,10,0,0,10,9.299725910372254,0
Dylan Drummond,WR,ATL,TB,10,0,0,10,9.299725910372254,0
Casey Washington,WR,ATL,TB,10,0.7066001682764136,0.0707,10,9.299725910372254,0
Nick Nash,WR,ATL,TB,10,0,0,10,9.299725910372254,0
Quincy Skinner,WR,ATL,TB,10,0,0,10,9.299725910372254,0
Nathan Carter,RB,ATL,TB,10,0.42,0.042,10,9.299725910372254,0
Jashaun Corbin,RB,ATL,TB,10,0.1801427129252873,0.018,10,9.299725910372254,0
D J Chark,WR,ATL,TB,10,0.3553930852828411,0.0355,10,9.299725910372254,0
Owen Wright,RB,TB,ATL,10,0,0,10,9.299725910372254,0
Jaden Smith,WR,TB,ATL,10,0,0,10,9.299725910372254,0
Jacob Harris,WR,TB,ATL,10,0.002415094308919914,2e-4,10,9.299725910372254,0
Robert Woods,WR,PIT,NYJ,10,0.3474476812040022,0.0347,10,9.299725910372254,0
D K Metcalf,WR,PIT,NYJ,24,9.707564723155993,0.4045,10,9.299725910372254,0.029131343770267066
Scott Miller,WR,PIT,NYJ,10,0.822319754240102,0.0822,10,9.299725910372254,0
Trey Sermon,RB,PIT,NYJ,10,0.5183784848184175,0.0518,10,9.299725910372254,0
Kenneth Gainwell,RB,PIT,NYJ,10,3.1454766483441525,0.3145,10,9.299725910372254,0
Ben Skowronek,WR,PIT,NYJ,10,0.7241752012844932,0.0724,10,9.299725910372254,0
Calvin Austin,WR,PIT,NYJ,11,5.561101935373703,0.5056,10,9.299725910372254,-3.7386239749985517
Lance McCutcheon,WR,PIT,NYJ,10,0.0650060117158214,0.0065,10,9.299725910372254,0
Jaylen Warren,RB,PIT,NYJ,21,9.428006042705462,0.449,10,9.299725910372254,0.011661830212109788
Brandon Johnson,WR,PIT,NYJ,10,0.23520670012390404,0.0235,10,9.299725910372254,0
Evan Hull,RB,PIT,NYJ,10,0.053745139622584655,0.0054,10,9.299725910372254,0
Roman Wilson,WR,PIT,NYJ,10,3.2137134233145,0.3214,10,9.299725910372254,0
Kaleb Johnson,RB,PIT,NYJ,21,8.80817299480115,0.4194,10,9.299725910372254,-0.044686628688282166
Ke Shawn Williams,WR,PIT,NYJ,10,0,0,10,9.299725910372254,0
Roc Taylor,WR,PIT,NYJ,10,0,0,10,9.299725910372254,0
Max Hurleman,RB,PIT,NYJ,10,0,0,10,9.299725910372254,0
Josh Reynolds,WR,NYJ,PIT,10,2.9609892052702813,0.2961,10,9.299725910372254,0
Allen Lazard,WR,NYJ,PIT,12,3.2101559329807454,0.2675,10,9.299725910372254,-3.0447849886957545
Tyler Johnson,WR,NYJ,PIT,10,0.9007390991202375,0.0901,10,9.299725910372254,0
Kene Nwangwu,RB,NYJ,PIT,10,1.8753515708188164e-4,0,10,9.299725910372254,0
Brandon Smith,WR,NYJ,PIT,10,0.2125025456536835,0.0213,10,9.299725910372254,0
Garrett Wilson,WR,NYJ,PIT,25,10.955986315846612,0.4382,10,9.299725910372254,0.11041736036495718
Breece Hall,RB,NYJ,PIT,28,11.37152724312352,0.4061,10,9.299725910372254,0.11510007404173697
Pokey Wilson,WR,NYJ,PIT,10,0,0,10,9.299725910372254,0
Xavier Gipson,WR,NYJ,PIT,10,0.5323274632413164,0.0532,10,9.299725910372254,0
Braelon Allen,RB,NYJ,PIT,10,5.814134468764774,0.5814,10,9.299725910372254,0
Isaiah Davis,RB,NYJ,PIT,10,2.5547310318419676,0.2555,10,9.299725910372254,0
Arian Smith,WR,NYJ,PIT,10,1.919605685439274,0.192,10,9.299725910372254,0
Quentin Skinner,WR,NYJ,PIT,10,0,0,10,9.299725910372254,0
Donovan Edwards,RB,NYJ,PIT,10,0,0,10,9.299725910372254,0
Jamaal Pritchett,WR,NYJ,PIT,10,0,0,10,9.299725910372254,0
Dymere Miller,WR,NYJ,PIT,10,0,0,10,9.299725910372254,0
Lawrance Toafili,RB,NYJ,PIT,10,0,0,10,9.299725910372254,0
Lew Nichols,RB,PIT,NYJ,10,0.5807415649787832,0.0581,10,9.299725910372254,0
Tyreek Hill,WR,MIA,IND,26,11.811117259836285,0.4543,10,9.299725910372254,0.15696195934150192
Alec Ingold,RB,MIA,IND,10,1.1617229284410815,0.1162,10,9.299725910372254,0
Nick Westbrook Ikhine,WR,MIA,IND,14,3.83838213416593,0.2742,10,9.299725910372254,-1.365335944051581
Jaylen Waddle,WR,MIA,IND,19,9.733524102703534,0.5123,10,9.299725910372254,0.048199799147919914
D Wayne Eskridge,WR,MIA,IND,10,0.2446458654662401,0.0245,10,9.299725910372254,0
Tarik Black,WR,MIA,IND,10,0,0,10,9.299725910372254,0
Erik Ezukanma,WR,MIA,IND,10,0.23400828249408961,0.0234,10,9.299725910372254,0
De Von Achane,RB,MIA,IND,36,14.691828200822057,0.4081,10,9.299725910372254,0.20738854963268472
Malik Washington,WR,MIA,IND,10,4.641098740244437,0.4641,10,9.299725910372254,0
Tahj Washington,WR,MIA,IND,10,0.5911215056662282,0.0591,10,9.299725910372254,0
Ollie Gordon,RB,MIA,IND,10,6.6752661219709255,0.6675,10,9.299725910372254,0
Theo Wease,WR,MIA,IND,10,0,0,10,9.299725910372254,0
Andrew Armstrong,WR,MIA,IND,10,0,0,10,9.299725910372254,0
AJ Henning,WR,MIA,IND,10,0,0,10,9.299725910372254,0
Laquon Treadwell,WR,IND,MIA,10,0.01021931669234306,0.001,10,9.299725910372254,0
Ashton Dulin,WR,IND,MIA,10,0.5557381736359454,0.0556,10,9.299725910372254,0
Michael Pittman,WR,IND,MIA,20,9.001294857943758,0.4501,10,9.299725910372254,-0.02984310524284961
Jonathan Taylor,RB,IND,MIA,37,14.279484331711725,0.3859,10,9.299725910372254,0.18443549708664705
Khalil Herbert,RB,IND,MIA,10,0.3955655155358886,0.0396,10,9.299725910372254,0
Alec Pierce,WR,IND,MIA,18,5.761325701757038,0.3201,10,9.299725910372254,-0.4423000260769021
Tyler Goodson,RB,IND,MIA,10,0.8706203910457451,0.0871,10,9.299725910372254,0
Josh Downs,WR,IND,MIA,20,8.8541651275660609,0.4427,10,9.299725910372254,-0.04455607828061936
Adonai Mitchell,WR,IND,MIA,10,4.43250116053107,0.4433,10,9.299725910372254,0
Anthony Gould,WR,IND,MIA,10,0.07084749436754084,0.0071,10,9.299725910372254,0
Ajou Ajou,WR,IND,MIA,10,0,0,10,9.299725910372254,0
DJ Giddens,RB,IND,MIA,10,3.979993544165543,0.398,10,9.299725910372254,0
Landon Parker,WR,IND,MIA,10,0,0,10,9.299725910372254,0
Ulysses Bentley,RB,IND,MIA,10,0,0,10,9.299725910372254,0
Coleman Owen,WR,IND,MIA,10,0,0,10,9.299725910372254,0
Tyler Kahmann,WR,IND,MIA,10,0,0,10,9.299725910372254,0
Blayne Taylor,WR,IND,MIA,10,0,0,10,9.299725910372254,0
Nate Noel,RB,IND,MIA,10,0,0,10,9.299725910372254,0
Nay Quan Wright,RB,IND,MIA,10,0,0,10,9.299725910372254,0
Mike Boone,RB,MIA,IND,10,0.3687875984312328,0.0369,10,9.299725910372254,0
Aaron Shampklin,RB,MIA,IND,10,0.23623694007632248,0.0236,10,9.299725910372254,0
Adam Thielen,WR,MIN,JAC,22,7.507939646068993,0.3413,10,9.299725910372254,-0.14931552202527176
David Moore,WR,CAR,JAC,10,2.051419618229671,0.2051,10,9.299725910372254,0
Hunter Renfrow,WR,CAR,JAC,10,2.9138477042443633,0.2914,10,9.299725910372254,0
Rico Dowdle,RB,CAR,JAC,19,6.1681962724521515,0.3246,10,9.299725910372254,-0.3479477375466781
Chuba Hubbard,RB,CAR,JAC,32,11.849222578472428,0.3703,10,9.299725910372254,0.11588621218637153
Raheem Blackshear,RB,CAR,JAC,10,0.16429051867974281,0.0164,10,9.299725910372254,0
Brycen Tremayne,WR,CAR,JAC,10,0.36626219316756775,0.0366,10,9.299725910372254,0
Xavier Legette,WR,CAR,JAC,11,7.121136061816426,0.6474,10,9.299725910372254,-2.178589848555829
Emani Bailey,RB,CAR,JAC,10,0,0,10,9.299725910372254,0
Tetairoa McMillan,WR,CAR,JAC,21,11.65831104066317,0.5552,10,9.299725910372254,0.21441683002644688
Trevor Etienne,RB,CAR,JAC,10,3.3140121816136334,0.3314,10,9.299725910372254,0
Jimmy Horn,WR,CAR,JAC,10,1.1526981664118578,0.1153,10,9.299725910372254,0
Jacolby George,WR,CAR,JAC,10,0,0,10,9.299725910372254,0
Kayron Lynch Adams,RB,CAR,JAC,10,0,0,10,9.299725910372254,0
Kobe Hudson,WR,CAR,JAC,10,0,0,10,9.299725910372254,0
Travis Etienne,RB,JAC,CAR,19,8.777323242619541,0.462,10,9.299725910372254,-0.05804474086141257
Dyami Brown,WR,JAC,CAR,16,4.771301240575783,0.2982,10,9.299725910372254,-0.7547374449660786
Austin Trammell,WR,JAC,CAR,10,0.3598270922299635,0.036,10,9.299725910372254,0
Tank Bigsby,RB,JAC,CAR,15,7.825772610397078,0.5217,10,9.299725910372254,-0.29479065999503523
Parker Washington,WR,JAC,CAR,11,3.3210190524609717,0.3019,10,9.299725910372254,-5.978706857911282
Brian Thomas,WR,JAC,CAR,35,12.667490641631037,0.3619,10,9.299725910372254,0.13471058925035131
LeQuint Allen,RB,JAC,CAR,10,1.4895589222909533,0.149,10,9.299725910372254,0
Chandler Brayboy,WR,JAC,CAR,10,0,0,10,9.299725910372254,0
Cam Camper,WR,JAC,CAR,10,0,0,10,9.299725910372254,0
Ja Quinden Jackson,RB,JAC,CAR,10,0,0,10,9.299725910372254,0
Eli Pancol,WR,JAC,CAR,10,0,0,10,9.299725910372254,0
Darius Lassiter,WR,JAC,CAR,10,0,0,10,9.299725910372254,0
Dorian Singer,WR,JAC,CAR,10,0,0,10,9.299725910372254,0
Tim Patrick,WR,JAC,CAR,10,2.9622064073038503,0.2962,10,9.299725910372254,0
T J Luther,WR,CAR,JAC,10,0,0,10,9.299725910372254,0
Trenton Irwin,WR,JAC,CAR,10,0.3201369778442247,0.032,10,9.299725910372254,0
Travis Hunter,WR,JAC,CAR,24,10.342574157022636,0.4309,10,9.299725910372254,0.07448916047502722
Bhayshul Tuten,RB,JAC,CAR,13,5.376487067289263,0.4136,10,9.299725910372254,-1.3077462810276639
Ja seem Reed,WR,CAR,JAC,10,0,0,10,9.299725910372254,0
Zach Pascal,WR,NYG,WAS,10,0.0036040900768137085,4e-4,10,9.299725910372254,0
Devin Singletary,RB,NYG,WAS,10,3.458749683834436,0.3459,10,9.299725910372254,0
Darius Slayton,WR,NYG,WAS,11,5.558190451758906,0.5053,10,9.299725910372254,-3.741535458613349
Lil Jordan Humphrey,WR,NYG,WAS,10,0.36107307926887955,0.0361,10,9.299725910372254,0
Ihmir Smith Marsette,WR,NYG,WAS,10,0.007855204983926358,8e-4,10,9.299725910372254,0
Wan Dale Robinson,WR,NYG,WAS,17,7.5884689243195576,0.4464,10,9.299725910372254,-0.24446528372181384
Montrell Washington,WR,NYG,WAS,10,1.1494320547692522e-4,0,10,9.299725910372254,0
Jalin Hyatt,WR,NYG,WAS,10,1.0025567227347716,0.1003,10,9.299725910372254,0
Dante Miller,RB,NYG,WAS,10,0,0,10,9.299725910372254,0
Malik Nabers,WR,NYG,WAS,34,14.277390081065983,0.4199,10,9.299725910372254,0.20740267377890534
Tyrone Tracy,RB,NYG,WAS,22,9.645708964269167,0.4384,10,9.299725910372254,0.028831921158076017
Beaux Collins,WR,NYG,WAS,10,0.42,0.042,10,9.299725910372254,0
Jordan Bly,WR,NYG,WAS,10,0,0,10,9.299725910372254,0
Dalen Cambre,WR,NYG,WAS,10,0,0,10,9.299725910372254,0
Antwane Wells,WR,NYG,WAS,10,0,0,10,9.299725910372254,0
Chris Moore,WR,WAS,NYG,10,0.0769261518691249,0.0077,10,9.299725910372254,0
Jeremy McNichols,RB,WAS,NYG,10,1.3401211659553671,0.134,10,9.299725910372254,0
Noah Brown,WR,WAS,NYG,11,4.550899771107086,0.4137,10,9.299725910372254,-4.7488261392651685
Austin Ekeler,RB,WAS,NYG,16,9.062178005331013,0.5664,10,9.299725910372254,-0.03959131750687354
Michael Gallup,WR,WAS,NYG,10,0.3491577592395729,0.0349,10,9.299725910372254,0
Deebo Samuel,WR,WAS,NYG,21,8.933604719119504,0.4254,10,9.299725910372254,-0.033283744659340926
K J Osborn,WR,WAS,NYG,10,0.3491577592395729,0.0349,10,9.299725910372254,0
Demetric Felton,RB,WAS,NYG,10,0,0,10,9.299725910372254,0
Michael Strachan,WR,WAS,NYG,10,0,0,10,9.299725910372254,0
Chris Rodriguez,RB,WAS,NYG,10,3.842584607938346,0.3843,10,9.299725910372254,0
Kazmeir Allen,RB,WAS,NYG,10,0,0,10,9.299725910372254,0
Luke McCaffrey,WR,WAS,NYG,10,1.3934894945966483,0.1393,10,9.299725910372254,0
Jaylin Lane,WR,WAS,NYG,10,3.2312460019385796,0.3231,10,9.299725910372254,0
Jacory Croskey Merritt,RB,WAS,NYG,10,6.1143798084622,0.6114,10,9.299725910372254,0
Jacoby Jones,WR,WAS,NYG,10,0,0,10,9.299725910372254,0
Ja Corey Brooks,WR,WAS,NYG,10,0,0,10,9.299725910372254,0
Cam Skattebo,RB,NYG,WAS,13,6.364050055838997,0.4895,10,9.299725910372254,-0.9785586181777525
Terry McLaurin,WR,WAS,NYG,31,11.112935991733647,0.3585,10,9.299725910372254,0.08634333720768533
Gunner Olszewski,WR,NYG,WAS,10,0.023268561667514412,0.0023,10,9.299725910372254,0
Braylon Sanders,WR,WAS,NYG,10,0.2590975782340681,0.0259,10,9.299725910372254,0
Jonathan Ward,RB,NYG,WAS,10,0.1596905606277233,0.016,10,9.299725910372254,0
Trey Palmer,WR,NO,ARI,10,0.5349701636414508,0.0535,10,9.299725910372254,0
Zay Jones,WR,ARI,NO,10,2.241160017980176,0.2241,10,9.299725910372254,0
James Conner,RB,ARI,NO,35,13.779062932373588,0.3937,10,9.299725910372254,0.17917348088005333
Greg Dortch,WR,ARI,NO,12,2.5467099171325494,0.2122,10,9.299725910372254,-3.3765079966198526
DeeJay Dallas,RB,ARI,NO,10,0.18508980863214786,0.0185,10,9.299725910372254,0
Andre Baccellia,WR,ARI,NO,10,0.0033639717033126537,3e-4,10,9.299725910372254,0
Simi Fehoko,WR,ARI,NO,10,0.3711878104560354,0.0371,10,9.299725910372254,0
Michael Wilson,WR,ARI,NO,14,5.632829473719532,0.4023,10,9.299725910372254,-0.9167241091631806
Emari Demercado,RB,ARI,NO,10,2.1836367041294467,0.2184,10,9.299725910372254,0
Marvin Harrison,WR,ARI,NO,24,11.314683886356935,0.4714,10,9.299725910372254,0.14392556971319145
Trey Benson,RB,ARI,NO,11,5.446937317498563,0.4952,10,9.299725910372254,-3.852788592873692
Tejhaun Palmer,WR,ARI,NO,10,0.3711878104560354,0.0371,10,9.299725910372254,0
Xavier Weaver,WR,ARI,NO,10,0.12592254198876232,0.0126,10,9.299725910372254,0
Bryson Green,WR,ARI,NO,10,0,0,10,9.299725910372254,0
Brandin Cooks,WR,NO,ARI,11,4.661408015782366,0.4238,10,9.299725910372254,-4.638317894589888
Alvin Kamara,RB,NO,ARI,30,12.617893747302354,0.4206,10,9.299725910372254,0.16590839184650497
Dante Pettis,WR,NO,ARI,10,0.3920335194790357,0.0392,10,9.299725910372254,0
Cedrick Wilson,WR,NO,ARI,10,0.3474636687587492,0.0347,10,9.299725910372254,0
Clyde Edwards Helaire,RB,NO,ARI,10,0.5307383502917982,0.0531,10,9.299725910372254,0
Donovan Peoples Jones,WR,NO,ARI,10,0.39230402621056465,0.0392,10,9.299725910372254,0
Chris Olave,WR,NO,ARI,16,8.852220402564974,0.5533,10,9.299725910372254,-0.07458425130121338
Velus Jones,RB,NO,ARI,10,0,0,10,9.299725910372254,0
Kevin Austin,WR,NO,ARI,10,0.358588906589883,0.0359,10,9.299725910372254,0
Rashid Shaheed,WR,NO,ARI,21,8.217866405726113,0.3913,10,9.299725910372254,-0.09835086405874013
Kendre Miller,RB,NO,ARI,10,3.666900078011248,0.3667,10,9.299725910372254,0
Mason Tipton,WR,NO,ARI,10,0.35862521442879336,0.0359,10,9.299725910372254,0
Devin Neal,RB,NO,ARI,10,3.3385173873579195,0.3339,10,9.299725910372254,0
Moochie Dixon,WR,NO,ARI,10,0,0,10,9.299725910372254,0
Marcus Yarns,RB,NO,ARI,10,0,0,10,9.299725910372254,0
Nate McCollum,WR,ARI,NO,10,0,0,10,9.299725910372254,0
Bam Knight,RB,ARI,NO,10,0,0,10,9.299725910372254,0
Kelly Akharaiyi,WR,ARI,NO,10,0,0,10,9.299725910372254,0
Roderick Daniels,WR,NO,ARI,10,0,0,10,9.299725910372254,0
Samaje Perine,RB,CIN,CLE,10,2.690719508009713,0.2691,10,9.299725910372254,0
Tee Higgins,WR,CIN,CLE,35,12.23018737789898,0.3494,10,9.299725910372254,0.11721845870106903
Ja Marr Chase,WR,CIN,CLE,40,15.644219793163352,0.3911,10,9.299725910372254,0.2114831294263699
Gary Brightwell,RB,CIN,CLE,10,0.042099072834046354,0.0042,10,9.299725910372254,0
Kendric Pryor,WR,CIN,CLE,10,0.28686917099411086,0.0287,10,9.299725910372254,0
Charlie Jones,WR,CIN,CLE,10,0.21362025563602027,0.0214,10,9.299725910372254,0
Chase Brown,RB,CIN,CLE,34,14.770229448988127,0.4344,10,9.299725910372254,0.22793764744232803
Andrei Iosivas,WR,CIN,CLE,11,4.990633502608053,0.4537,10,9.299725910372254,-4.309092407764202
Mitchell Tinsley,WR,CIN,CLE,10,0,0,10,9.299725910372254,0
Jermaine Burton,WR,CIN,CLE,10,1.1406629311762257,0.1141,10,9.299725910372254,0
Kendall Milton,RB,CIN,CLE,10,0,0,10,9.299725910372254,0
Isaiah Williams,WR,CIN,CLE,10,0.18578404069969695,0.0186,10,9.299725910372254,0
Cole Burgess,WR,CIN,CLE,10,0,0,10,9.299725910372254,0
Tahj Brooks,RB,CIN,CLE,10,3.513144036466536,0.3513,10,9.299725910372254,0
Rashod Owens,WR,CIN,CLE,10,0,0,10,9.299725910372254,0
Jamoi Mayes,WR,CIN,CLE,10,0,0,10,9.299725910372254,0
Jordan Moore,WR,CIN,CLE,10,0,0,10,9.299725910372254,0
Quali Conley,RB,CIN,CLE,10,0,0,10,9.299725910372254,0
DeAndre Carter,WR,CLE,CIN,10,0.4236747743747132,0.0424,10,9.299725910372254,0
Jerry Jeudy,WR,CLE,CIN,26,10.972927627504468,0.422,10,9.299725910372254,0.10457510732076336
Pierre Strong,RB,CLE,CIN,10,0.6219059679813492,0.0622,10,9.299725910372254,0
Jerome Ford,RB,CLE,CIN,18,9.459941578109515,0.5256,10,9.299725910372254,0.02002695846715752
Kaden Davis,WR,CLE,CIN,10,0,0,10,9.299725910372254,0
Cedric Tillman,WR,CLE,CIN,18,7.788558369514301,0.4327,10,9.299725910372254,-0.18889594260724418
Jamari Thrash,WR,CLE,CIN,10,1.462811638011044,0.1463,10,9.299725910372254,0
Dylan Sampson,RB,CLE,CIN,10,9.299725910372254,0.93,10,9.299725910372254,0
Ahmani Marshall,RB,CLE,CIN,10,0,0,10,9.299725910372254,0
Gage Larvadain,WR,CLE,CIN,10,0.48999999999999994,0.049,10,9.299725910372254,0
Kisean Johnson,WR,CLE,CIN,10,0,0,10,9.299725910372254,0
Malachi Corley,WR,CLE,CIN,10,0.45873476675457303,0.0459,10,9.299725910372254,0
Toa Taua,RB,CLE,CIN,10,0,0,10,9.299725910372254,0
Trayveon Williams,RB,CLE,CIN,10,0.014471345448498523,0.0014,10,9.299725910372254,0
Raheem Mostert,RB,LV,NE,10,3.5153062663793984,0.3515,10,9.299725910372254,0
Alex Bachman,WR,LV,NE,10,0.08155865109669179,0.0082,10,9.299725910372254,0
Jakobi Meyers,WR,LV,NE,25,9.057632719510904,0.3623,10,9.299725910372254,-0.01613954605742336
Collin Johnson,WR,LV,NE,10,0.06343531949263316,0.0063,10,9.299725910372254,0
Zamir White,RB,LV,NE,10,2.7243761437205016,0.2724,10,9.299725910372254,0
Sincere McCormick,RB,LV,NE,10,0.5529333154002262,0.0553,10,9.299725910372254,0
Tre Tucker,WR,LV,NE,10,3.9214257041001144,0.3921,10,9.299725910372254,0
Shedrick Jackson,WR,LV,NE,10,0.04068284523671597,0.0041,10,9.299725910372254,0
Dylan Laube,RB,LV,NE,10,0.35,0.035,10,9.299725910372254,0
Chris Collier,RB,LV,NE,10,0.08918913980810605,0.0089,10,9.299725910372254,0
Ashton Jeanty,RB,LV,NE,29,14.243519340195386,0.4912,10,9.299725910372254,0.26019965420121743
Dont e Thornton,WR,LV,NE,10,4.149239148547855,0.4149,10,9.299725910372254,0
Tommy Mellott,WR,LV,NE,10,0,0,10,9.299725910372254,0
Ketron Jackson,WR,LV,NE,10,0,0,10,9.299725910372254,0
Stefon Diggs,WR,NE,LV,23,8.846688288702719,0.3846,10,9.299725910372254,-0.0348490478207335
Mack Hollins,WR,NE,LV,10,2.5762975274445687,0.2576,10,9.299725910372254,0
Kendrick Bourne,WR,NE,LV,10,0.3684868357131606,0.0368,10,9.299725910372254,0
Antonio Gibson,RB,NE,LV,10,2.489487174253079,0.2489,10,9.299725910372254,0
Rhamondre Stevenson,RB,NE,LV,20,7.59539386737141,0.3798,10,9.299725910372254,-0.17043320430008446
Demario Douglas,WR,NE,LV,16,7.058928602510519,0.4412,10,9.299725910372254,-0.37346621797695595
Kayshon Boutte,WR,NE,LV,17,4.644825360503498,0.2732,10,9.299725910372254,-0.6649857928383938
Javon Baker,WR,NE,LV,10,0.09784548790131364,0.0098,10,9.299725910372254,0
John Jiles,WR,NE,LV,10,0,0,10,9.299725910372254,0
Terrell Jennings,RB,NE,LV,10,0.2217867925101253,0.0222,10,9.299725910372254,0
Kyle Williams,WR,NE,LV,14,4.49489524804504,0.3211,10,9.299725910372254,-1.2012076655818036
Efton Chism,WR,NE,LV,10,0.63,0.063,10,9.299725910372254,0
Jack Bech,WR,LV,NE,15,4.217639673504442,0.2812,10,9.299725910372254,-1.0164172473735626
TreVeyon Henderson,RB,NE,LV,22,11.321691910418766,0.5146,10,9.299725910372254,0.1684971666705426
Phillip Dorsett,WR,LV,NE,10,0.202944060211584,0.0203,10,9.299725910372254,0
Jeremiah Webb,WR,NE,LV,10,0,0,10,9.299725910372254,0
Jamycal Hasty,RB,NE,LV,10,0.28702819892095477,0.0287,10,9.299725910372254,0
Marquez Callaway,WR,LV,NE,10,0,0,10,9.299725910372254,0
Shane Watts,RB,NE,LV,10,0,0,10,9.299725910372254,0
Skyy Moore,WR,SF,SEA,10,0.7823437377653801,0.0782,10,9.299725910372254,0
Brian Robinson,RB,SF,SEA,23,4.680468400692243,0.2035,10,9.299725910372254,-0.3553275007446163
Kyle Juszczyk,RB,SF,SEA,10,1.602848049955431,0.1603,10,9.299725910372254,0
Christian McCaffrey,RB,SF,SEA,32,15.44023400762321,0.4825,10,9.299725910372254,0.279114004420498
Russell Gage,WR,SF,SEA,10,0.4433888661081551,0.0443,10,9.299725910372254,0
Isaiah Hodgins,WR,SF,SEA,10,0.1860416204355692,0.0186,10,9.299725910372254,0
Jauan Jennings,WR,SF,SEA,21,8.38822922588204,0.3994,10,9.299725910372254,-0.08286333495365593
Ricky Pearsall,WR,SF,SEA,22,8.508138348242927,0.3867,10,9.299725910372254,-0.06596563017744399
Isaac Guerendo,RB,SF,SEA,16,2.9909205506828993,0.1869,10,9.299725910372254,-1.051467559948226
Terique Owens,WR,SF,SEA,10,0,0,10,9.299725910372254,0
Jordan Watkins,WR,SF,SEA,10,1.8245168041936015,0.1825,10,9.299725910372254,0
Jordan James,RB,SF,SEA,10,3.19860794236458,0.3199,10,9.299725910372254,0
Junior Bergen,WR,SF,SEA,10,0.2940503369188361,0.0294,10,9.299725910372254,0
Corey Kiner,RB,SF,SEA,10,0,0,10,9.299725910372254,0
Cooper Kupp,WR,SEA,SF,18,8.870462345516733,0.4928,10,9.299725910372254,-0.05365794560694015
Marquez Valdes Scantling,WR,SF,SEA,12,2.344515758122048,0.1954,10,9.299725910372254,-3.477605076125103
Steven Sims,WR,SEA,SF,10,0.009643543451339763,0.001,10,9.299725910372254,0
Cody White,WR,SEA,SF,10,0.282513846234132,0.0283,10,9.299725910372254,0
Kenneth Walker,RB,SEA,SF,26,13.59946804510197,0.5231,10,9.299725910372254,0.2687338834206072
Dareke Young,WR,SEA,SF,10,0.022746960593717114,0.0023,10,9.299725910372254,0
Jaxon Smith Njigba,WR,SEA,SF,27,11.936179135027505,0.4421,10,9.299725910372254,0.15508548380325002
Zach Charbonnet,RB,SEA,SF,19,7.543201715795087,0.397,10,9.299725910372254,-0.1951693549530186
Jake Bobo,WR,SEA,SF,10,1.1416993080296356,0.1142,10,9.299725910372254,0
Brady Russell,RB,SEA,SF,10,0,0,10,9.299725910372254,0
John Rhys Plumlee,WR,SEA,SF,10,0,0,10,9.299725910372254,0
George Holani,RB,SEA,SF,10,0.4884522290516853,0.0488,10,9.299725910372254,0
Tory Horton,WR,SEA,SF,10,3.596313580202871,0.3596,10,9.299725910372254,0
Robbie Ouzts,RB,SEA,SF,10,0,0,10,9.299725910372254,0
Damien Martinez,RB,SEA,SF,10,1.0238602334154194,0.1024,10,9.299725910372254,0
Ricky White,WR,SEA,SF,10,0.30595520224148903,0.0306,10,9.299725910372254,0
Jacardia Wright,RB,SEA,SF,10,0,0,10,9.299725910372254,0
Tyrone Broden,WR,SEA,SF,10,0,0,10,9.299725910372254,0
Robbie Anderson,WR,SF,SEA,10,0.2695207278952268,0.027,10,9.299725910372254,0
Anthony Tyus,RB,SEA,SF,10,0,0,10,9.299725910372254,0
Jeff Wilson,RB,SF,SEA,10,0.35110450257807285,0.0351,10,9.299725910372254,0
Ke Shawn Vaughn,RB,SF,SEA,10,0,0,10,9.299725910372254,0
Malik Turner,WR,SF,SEA,10,0.05781636237645959,0.0058,10,9.299725910372254,0
Tyler Lockett,WR,TEN,DEN,10,5.516642218555305,0.5517,10,9.299725910372254,0
Calvin Ridley,WR,TEN,DEN,23,9.447160879511053,0.4107,10,9.299725910372254,0.011341151472215243
Tony Pollard,RB,TEN,DEN,23,11.846021800907188,0.515,10,9.299725910372254,0.19586891465653336
Van Jefferson,WR,TEN,DEN,10,2.4158494792919276,0.2416,10,9.299725910372254,0
James Proche,WR,TEN,DEN,10,0.07289643516721424,0.0073,10,9.299725910372254,0
Mason Kinsey,WR,TEN,DEN,10,0.07889392721439704,0.0079,10,9.299725910372254,0
Julius Chestnut,RB,TEN,DEN,10,1.6124522992454622,0.1612,10,9.299725910372254,0
Jha Quan Jackson,WR,TEN,DEN,10,0.09271237269172934,0.0093,10,9.299725910372254,0
Bryce Oliver,WR,TEN,DEN,10,0.2522754986588596,0.0252,10,9.299725910372254,0
Elic Ayomanor,WR,TEN,DEN,10,4.7593027932874,0.4759,10,9.299725910372254,0
Kalel Mullings,RB,TEN,DEN,10,2.7213776086320975,0.2721,10,9.299725910372254,0
Xavier Restrepo,WR,TEN,DEN,10,1.54,0.154,10,9.299725910372254,0
TJ Sheffield,WR,TEN,DEN,10,0,0,10,9.299725910372254,0
Courtland Sutton,WR,DEN,TEN,28,10.65266320435712,0.3805,10,9.299725910372254,0.0751631829991592
Trent Sherfield,WR,DEN,TEN,10,0.8266300592405262,0.0827,10,9.299725910372254,0
Michael Bandy,WR,DEN,TEN,10,0.03740879316967452,0.0037,10,9.299725910372254,0
Tyler Badie,RB,DEN,TEN,10,1.0551283451650397,0.1055,10,9.299725910372254,0
Marvin Mims,WR,DEN,TEN,19,7.148123329425868,0.3762,10,9.299725910372254,-0.23906695343848738
A T Perry,WR,DEN,TEN,10,0.3719167809901065,0.0372,10,9.299725910372254,0
Jaleel McLaughlin,RB,DEN,TEN,10,3.0987864712563074,0.3099,10,9.299725910372254,0
Troy Franklin,WR,DEN,TEN,10,3.382446137631525,0.3382,10,9.299725910372254,0
Audric Estime,RB,DEN,TEN,10,0.36834371707664476,0.0368,10,9.299725910372254,0
Devaughn Vele,WR,NO,DEN,12,3.8582093795476244,0.3215,10,9.299725910372254,-2.7207582654123152
Blake Watson,RB,DEN,TEN,10,0.33652630281475754,0.0337,10,9.299725910372254,0
RJ Harvey,RB,DEN,TEN,21,9.579653308450137,0.4562,10,9.299725910372254,0.025447945279807496
Pat Bryant,WR,DEN,TEN,10,4.898168484692168,0.4898,10,9.299725910372254,0
Courtney Jackson,WR,DEN,TEN,10,0,0,10,9.299725910372254,0
Joaquin Davis,WR,DEN,TEN,10,0,0,10,9.299725910372254,0
Jerjuan Newton,WR,DEN,TEN,10,0,0,10,9.299725910372254,0
Kyrese Rowan,WR,DEN,TEN,10,0,0,10,9.299725910372254,0
Chimere Dike,WR,TEN,DEN,10,2.369418902630123,0.2369,10,9.299725910372254,0
J K Dobbins,RB,DEN,TEN,24,8.935342529365677,0.3723,10,9.299725910372254,-0.02602738435761268
Jordan Mims,RB,TEN,DEN,10,0.5942635772782195,0.0594,10,9.299725910372254,0
Jermar Jefferson,RB,TEN,DEN,10,0.4034873912042826,0.0403,10,9.299725910372254,0
Matt Landers,WR,TEN,DEN,10,0,0,10,9.299725910372254,0
Kalif Raymond,WR,DET,GB,10,1.536801648744031,0.1537,10,9.299725910372254,0
David Montgomery,RB,DET,GB,27,10.835251475775483,0.4013,10,9.299725910372254,0.09032503325901342
Malik Taylor,WR,DET,GB,10,0.2238576029831181,0.0224,10,9.299725910372254,0
Tom Kennedy,WR,DET,GB,10,0.05146264865218193,0.0051,10,9.299725910372254,0
Craig Reynolds,RB,DET,GB,10,0.8228206075139348,0.0823,10,9.299725910372254,0
Amon Ra St Brown,WR,DET,GB,36,13.224263452286174,0.3673,10,9.299725910372254,0.1509437516120738
Jameson Williams,WR,DET,GB,29,10.059060148710811,0.3469,10,9.299725910372254,0.03996495991255562
Jahmyr Gibbs,RB,DET,GB,39,15.441608283492021,0.3959,10,9.299725910372254,0.21178904734895748
Ronnie Bell,WR,DET,GB,10,0.13518561071935933,0.0135,10,9.299725910372254,0
Sione Vaki,RB,DET,GB,10,0.4507750107415595,0.0451,10,9.299725910372254,0
Dominic Lovett,WR,DET,GB,10,0.25794663431909615,0.0258,10,9.299725910372254,0
Jackson Meeks,WR,DET,GB,10,0,0,10,9.299725910372254,0
Jakobie Keeney James,WR,DET,GB,10,0,0,10,9.299725910372254,0
Josh Jacobs,RB,GB,DET,37,13.73587157674945,0.3712,10,9.299725910372254,0.16430169134730352
Mecole Hardman,WR,GB,DET,10,0.4612905743352918,0.0461,10,9.299725910372254,0
Romeo Doubs,WR,GB,DET,17,7.457714276554476,0.4387,10,9.299725910372254,-0.26314451911682546
Jayden Reed,WR,GB,DET,18,7.096210083710771,0.3942,10,9.299725910372254,-0.27543947833268545
Dontayvion Wicks,WR,GB,DET,13,5.034496294396946,0.3873,10,9.299725910372254,-1.421743205325103
Malik Heath,WR,GB,DET,10,0.39942308051815,0.0399,10,9.299725910372254,0
Chris Brooks,RB,GB,DET,10,2.002581828605245,0.2003,10,9.299725910372254,0
Emanuel Wilson,RB,GB,DET,12,3.481937508204711,0.2902,10,9.299725910372254,-2.908894201083772
Cornelius Johnson,WR,GB,DET,10,0.23302176800254135,0.0233,10,9.299725910372254,0
Julian Hicks,WR,GB,DET,10,0,0,10,9.299725910372254,0
Savion Williams,WR,GB,DET,10,3.0714131850329625,0.3071,10,9.299725910372254,0
Matthew Golden,WR,GB,DET,20,9.186187561253803,0.4593,10,9.299725910372254,-0.011353834911845162
Isaac TeSlaa,WR,DET,GB,10,5.061332949101463,0.5061,10,9.299725910372254,0
Will Sheppard,WR,GB,DET,10,0,0,10,9.299725910372254,0
Israel Abanikanda,RB,GB,DET,10,0.5428719589201815,0.0543,10,9.299725910372254,0
Amar Johnson,RB,GB,DET,10,0,0,10,9.299725910372254,0
Jacob Saylors,RB,DET,GB,10,0,0,10,9.299725910372254,0
Isaiah Neyor,WR,GB,DET,10,0,0,10,9.299725910372254,0
Deon Jackson,RB,DET,GB,10,0.47732744152600676,0.0477,10,9.299725910372254,0
Kawaan Baker,WR,GB,DET,10,0,0,10,9.299725910372254,0
Tyrion Davis Price,RB,GB,DET,10,0.1804488935195855,0.018,10,9.299725910372254,0
Dare Ogunbowale,RB,HOU,LAR,10,1.272380565146213,0.1272,10,9.299725910372254,0
Christian Kirk,WR,HOU,LAR,16,7.848224463218641,0.4905,10,9.299725910372254,-0.24191690785893552
Justin Watson,WR,HOU,LAR,10,0.7290338231298124,0.0729,10,9.299725910372254,0
Braxton Berrios,WR,HOU,LAR,10,0.1801107248603825,0.018,10,9.299725910372254,0
Jakob Johnson,RB,HOU,LAR,10,0.0047098556756550985,5e-4,10,9.299725910372254,0
J J Taylor,RB,HOU,LAR,10,0.27214688150929933,0.0272,10,9.299725910372254,0
Nico Collins,WR,HOU,LAR,31,12.793637113269394,0.4127,10,9.299725910372254,0.16637672394748285
John Metchie,WR,PHI,LAR,10,1.421236058164342,0.1421,10,9.299725910372254,0
Dameon Pierce,RB,HOU,LAR,10,3.697531203879109,0.3698,10,9.299725910372254,0
Xavier Hutchinson,WR,HOU,LAR,10,1.3428965292406247,0.1343,10,9.299725910372254,0
Xavier Johnson,WR,HOU,LAR,10,0,0,10,9.299725910372254,0
British Brooks,RB,HOU,LAR,10,0.027944335935859738,0.0028,10,9.299725910372254,0
Jayden Higgins,WR,HOU,LAR,15,6.701982799784744,0.4468,10,9.299725910372254,-0.5195486221175021
Jaylin Noel,WR,HOU,LAR,11,3.8025020019554576,0.3457,10,9.299725910372254,-5.497223908416797
Woody Marks,RB,HOU,LAR,10,5.95125055198665,0.5951,10,9.299725910372254,0
Daniel Jackson,WR,HOU,LAR,10,0,0,10,9.299725910372254,0
Davante Adams,WR,LAR,HOU,33,11.919146973954833,0.3612,10,9.299725910372254,0.11388787232967731
Tutu Atwell,WR,LAR,HOU,10,4.135316375457307,0.4135,10,9.299725910372254,0
Kyren Williams,RB,LAR,HOU,33,12.958708753933376,0.3927,10,9.299725910372254,0.15908621058961397
Ronnie Rivers,RB,LAR,HOU,10,0.2910253970851638,0.0291,10,9.299725910372254,0
Britain Covey,WR,LAR,HOU,10,0.33292312320851464,0.0333,10,9.299725910372254,0
Puka Nacua,WR,LAR,HOU,32,13.365061670175063,0.4177,10,9.299725910372254,0.18478798908194582
Xavier Smith,WR,LAR,HOU,10,0.04393716971725999,0.0044,10,9.299725910372254,0
Blake Corum,RB,LAR,HOU,10,3.1601300123381795,0.316,10,9.299725910372254,0
Jordan Whittington,WR,LAR,HOU,10,1.8747313500879677,0.1875,10,9.299725910372254,0
Cody Schrader,RB,LAR,HOU,10,0.27322979549440063,0.0273,10,9.299725910372254,0
Konata Mumpfield,WR,LAR,HOU,10,0.5121337432105257,0.0512,10,9.299725910372254,0
Tru Edwards,WR,LAR,HOU,10,0,0,10,9.299725910372254,0
Brennan Presley,WR,LAR,HOU,10,0,0,10,9.299725910372254,0
Mario Williams,WR,LAR,HOU,10,0,0,10,9.299725910372254,0
Jordan Waters,RB,LAR,HOU,10,0,0,10,9.299725910372254,0
Jarquez Hunter,RB,LAR,HOU,10,3.7526891644716267,0.3753,10,9.299725910372254,0
Nick Chubb,RB,HOU,LAR,16,7.653670599641037,0.4784,10,9.299725910372254,-0.2743425517885362
Quintez Cephus,WR,HOU,LAR,10,0.14584751240937135,0.0146,10,9.299725910372254,0
Elijah Young,RB,BUF,BAL,10,0,0,10,9.299725910372254,0
DeAndre Hopkins,WR,BAL,BUF,12,5.755536772265543,0.4796,10,9.299725910372254,-1.7720945690533556
Derrick Henry,RB,BAL,BUF,38,14.725050536870699,0.3875,10,9.299725910372254,0.19376159380351585
Patrick Ricard,RB,BAL,BUF,10,0.5555072391667437,0.0556,10,9.299725910372254,0
Anthony Miller,WR,BAL,BUF,10,0.3612047011331521,0.0361,10,9.299725910372254,0
Keith Kirkwood,WR,BAL,BUF,10,0.16297668080714298,0.0163,10,9.299725910372254,0
Justice Hill,RB,BAL,BUF,15,4.971261480603174,0.3314,10,9.299725910372254,-0.865692885953816
Rashod Bateman,WR,BAL,BUF,21,7.397868741302396,0.3523,10,9.299725910372254,-0.17289610627907803
Tylan Wallace,WR,BAL,BUF,10,0.8374208584687128,0.0837,10,9.299725910372254,0
Zay Flowers,WR,BAL,BUF,22,10.237656614895272,0.4653,10,9.299725910372254,0.07816089204358478
Malik Cunningham,WR,BAL,BUF,10,0,0,10,9.299725910372254,0
Keaton Mitchell,RB,BAL,BUF,10,2.665424037030561,0.2665,10,9.299725910372254,0
Devontez Walker,WR,BAL,BUF,10,0.14288911191862405,0.0143,10,9.299725910372254,0
Rasheen Ali,RB,BAL,BUF,10,0.2077189886056283,0.0208,10,9.299725910372254,0
Jahmal Banks,WR,BAL,BUF,10,0,0,10,9.299725910372254,0
Xavier Guillory,WR,BAL,BUF,10,0,0,10,9.299725910372254,0
Lucas Scott,RB,BAL,BUF,10,0,0,10,9.299725910372254,0
Curtis Samuel,WR,BUF,BAL,13,2.2554671997787956,0.1735,10,9.299725910372254,-2.348086236864486
Ty Johnson,RB,BUF,BAL,12,3.2092629571762665,0.2674,10,9.299725910372254,-3.045231476597994
KJ Hamler,WR,BUF,BAL,10,0.4749991246413188,0.0475,10,9.299725910372254,0
Darrynton Evans,RB,BUF,BAL,10,0.08390782533326267,0.0084,10,9.299725910372254,0
Reggie Gilliam,RB,BUF,BAL,10,0.027705190105748703,0.0028,10,9.299725910372254,0
Elijah Moore,WR,BUF,BAL,10,3.411881189120418,0.3412,10,9.299725910372254,0
Joshua Palmer,WR,BUF,BAL,16,6.689743821854896,0.4181,10,9.299725910372254,-0.43499701475289304
James Cook,RB,BUF,BAL,32,12.006998355089666,0.3752,10,9.299725910372254,0.12305783839624596
Khalil Shakir,WR,BUF,BAL,20,8.587384000252145,0.4294,10,9.299725910372254,-0.07123419101201094
Jalen Virgil,WR,BUF,BAL,10,0.0018727075062699718,2e-4,10,9.299725910372254,0
Tyrell Shavers,WR,BUF,BAL,16,0.5919849711077164,0.037,10,9.299725910372254,-1.4512901565440897
Keon Coleman,WR,BUF,BAL,14,7.592614578967892,0.5423,10,9.299725910372254,-0.4267778328510907
Ray Davis,RB,BUF,BAL,15,4.996341065107391,0.3331,10,9.299725910372254,-0.8606769690529728
Frank Gore,RB,BUF,BAL,10,0,0,10,9.299725910372254,0
Kaden Prather,WR,BUF,BAL,10,0.2655747367489462,0.0266,10,9.299725910372254,0
Stephen Gosnell,WR,BUF,BAL,10,0,0,10,9.299725910372254,0
LaJohntay Wester,WR,BAL,BUF,10,0.6920385955900513,0.0692,10,9.299725910372254,0
Kristian Wilkerson,WR,BUF,BAL,10,0.1508286925542751,0.0151,10,9.299725910372254,0
Laviska Shenault,WR,BUF,BAL,10,0.12480983749155078,0.0125,10,9.299725910372254,0
Deon Cain,WR,BUF,BAL,10,0,0,10,9.299725910372254,0
D Ernest Johnson,RB,BAL,BUF,10,0.6081156696489614,0.0608,10,9.299725910372254,0
Myles Gaskin,RB,BAL,BUF,10,0.15760872081079028,0.0158,10,9.299725910372254,0
Aaron Jones,RB,MIN,CHI,25,12.395287573168346,0.4958,10,9.299725910372254,0.20637077751973945
Justin Jefferson,WR,MIN,CHI,38,14.95762754887679,0.3936,10,9.299725910372254,0.20206791566087626
Tim Jones,WR,MIN,CHI,10,0.23850971788683017,0.0239,10,9.299725910372254,0
Ty Chandler,RB,MIN,CHI,10,1.8159243609142801,0.1816,10,9.299725910372254,0
Jalen Nailor,WR,MIN,CHI,12,3.9223961151392825,0.3269,10,9.299725910372254,-2.688664897616486
Jordan Mason,RB,MIN,CHI,14,6.596423634499948,0.4712,10,9.299725910372254,-0.6758255689680766
Thayer Thomas,WR,MIN,CHI,10,0,0,10,9.299725910372254,0
Zavier Scott,RB,MIN,CHI,10,0,0,10,9.299725910372254,0
Lucky Jackson,WR,MIN,CHI,10,0,0,10,9.299725910372254,0
Jeshaun Jones,WR,MIN,CHI,10,0,0,10,9.299725910372254,0
Tai Felton,WR,MIN,CHI,10,3.0469178602386426,0.3047,10,9.299725910372254,0
Silas Bolden,WR,MIN,CHI,10,0,0,10,9.299725910372254,0
Dontae Fleming,WR,MIN,CHI,10,0,0,10,9.299725910372254,0
Robert Lewis,WR,MIN,CHI,10,0,0,10,9.299725910372254,0
Tre Stewart,RB,MIN,CHI,10,0,0,10,9.299725910372254,0
Myles Price,WR,MIN,CHI,10,0,0,10,9.299725910372254,0
D J Moore,WR,CHI,MIN,27,10.468294008622,0.3877,10,9.299725910372254,0.06873929989704382
Miles Boykin,WR,CHI,MIN,10,0.05796582203207061,0.0058,10,9.299725910372254,0
Olamide Zaccheaus,WR,CHI,MIN,10,4.418008665789062,0.4418,10,9.299725910372254,0
D Andre Swift,RB,CHI,MIN,22,10.848199008789086,0.4931,10,9.299725910372254,0.1290394248680693
Devin Duvernay,WR,CHI,MIN,10,0.2574499670779287,0.0257,10,9.299725910372254,0
Samori Toure,WR,CHI,MIN,10,0.21767167148657313,0.0218,10,9.299725910372254,0
Maurice Alexander,WR,CHI,MIN,10,0.004920669037726368,5e-4,10,9.299725910372254,0
Tyler Scott,WR,CHI,MIN,10,0.035249479838154046,0.0035,10,9.299725910372254,0
Roschon Johnson,RB,CHI,MIN,10,3.5627521125111996,0.3563,10,9.299725910372254,0
Rome Odunze,WR,CHI,MIN,17,8.489167628011888,0.4994,10,9.299725910372254,-0.11579404033719522
Kyle Monangai,RB,CHI,MIN,10,3.623508836103752,0.3624,10,9.299725910372254,0
JP Richardson,WR,CHI,MIN,10,0,0,10,9.299725910372254,0
Luther Burden,WR,CHI,MIN,14,5.822451070911263,0.4159,10,9.299725910372254,-0.869318709865248
Jahdae Walker,WR,CHI,MIN,10,0,0,10,9.299725910372254,0
Ian Wheeler,RB,CHI,MIN,10,0,0,10,9.299725910372254,0
Brittain Brown,RB,CHI,MIN,10,0.00258682760633262,3e-4,10,9.299725910372254,0
Jaylen Wright,RB,MIA,IND,10,1.19,0.119,10,9.299725910372254,0
Audric Estime,RB,PHI,vs. DAL,10,0.77,0.077,10,9.299725910372254,0
Sincere McCormick,RB,SF,SEA,10,0.7,0.07,10,9.299725910372254,0
Chris Godwin,WR,TB,ATL,27,1.19,0.0441,10,9.299725910372254,-0.47704270061013265
Jake Ferguson,TE,DAL,PHI,10,7.142122902468958,0.7142,10,7.142122902468958,0
Luke Schoonmaker,TE,DAL,PHI,10,1.7871366704886213,0.1787,10,7.142122902468958,0
Princeton Fant,TE,DAL,PHI,10,0,0,10,7.142122902468958,0
Brevyn Spann Ford,TE,DAL,PHI,10,0.5961477214515336,0.0596,10,7.142122902468958,0
Tyler Neville,TE,DAL,PHI,10,0,0,10,7.142122902468958,0
Rivaldo Fairweather,TE,DAL,PHI,10,0,0,10,7.142122902468958,0
Dallas Goedert,TE,PHI,DAL,17,6.630919310535405,0.3901,10,7.142122902468958,-0.07302908456193613
Harrison Bryant,TE,HOU,PHI,10,0.1673526217179944,0.0167,10,7.142122902468958,0
Kylen Granson,TE,PHI,DAL,10,1.5151117655697628,0.1515,10,7.142122902468958,0
Grant Calcaterra,TE,PHI,DAL,10,1.79703549971752,0.1797,10,7.142122902468958,0
Nick Muse,TE,PHI,DAL,10,0.0012902691952936798,1e-4,10,7.142122902468958,0
Cameron Latu,TE,PHI,DAL,10,0.34570991937248247,0.0346,10,7.142122902468958,0
E J Jenkins,TE,PHI,DAL,10,0.1252820258914459,0.0125,10,7.142122902468958,0
Travis Kelce,TE,KC,LAC,19,10.16128616381517,0.5348,10,7.142122902468958,0.33546258459402356
Robert Tonyan,TE,KC,LAC,10,0.05555017260235824,0.0056,10,7.142122902468958,0
Noah Gray,TE,KC,LAC,10,3.8807826448397313,0.3881,10,7.142122902468958,0
Jared Wiley,TE,KC,LAC,10,0.6251107196164675,0.0625,10,7.142122902468958,0
Tre Watson,TE,KC,LAC,10,0,0,10,7.142122902468958,0
Will Dissly,TE,LAC,KC,10,3.6508602359642612,0.3651,10,7.142122902468958,0
Tyler Conklin,TE,LAC,KC,13,3.7280639202072905,0.2868,10,7.142122902468958,-1.138019660753889
Tucker Fisk,TE,LAC,KC,10,0.19490211214757322,0.0195,10,7.142122902468958,0
Oronde Gadsden,TE,LAC,KC,10,1.4820708995772365,0.1482,10,7.142122902468958,0
Stevo Klotz,TE,LAC,KC,10,0,0,10,7.142122902468958,0
Geor Quarius Spivey,TE,KC,LAC,10,0,0,10,7.142122902468958,0
Thomas Yassmin,TE,LAC,KC,10,0,0,10,7.142122902468958,0
Cade Otton,TE,TB,ATL,13,5.910660482866277,0.4547,10,7.142122902468958,-0.4104874732008937
Ko Kieft,TE,TB,ATL,10,0.42192999760244704,0.0422,10,7.142122902468958,0
Payne Durham,TE,TB,ATL,10,1.617466399467464,0.1617,10,7.142122902468958,0
Tanner Taula,TE,TB,ATL,10,0,0,10,7.142122902468958,0
Devin Culp,TE,TB,ATL,10,1.2008846902350292,0.1201,10,7.142122902468958,0
Charlie Woerner,TE,ATL,TB,10,1.435867095265533,0.1436,10,7.142122902468958,0
Kyle Pitts,TE,ATL,TB,12,6.214877310651397,0.5179,10,7.142122902468958,-0.46362279590878064
Feleipe Franks,TE,ATL,TB,10,0.07818912853722974,0.0078,10,7.142122902468958,0
Nikola Kalinic,TE,ATL,TB,10,0,0,10,7.142122902468958,0
Teagan Quitoriano,TE,ATL,TB,10,6.50065760329005e-4,1e-4,10,7.142122902468958,0
Joshua Simon,TE,ATL,TB,10,0,0,10,7.142122902468958,0
Jelani Woods,TE,NYJ,PIT,10,0.7954047658460995,0.0795,10,7.142122902468958,0
Pat Freiermuth,TE,PIT,NYJ,14,6.128255711175593,0.4377,10,7.142122902468958,-0.25346679782334114
Connor Heyward,TE,PIT,NYJ,10,0.46404172230485674,0.0464,10,7.142122902468958,0
Darnell Washington,TE,PIT,NYJ,10,1.607491514691289,0.1607,10,7.142122902468958,0
JJ Galbreath,TE,PIT,NYJ,10,0,0,10,7.142122902468958,0
Andrew Beck,TE,NYJ,PIT,10,0.060529115909323666,0.0061,10,7.142122902468958,0
Jeremy Ruckert,TE,NYJ,PIT,10,1.7346845083489177,0.1735,10,7.142122902468958,0
Stone Smartt,TE,NYJ,PIT,10,1.434970200614445,0.1435,10,7.142122902468958,0
Zack Kuntz,TE,NYJ,PIT,10,0,0,10,7.142122902468958,0
Neal Johnson,TE,NYJ,PIT,10,0,0,10,7.142122902468958,0
Jonnu Smith,TE,PIT,NYJ,18,6.285220463533554,0.3492,10,7.142122902468958,-0.10711280486692554
Mason Taylor,TE,NYJ,PIT,10,5.734820060156014,0.5735,10,7.142122902468958,0
Kevin Foelsch,TE,PIT,NYJ,10,0,0,10,7.142122902468958,0
Pharaoh Brown,TE,MIA,IND,10,0.3054464463963598,0.0305,10,7.142122902468958,0
Tanner Conner,TE,MIA,IND,10,1.217534770622627,0.1218,10,7.142122902468958,0
Julian Hill,TE,MIA,IND,10,1.6066399320176818,0.1607,10,7.142122902468958,0
Hayden Rucci,TE,MIA,IND,10,0,0,10,7.142122902468958,0
Mo Alie Cox,TE,IND,MIA,10,1.048260539632944,0.1048,10,7.142122902468958,0
Sean McKeon,TE,IND,MIA,10,0.04635372125609032,0.0046,10,7.142122902468958,0
Drew Ogletree,TE,IND,MIA,10,0.7846911061707775,0.0785,10,7.142122902468958,0
Will Mallory,TE,IND,MIA,10,0.7126192643142356,0.0713,10,7.142122902468958,0
Tyler Warren,TE,IND,MIA,13,7.721060539262795,0.5939,10,7.142122902468958,0.19297921226461234
Max Mang,TE,IND,MIA,10,0,0,10,7.142122902468958,0
Darren Waller,TE,MIA,IND,10,5.6838069880342745,0.5684,10,7.142122902468958,0
Chris Myarick,TE,MIA,IND,10,0,0,10,7.142122902468958,0
Mitchell Wilcox,TE,MIA,IND,10,0.04549399456938219,0.0045,10,7.142122902468958,0
Dominique Dafney,TE,CAR,JAC,10,0,0,10,7.142122902468958,0
Tommy Tremble,TE,CAR,JAC,10,2.873885080597106,0.2874,10,7.142122902468958,0
James Mitchell,TE,CAR,JAC,10,0.03287162611898395,0.0033,10,7.142122902468958,0
Ja Tavion Sanders,TE,CAR,JAC,10,5.047485161490489,0.5047,10,7.142122902468958,0
Mitchell Evans,TE,CAR,JAC,10,1.3952417931413406,0.1395,10,7.142122902468958,0
Bryce Pierre,TE,CAR,JAC,10,0,0,10,7.142122902468958,0
Johnny Mundt,TE,JAC,CAR,10,1.6419976545493116,0.1642,10,7.142122902468958,0
Hunter Long,TE,JAC,CAR,10,1.1921482830651682,0.1192,10,7.142122902468958,0
Quintin Morris,TE,JAC,CAR,10,0.20539522125558976,0.0205,10,7.142122902468958,0
Brenton Strange,TE,JAC,CAR,11,5.465650999638279,0.4969,10,7.142122902468958,-1.676471902830679
Shawn Bowman,TE,JAC,CAR,10,0,0,10,7.142122902468958,0
Patrick Herbert,TE,JAC,CAR,10,0,0,10,7.142122902468958,0
John Copenhaver,TE,JAC,CAR,10,0,0,10,7.142122902468958,0
Tyler Mabry,TE,CAR,JAC,10,0.00960503458826154,0.001,10,7.142122902468958,0
Chris Manhertz,TE,NYG,WAS,10,0.2759257607122286,0.0276,10,7.142122902468958,0
Greg Dulcich,TE,NYG,WAS,10,0.21489837114655758,0.0215,10,7.142122902468958,0
Daniel Bellinger,TE,NYG,WAS,10,1.39499353282922,0.1395,10,7.142122902468958,0
Theo Johnson,TE,NYG,WAS,12,5.280134988471324,0.44,10,7.142122902468958,-0.930993956998817
Thomas Fidone,TE,NYG,WAS,10,0.5280601419028405,0.0528,10,7.142122902468958,0
Jermaine Terry,TE,NYG,WAS,10,0,0,10,7.142122902468958,0
Zach Ertz,TE,WAS,NYG,18,6.6051930248656054,0.367,10,7.142122902468958,-0.06711623470041905
Lawrence Cager,TE,WAS,NYG,10,0.1699940243188605,0.017,10,7.142122902468958,0
John Bates,TE,WAS,NYG,10,1.0282227756561932,0.1028,10,7.142122902468958,0
Cole Turner,TE,WAS,NYG,10,0.3491577592395729,0.0349,10,7.142122902468958,0
Ben Sinnott,TE,WAS,NYG,10,1.5180436394883197,0.1518,10,7.142122902468958,0
Colson Yankoff,TE,WAS,NYG,10,0,0,10,7.142122902468958,0
Josiah Deguara,TE,ARI,NO,10,0.04490263192460466,0.0045,10,7.142122902468958,0
Trey McBride,TE,ARI,NO,27,11.896650797678603,0.4406,10,7.142122902468958,0.2796781114829203
Elijah Higgins,TE,ARI,NO,10,1.7860608847779682,0.1786,10,7.142122902468958,0
Travis Vokolek,TE,ARI,NO,10,0,0,10,7.142122902468958,0
Tip Reiman,TE,ARI,NO,10,0.7954986286014498,0.0795,10,7.142122902468958,0
Oscar Cardenas,TE,ARI,NO,10,0,0,10,7.142122902468958,0
Juwan Johnson,TE,NO,ARI,11,5.0003973012584835,0.4546,10,7.142122902468958,-2.1417256012104744
Jack Stoll,TE,NO,ARI,10,0.07193847785178506,0.0072,10,7.142122902468958,0
Michael Jacobson,TE,NO,ARI,10,0,0,10,7.142122902468958,0
Treyton Welch,TE,NO,ARI,10,0,0,10,7.142122902468958,0
Moliki Matavao,TE,NO,ARI,10,0.8746863557992827,0.0875,10,7.142122902468958,0
Seth Green,TE,NO,ARI,10,0,0,10,7.142122902468958,0
Mike Gesicki,TE,CIN,CLE,15,5.300209993859441,0.3533,10,7.142122902468958,-0.3683825817219034
Tanner Hudson,TE,CIN,CLE,10,1.335366632922085,0.1335,10,7.142122902468958,0
Drew Sample,TE,CIN,CLE,10,1.1557334444090295,0.1156,10,7.142122902468958,0
Cam Grandy,TE,CIN,CLE,10,0.17788422948234334,0.0178,10,7.142122902468958,0
David Njoku,TE,CLE,CIN,21,10.48977573768153,0.4995,10,7.142122902468958,0.30433207592841566
Blake Whiteheart,TE,CLE,CIN,10,0.7868879631809691,0.0787,10,7.142122902468958,0
Brenden Bates,TE,CLE,CIN,10,0.020670454842696244,0.0021,10,7.142122902468958,0
Harold Fannin,TE,CLE,CIN,10,5.910484571627377,0.591,10,7.142122902468958,0
Sal Cannella,TE,CLE,CIN,10,0,0,10,7.142122902468958,0
Noah Fant,TE,CIN,CLE,11,4.958732061828647,0.4508,10,7.142122902468958,-2.1833908406403113
Mitch Van Vooren,TE,CLE,CIN,10,0,0,10,7.142122902468958,0
Ian Thomas,TE,LV,NE,10,0.39832124660837287,0.0398,10,7.142122902468958,0
Michael Mayer,TE,LV,NE,10,2.563992147062216,0.2564,10,7.142122902468958,0
Justin Shorter,TE,LV,NE,10,0.01831736321036106,0.0018,10,7.142122902468958,0
Brock Bowers,TE,LV,NE,24,10.662184862863072,0.4443,10,7.142122902468958,0.25143299717100814
Qadir Ismail,TE,LV,NE,10,0,0,10,7.142122902468958,0
Carter Runyon,TE,LV,NE,10,0,0,10,7.142122902468958,0
Hunter Henry,TE,NE,LV,14,6.731891342573379,0.4808,10,7.142122902468958,-0.10255788997389481
Austin Hooper,TE,NE,LV,10,3.0825806348365044,0.3083,10,7.142122902468958,0
Jaheim Bell,TE,NE,LV,10,0.07401144731188916,0.0074,10,7.142122902468958,0
Jack Westover,TE,NE,LV,10,0.35,0.035,10,7.142122902468958,0
Gee Scott,TE,NE,LV,10,0,0,10,7.142122902468958,0
CJ Dippre,TE,NE,LV,10,0,0,10,7.142122902468958,0
Cole Fotheringham,TE,NE,LV,10,0.21368418476701503,0.0214,10,7.142122902468958,0
Albert Okwuegbunam,TE,LV,NE,10,0.04402442056730536,0.0044,10,7.142122902468958,0
George Kittle,TE,SF,SEA,24,10.142894390798006,0.4226,10,7.142122902468958,0.21434082059493198
Ross Dwelley,TE,SF,SEA,10,0.029356577763853406,0.0029,10,7.142122902468958,0
Luke Farrell,TE,SF,SEA,10,1.2702987163793984,0.127,10,7.142122902468958,0
Jake Tonges,TE,SF,SEA,10,0.13999999999999999,0.014,10,7.142122902468958,0
Brayden Willis,TE,SF,SEA,10,0.021225932596310972,0.0021,10,7.142122902468958,0
Eric Saubert,TE,SEA,SF,10,0.8177244125190188,0.0818,10,7.142122902468958,0
AJ Barner,TE,SEA,SF,10,3.633552948728135,0.3634,10,7.142122902468958,0
Marshall Lang,TE,SEA,SF,10,0,0,10,7.142122902468958,0
Nick Kallerup,TE,SEA,SF,10,0,0,10,7.142122902468958,0
Elijah Arroyo,TE,SEA,SF,10,5.2234077555326435,0.5223,10,7.142122902468958,0
Chig Okonkwo,TE,TEN,DEN,13,5.529339754151162,0.4253,10,7.142122902468958,-0.5375943827725985
Thomas Odukoya,TE,TEN,DEN,10,0,0,10,7.142122902468958,0
Josh Whyle,TE,TEN,DEN,10,0.36908820527687786,0.0369,10,7.142122902468958,0
David Martin Robinson,TE,TEN,DEN,10,0.634457219311989,0.0634,10,7.142122902468958,0
Gunnar Helm,TE,TEN,DEN,10,2.4850535486140024,0.2485,10,7.142122902468958,0
Drake Dabney,TE,TEN,DEN,10,0,0,10,7.142122902468958,0
Evan Engram,TE,DEN,TEN,15,7.923344607999326,0.5282,10,7.142122902468958,0.15624434110607358
Adam Trautman,TE,DEN,TEN,10,1.4993159611214093,0.1499,10,7.142122902468958,0
Lucas Krull,TE,DEN,TEN,10,1.1602238467304815,0.116,10,7.142122902468958,0
Caleb Lohner,TE,DEN,TEN,10,0.2024821898503596,0.0202,10,7.142122902468958,0
Caden Prieskorn,TE,DEN,TEN,10,0,0,10,7.142122902468958,0
Brock Wright,TE,DET,GB,10,1.2406773331404999,0.1241,10,7.142122902468958,0
Shane Zylstra,TE,DET,GB,10,0.388297578410166,0.0388,10,7.142122902468958,0
Sam LaPorta,TE,DET,GB,22,8.982642622940832,0.4083,10,7.142122902468958,0.15337664337265614
Zach Horton,TE,DET,GB,10,0,0,10,7.142122902468958,0
John FitzPatrick,TE,GB,DET,10,0.17594450137913964,0.0176,10,7.142122902468958,0
Luke Musgrave,TE,GB,DET,10,2.1978079121031007,0.2198,10,7.142122902468958,0
Tucker Kraft,TE,GB,DET,14,6.992826596577348,0.4995,10,7.142122902468958,-0.03732407647290237
Ben Sims,TE,GB,DET,10,0.43371258110780697,0.0434,10,7.142122902468958,0
Johnny Lumpkin,TE,GB,DET,10,0,0,10,7.142122902468958,0
Messiah Swinson,TE,GB,DET,10,0,0,10,7.142122902468958,0
Steven Stilianos,TE,DET,GB,10,0,0,10,7.142122902468958,0
Gunnar Oakes,TE,DET,GB,10,0,0,10,7.142122902468958,0
Dalton Schultz,TE,HOU,LAR,11,5.391439113932147,0.4901,10,7.142122902468958,-1.7506837885368105
Cade Stover,TE,HOU,LAR,10,1.92845184021257,0.1928,10,7.142122902468958,0
Luke Lachey,TE,HOU,LAR,10,0.16099499561819347,0.0161,10,7.142122902468958,0
Tyler Higbee,TE,LAR,HOU,15,4.522211286268728,0.3015,10,7.142122902468958,-0.5239823232400459
Colby Parkinson,TE,LAR,HOU,10,1.4053608896340566,0.1405,10,7.142122902468958,0
Davis Allen,TE,LAR,HOU,10,0.12397305247937433,0.0124,10,7.142122902468958,0
Mark Redman,TE,LAR,HOU,10,0,0,10,7.142122902468958,0
Terrance Ferguson,TE,LAR,HOU,10,3.351849844093512,0.3352,10,7.142122902468958,0
Tre McKitty,TE,HOU,LAR,10,0.0164247711060891,0.0016,10,7.142122902468958,0
McCallan Castles,TE,LAR,HOU,10,0,0,10,7.142122902468958,0
Mark Andrews,TE,BAL,BUF,20,7.711222755458359,0.3856,10,7.142122902468958,0.05690998529894013
Charlie Kolar,TE,BAL,BUF,10,1.7262641097288574,0.1726,10,7.142122902468958,0
Isaiah Likely,TE,BAL,BUF,12,3.238101414111352,0.2698,10,7.142122902468958,-1.9520107441788028
Zaire Mitchell Paden,TE,BAL,BUF,10,0,0,10,7.142122902468958,0
Zach Davidson,TE,BUF,BAL,10,0.12958440096032728,0.013,10,7.142122902468958,0
Dalton Kincaid,TE,BUF,BAL,11,6.799400133940925,0.6181,10,7.142122902468958,-0.3427227685280325
Jackson Hawes,TE,BUF,BAL,10,0.7017855474420858,0.0702,10,7.142122902468958,0
Keleki Latu,TE,BUF,BAL,10,0,0,10,7.142122902468958,0
Dawson Knox,TE,BUF,BAL,10,2.9338938048694843,0.2934,10,7.142122902468958,0
Scotty Washington,TE,BAL,BUF,10,0,0,10,7.142122902468958,0
Baylor Cupp,TE,BAL,BUF,10,0.0750234472174894,0.0075,10,7.142122902468958,0
T J Hockenson,TE,MIN,CHI,16,8.174490196711837,0.5109,10,7.142122902468958,0.17206121570714647
Josh Oliver,TE,MIN,CHI,10,2.0912770286252305,0.2091,10,7.142122902468958,0
Bryson Nesbit,TE,MIN,CHI,10,0,0,10,7.142122902468958,0
Ben Yurosek,TE,MIN,CHI,10,0,0,10,7.142122902468958,0
Durham Smythe,TE,CHI,MIN,10,0.3602743731608777,0.036,10,7.142122902468958,0
Stephen Carlson,TE,CHI,MIN,10,0,0,10,7.142122902468958,0
Cole Kmet,TE,CHI,MIN,10,4.5337967620606845,0.4534,10,7.142122902468958,0
Joel Wilson,TE,CHI,MIN,10,0,0,10,7.142122902468958,0
Colston Loveland,TE,CHI,MIN,11,6.836335511933434,0.6215,10,7.142122902468958,-0.3057873905355235
Giovanni Ricci,TE,MIN,CHI,10,0.07671949220533078,0.0077,10,7.142122902468958,0
Nick Vannett,TE,MIN,CHI,10,0.3066644351143734,0.0307,10,7.142122902468958,0
Thomas Gordon,TE,CHI,MIN,10,0,0,10,7.142122902468958,0
Denver Broncos,DST,DEN,vs. TEN,20,9,0.45,10,6.7,0.22999999999999998
Pittsburgh Steelers,DST,PIT,NYJ,18,8.7,0.4833,10,6.7,0.2499999999999999
Arizona Cardinals,DST,ARI,NO,16,7.8,0.4875,10,6.7,0.18333333333333326
Philadelphia Eagles,DST,PHI,vs. DAL,19,7.7,0.4053,10,6.7,0.1111111111111111
Minnesota Vikings,DST,MIN,CHI,19,7.6,0.4,10,6.7,0.09999999999999994
Washington Commanders,DST,WAS,vs. NYG,15,7.5,0.5,10,6.7,0.15999999999999998
San Francisco 49ers,DST,SF,SEA,12,7.3,0.6083,10,6.7,0.2999999999999998
Los Angeles Rams,DST,LAR,vs. HOU,17,7.3,0.4294,10,6.7,0.08571428571428566
New York Jets,DST,NYJ,vs. PIT,14,7.3,0.5214,10,6.7,0.1499999999999999
Cincinnati Bengals,DST,CIN,CLE,15,7.1,0.4733,10,6.7,0.07999999999999989
Houston Texans,DST,HOU,LAR,18,6.9,0.3833,10,6.7,0.025000000000000022
New England Patriots,DST,NE,vs. LV,10,6.7,0.67,10,6.7,0
Kansas City Chiefs,DST,KC,LAC,16,6.6,0.4125,10,6.7,-0.016666666666666757
Chicago Bears,DST,CHI,vs. MIN,17,6.6,0.3882,10,6.7,-0.014285714285714362
Seattle Seahawks,DST,SEA,vs. SF,18,6.5,0.3611,10,6.7,-0.025000000000000022
Tampa Bay Buccaneers,DST,TB,ATL,16,6.5,0.4062,10,6.7,-0.03333333333333336
Miami Dolphins,DST,MIA,IND,12,6.5,0.5417,10,6.7,-0.10000000000000009
Detroit Lions,DST,DET,GB,16,6.4,0.4,10,6.7,-0.04999999999999997
Green Bay Packers,DST,GB,vs. DET,18,6.3,0.35,10,6.7,-0.050000000000000044
Jacksonville Jaguars,DST,JAC,vs. CAR,10,6.2,0.62,10,6.7,0
Indianapolis Colts,DST,IND,vs. MIA,13,6.2,0.4769,10,6.7,-0.16666666666666666
Las Vegas Raiders,DST,LV,NE,10,6,0.6,10,6.7,0
Los Angeles Chargers,DST,LAC,vs. KC,17,5.9,0.3471,10,6.7,-0.11428571428571425
New York Giants,DST,NYG,WAS,13,5.9,0.4538,10,6.7,-0.2666666666666666
Baltimore Ravens,DST,BAL,BUF,16,5.8,0.3625,10,6.7,-0.15000000000000005
Buffalo Bills,DST,BUF,vs. BAL,17,5.8,0.3412,10,6.7,-0.12857142857142861
Cleveland Browns,DST,CLE,vs. CIN,11,5.8,0.5273,10,6.7,-0.9000000000000004
New Orleans Saints,DST,NO,vs. ARI,13,5.4,0.4154,10,6.7,-0.4333333333333333
Atlanta Falcons,DST,ATL,vs. TB,14,5.4,0.3857,10,6.7,-0.32499999999999996
Carolina Panthers,DST,CAR,JAC,10,5.3,0.53,10,6.7,0
Tennessee Titans,DST,TEN,DEN,10,5.1,0.51,10,6.7,0
Dallas Cowboys,DST,DAL,PHI,16,4.4,0.275,10,6.7,-0.3833333333333333
