player,Position,Team,Team_s,pas_att_com,cmp_com,pas_yds_com,pas_tds_com,rus_att_com,rus_yds_com,rus_tds_com,rec_com,rec_yds_com,rec_tds_com,int_com,fl_com,fpts_com
Caleb Williams,QB,Chicago Bears,CHI,532.8,346.7,3531.3203906271383,22.703318330944658,39.05,181.7,2.3099999999999996,0,0,0,14.583333333333332,4.552499877766234,240.4077558599983
Bo Nix,QB,Denver Broncos,DEN,496.6,309.7,3362.4440423346337,21.936843832119052,30.7,140.5,1.68,0,0,0,13.933333333333334,4.202499877766234,224.03680393299578
Jayden Daniels,QB,Washington Commanders,WAS,543.7,338.7,3523.0070036617703,21.62655271693955,57.3,297.15,3.5,0,0,0,14.783333333333333,4.602499877766235,254.15315792536322
Dak Prescott,QB,Dallas Cowboys,DAL,572.5,385.2,4227.23734347262,30.034402021635017,51.09144492049151,224.09460755897646,1.9157190952701644,0,0,0,10.5,2.7411278558787116,307.14862144120605
Tua Tagovailoa,QB,Miami Dolphins,MIA,544.9,371.1,4280.274695539041,26.473828750234222,30.221887030733882,73.5619081538567,0.48721033074847814,0,0,0,13.25,4.634620318190269,264.86651498599457
Brock Purdy,QB,San Francisco 49ers,SF,498.5,336.2,4190.685760150019,28.575901039625123,38.73109197601331,142.75797503046874,1.6898671817892346,0,0,0,11.071875,2.9388550334331507,289.39645009141725
Lamar Jackson,QB,Baltimore Ravens,BAL,463.6,303.7,3704.5463428380262,24.640512656917306,137.38944034477746,758.8054231580504,4.761242597407136,0,0,0,8.909375,4.921715167436501,332.4390969065651
Jared Goff,QB,Detroit Lions,DET,569,384,4256.492991820955,27.15539106244053,25.344341640386506,35.618048146630585,1.0861265318250246,0,0,0,11.3,3.3407928475035025,270.97826223320646
Josh Allen,QB,Buffalo Bills,BUF,564.9,368.1,4070.570054717901,26.61666439577386,102.43488461134832,503.1057960286446,8.605958469466982,0,0,0,16,3.9106253433158975,347.414539504846
Jalen Hurts,QB,Philadelphia Eagles,PHI,520.3,339.2,3791.594244238206,23.51554637419902,135.43731838885697,558.5984813062539,10.109590630426261,0,0,0,13.55,4.155290334940688,340.3827665096259
Matthew Stafford,QB,Los Angeles Rams,LAR,552.9,355.4,4148.533337935869,25.220947927141744,22.080462984631794,64.44131190024333,0.4687618501357493,0,0,0,12.116666666666667,2.1682978726291307,259.6285651049157
Derek Carr,QB,New Orleans Saints,NO,544.7,363.7,3807.472499550764,24.46775851390735,26.302942321503977,53.51244820388512,0.4173988201589494,0,0,0,9.45,3.4056253433158976,241.76432109237038
Anthony Richardson,QB,Indianapolis Colts,IND,512.2,325.9,3282.6623865811025,19.657264395773858,113.12492717899887,582.6267212713742,8.313735134501458,0,0,0,10.704166666666666,5.12591219423717,297.1246449253447
Deshaun Watson,QB,Cleveland Browns,CLE,544.8,334.4,3509.5825683518497,22.365417056482645,68.46402856290851,350.34754645391763,2.8689150434088244,0,0,0,13.424999999999997,4.844424896638063,258.97936607257316
Jordan Love,QB,Green Bay Packers,GB,545.5,354.8,3937.5963164212044,28.039262182686734,42.72525780055899,198.68037500219577,2.403885055026578,0,0,0,11.25,3.545290334940688,285.61166854809284
C J Stroud,QB,Houston Texans,HOU,557,362.6,4277.417542340611,26.16158194839748,39.63495475013204,171.5879821833813,2.294284937109,0.4533333333333334,0,0,7.716666666666667,4.0142791679948475,291.1489789922168
Trevor Lawrence,QB,Jacksonville Jaguars,JAC,566.6,373.7,4025.2827171655113,23.22349983638689,66.56794520618288,319.2938786510165,3.3263184034953697,0,0,0,13.46875,5.3605996942371705,281.60265692976753
Patrick Mahomes,QB,Kansas City Chiefs,KC,588.1,394.7,4218.899046220153,27.93410582977196,71.30994274568344,374.43068346740904,1.4713650105033336,0,0,0,12.81875,3.173095506632481,307.5987025643899
Joe Burrow,QB,Cincinnati Bengals,CIN,580.3,388.9,3936.5033911707987,26.141106896869736,57.05907925287869,180.03160562369337,1.7857584605263832,0,0,0,9.8,2.7877283583912744,275.36681784305597
Geno Smith,QB,Seattle Seahawks,SEA,521.5,341.8,3884.8752467974473,23.35632439577386,45.48282376668817,186.42182715145378,1.553207662425732,0.4533333333333334,0,0,10.75,3.2378486822327037,259.7827054468944
Baker Mayfield,QB,Tampa Bay Buccaneers,TB,562.9,355.6,3919.3943624379062,25.765854334424574,53.57003034174226,161.03128789238792,1.3310759842688,0,0,0,10.95,3.575457839128293,265.8278608518096
Justin Herbert,QB,Los Angeles Chargers,LAC,544.8,356.3,3849.327021837953,24.065616911539227,62.74949181953309,276.53830941191416,2.7898025348006437,0.5230769230769231,5.230769230769231,0,8.98846153846154,2.9159216968785833,280.59250512206705
Sam Darnold,QB,Minnesota Vikings,MIN,541.2,343.6,3263.6990239493757,21.422021971531436,66.87640726033388,117.90268500051903,2.2110198539779353,0,0,0,12.659523809523808,5.379297872629131,217.8743169132382
Gardner Minshew,QB,Las Vegas Raiders,LV,413.4,259.5,3468.778799891307,19.43258483742336,34.91461726256504,112.67676749891643,1.9520459038019724,0,0,0,10.171739130434784,3.9294949328092574,221.4307145219959
Kyler Murray,QB,Arizona Cardinals,ARI,530.8,353.8,3662.1242383955155,21.715478505572108,86.02862741572426,469.7671214985003,4.678774119680583,0,0,0,12.647916666666667,3.7343062478385107,288.2797112636989
Kirk Cousins,QB,Atlanta Falcons,ATL,537.3,351.9,4258.192150808358,27.553068957177366,32.789705019187664,79.23508899786844,1.0831626819652813,0,0,0,11.847916666666666,5.57680624783851,271.9609176902787
Will Levis,QB,Tennessee Titans,TEN,513,323.2,3531.0569285878373,20.395205309522176,50.78310111796279,148.84911697890362,2.100907853300907,0,0,0,12.030555555555555,5.129583095037468,228.02373545366748
Russell Wilson,QB,Pittsburgh Steelers,PIT,443.1,281.9,3315.9180996518166,22.203268535207414,71.60421473163126,315.547120445625,2.7832541408537725,0,0,0,8.966666666666667,4.354899491836278,252.02756936624823
Aaron Rodgers,QB,New York Jets,NYJ,544.5,359.7,2769.0838133210514,18.94020093606059,16.3,53.75,0.9099999999999999,0,0,0,8.441666666666666,2.4182978726291307,184.08089386515954
Daniel Jones,QB,New York Giants,NYG,494,322.4,3165.1042999770516,17.39172136547083,97.16020704704313,482.6781078794031,3.2758799220289356,0,0,0,13.491666666666667,4.1073994918362775,242.38768213074007
Jacoby Brissett,QB,New England Patriots,NE,126.7,80.8,3357.3546167924005,27.45831496049653,35.0791719963588,229.1748475752701,0.6229343088852136,0,0,0,6.341666666666667,1.8682978726291306,260.7042727125955
Bryce Young,QB,Carolina Panthers,CAR,531.4,333.2,3244.5701743143845,18.004872278771302,41.56656493812709,250.829129740916,0.976640716971291,0,0,0,11.106250000000001,4.4717151674365,212.6953730287069
Rasheen Ali,RB,Baltimore Ravens,BAL,0,0,0,0,50.03785892100626,224.9064831554506,1.5539222272626678,9.868722757410866,106.31467313803535,0.4259736264455615,0,0.6763418250221412,48.58316848025912
MarShawn Lloyd,RB,Green Bay Packers,GB,0,0,0,0,93.7075095451234,399.7473208016729,3.014413692878585,19.31487545658326,173.35100389497688,1.1266979678265971,0,1.39658570188391,89.02076875841988
Will Shipley,RB,Philadelphia Eagles,PHI,0,0,0,0,58.68884517611792,282.3174989753499,1.8460693789847546,12.70120642073355,121.0487886847605,0.6516164739557346,0,0.8250727558182266,60.0232015823843
Adam Prentice,RB,New Orleans Saints,NO,0,0,0,0,2.5394233108842235,12.847785738425792,0.08024016034449803,2.6019772970518256,17.337576610540168,0.08844026492202958,0,0.027826438058135294,5.275954558905403
Jawhar Jordan,RB,Houston Texans,HOU,0,0,0,0,21.406613139386415,155.43031325720386,1.07906094614466,7.565955548388825,75.20849934520987,0.22833292508612654,0,0.4075976235830827,33.87602701465434
Ray Davis,RB,Buffalo Bills,BUF,0,0,0,0,97.812001087359,411.5017824341428,3.0702396201293594,20.332380646129366,194.64865353196288,1.0861694863437057,0,1.602567187637375,92.51455418323889
Trey Benson,RB,Arizona Cardinals,ARI,0,0,0,0,128.01588191138654,560.830542249734,3.849622007386526,20.39903714556269,173.64283098115413,1.0437242407868068,0,1.8337243913040406,109.33948460230206
Keilan Robinson,RB,Jacksonville Jaguars,JAC,0,0,0,0,41.442181262854284,179.73226223296754,0.8170548988829485,9.925494558817128,97.73030070004646,0.3429674553331714,0,0.7611342178033287,38.146869262400024
Alec Ingold,RB,Miami Dolphins,MIA,0,0,0,0,1.0959838615334112,2.2,0.0049677650186861514,7.919347752937694,62.80888255321153,0.287633463193224,0,0.12050044440696152,11.975168612247538
Jaylen Wright,RB,Miami Dolphins,MIA,0,0,0,0,70.9871690866616,320.0482631138622,2.497350487141888,15.83413282650449,152.94813024697174,0.8910374470780311,0,1.1785673091354785,73.1898987363842
C J Ham,RB,Minnesota Vikings,MIN,0,0,0,0,1.5669644590748808,8.353032161892845,0.006674271703781077,4.111754267081471,19.310227936173348,0.11389520784213683,0,0.04576866851552115,5.454082683591821
Tyrone Tracy,RB,New York Giants,NYG,0,0,0,0,90.0706966451732,343.38520067886725,2.4913161209582273,15.942514548301187,133.71309177502846,0.8892103152170499,0,1.2551539737049966,73.45393718918183
Jase McClellan,RB,Atlanta Falcons,ATL,0,0,0,0,62.1904832617277,267.08381813089517,1.6469838565091588,14.3213435121909,133.7401391959505,0.7782077753557527,0,0.8796715853107852,60.03487410934792
Michael Burton,RB,Denver Broncos,DEN,0,0,0,0,4.439399881097942,9.082292856552208,0.028179848784549526,3.1126416628798284,15.749413227482812,0.15661133989228268,0,0.06803287650646851,5.0121728188914725
Audric Estime,RB,Denver Broncos,DEN,0,0,0,0,92.90685533923775,386.1260925753829,2.514082079809148,15.96582209824576,144.17971177332794,0.7162897378513757,0,1.732462324323356,76.9307977413104
Dylan Laube,RB,Las Vegas Raiders,LV,0,0,0,0,48.66946870844707,207.36505147495504,1.6242982480076003,11.001154255544572,100.77688381717957,0.29807897921470383,0,0.6395306857257812,46.56997264886802
Kimani Vidal,RB,Los Angeles Chargers,LAC,0,0,0,0,58.634645521914095,286.6144734740148,1.7939069135193808,14.387774163507283,117.16597309179015,0.5051355887991078,0,0.7167586472275499,59.93266945778997
Bucky Irving,RB,Tampa Bay Buccaneers,TB,0,0,0,0,110.5306496525711,419.72048722052904,2.8992739599985446,21.390092765147493,195.58800335053982,1.1632892615947998,0,1.7076308550050914,93.18601305923052
Blake Corum,RB,Los Angeles Rams,LAR,0,0,0,0,133.09362546687885,548.5066720695177,4.503218009422414,21.483383952231662,211.7263014016387,0.9326090985361296,0,1.893597762458724,115.59275644606528
Sione Vaki,RB,Detroit Lions,DET,0,0,0,0,51.902926238137894,228.83842777089373,1.0941475607918105,13.955779272689846,144.52681464953164,0.5522190263826823,0,0.8811355742766489,52.43034225288112
Braelon Allen,RB,New York Jets,NYJ,0,0,0,0,51.95,196.7,1.89,6.3,48.05,0.5599999999999999,0,0.4,41.525
Isaiah Davis,RB,New York Jets,NYJ,0,0,0,0,22.85,84.2,0.9099999999999999,2.8,20.5,0.06999999999999999,0,0.05,17.65
Kyle Juszczyk,RB,San Francisco 49ers,SF,0,0,0,0,4.082003612673697,11.659605395143984,0.08299127644159851,12.170217880449549,109.61603266764806,1.038606370549756,0,0.0899473596201006,24.762363909211903
Isaac Guerendo,RB,San Francisco 49ers,SF,0,0,0,0,60.30722170217898,310.8246860017937,2.3004626223927387,11.404245629571511,127.53459906481237,0.4777607728661286,0,0.788373055964461,64.63064558107064
Patrick Ricard,RB,Baltimore Ravens,BAL,0,0,0,0,1.35,5.45,0,3.8010643757763756,34.09787050648401,0.28831663976328326,0,0.02948362880189797,7.526251819512492
Devontez Walker,WR,Baltimore Ravens,BAL,0,0,0,0,0,1.75,0,22.354062069711773,265.09208967783303,1.903660846333318,0,0.16931087012716214,48.944583340384774
Jared Wiley,TE,Kansas City Chiefs,KC,0,0,0,0,0,0,0,13.038448595462812,134.31911249090615,0.9627945564943707,0,0.11391772762104364,25.50006743054616
Xavier Worthy,WR,Kansas City Chiefs,KC,0,0,0,0,1.85,11.6,0.06999999999999999,56.37168343214463,703.1902866374005,5.4282241739102695,0,0.820429073044223,131.01335727718552
Ainias Smith,WR,Philadelphia Eagles,PHI,0,0,0,0,0,3,0,13.033155007938765,147.16189060229215,0.9930985237357257,0,0.11383773324898339,27.26368224011499
Johnny Wilson,WR,Philadelphia Eagles,PHI,0,0,0,0,0,1.25,0,11.209586423199319,124.03352686752922,0.8365843515295979,0,0.08023614040459967,22.99217972672097
Xavier Legette,WR,Carolina Panthers,CAR,0,0,0,0,1.4,8.6,0.06999999999999999,47.34641118478984,497.4232746231379,2.9210970722269978,0,0.5709345958936469,91.08024629628342
Ja Tavion Sanders,TE,Carolina Panthers,CAR,0,0,0,0,0,0,0,24.718533648839426,235.40009106337692,1.9367652578061239,0,0.34761779448032043,46.824631888633505
Bub Means,WR,New Orleans Saints,NO,0,0,0,0,0,0,0,13.669950965670651,151.10975516332326,1.0662389961709207,0,0.10683799699664302,28.12970898219989
Jha Quan Jackson,WR,Tennessee Titans,TEN,0,0,0,0,0,0,0,6.569820984012248,66.10936778013013,0.17600705563431512,0,0.06905712966550731,10.813775344494012
Rome Odunze,WR,Chicago Bears,CHI,0,0,0,0,0.5,3.2,0,55.73872441844864,681.6722275420823,4.805525774287554,0,0.920062858791221,123.34961389157543
Cade Stover,TE,Houston Texans,HOU,0,0,0,0,0,0,0,11.89030848826209,129.29130300983002,0.8426620295819767,0,0.1041233186975942,23.722010085210723
Anthony Gould,WR,Indianapolis Colts,IND,0,0,0,0,0,0,0,11.520537997512626,124.82958314562185,0.7602554922471407,0,0.12271400726851875,22.559332252264305
Adonai Mitchell,WR,Indianapolis Colts,IND,0,0,0,0,0.35,2.4,0,45.38151115619003,547.6853790404155,3.5433281683997038,0,0.718574546913576,97.52211339870763
Tip Reiman,TE,Arizona Cardinals,ARI,0,0,0,0,0,0,0,16.566428604544328,159.4079564627167,0.9972682483524837,0,0.1732756380861718,29.861068162486394
Tejhaun Palmer,WR,Arizona Cardinals,ARI,0,0,0,0,0,0,0,9.800893562007806,102.20615005604951,0.8640130732130751,0,0.06499321645819696,20.175153792970914
Reggie Gilliam,RB,Buffalo Bills,BUF,0,0,0,0,0,0,0,2.6169996443531116,17.81602330309445,0.21643403467669003,0,0.006301515663591705,4.376103329218958
Marvin Harrison,WR,Arizona Cardinals,ARI,0,0,0,0,0.25,1.8,0,75.41887270180086,886.5028572514996,5.950520802305045,0,1.2217659067437663,159.79931507639313
Keon Coleman,WR,Buffalo Bills,BUF,0,0,0,0,0.5,2.4,0,60.76543776507937,716.81675982867,4.971694667415351,0,1.0458924974745571,130.04277787494968
Jaheim Bell,TE,New England Patriots,NE,0,0,0,0,0,0,0,10.486687785437123,108.26159558706905,1.1450310160096537,0,0.03379984444917457,22.872089858585042
Jermaine Burton,WR,Cincinnati Bengals,CIN,0,0,0,0,0.35,2.15,0,38.01159307801343,399.8826283699518,2.727068402960966,0,0.5107177730343158,74.55003424769907
Tanner McLachlan,TE,Cincinnati Bengals,CIN,0,0,0,0,0,0,0,10.714418741747041,102.11566835507665,0.8598257649944876,0,0.07124222753699244,20.58524634127413
Javon Baker,WR,New England Patriots,NE,0,0,0,0,0,3.65,0,22.022154724198703,241.00252338334099,1.439805058868905,0,0.16353965388661915,43.78808074587364
Ja Lynn Polk,WR,New England Patriots,NE,0,0,0,0,0.35,2.9,0,52.81231216927972,591.396296912903,3.236852300039082,0,0.7545521672282245,103.7477952417082
Erick All,TE,Cincinnati Bengals,CIN,0,0,0,0,0,0,0,16.752558451525687,152.07365111668759,0.9533438843663604,0,0.17533277260571342,28.953042098418337
Malik Washington,WR,Miami Dolphins,MIA,0,0,0,0,1.05,6.65,0.06999999999999999,11.436031691546379,133.34824088534822,0.9183286026992257,0,0.07761345744836348,25.492584635606644
Brian Thomas,WR,Jacksonville Jaguars,JAC,0,0,0,0,0.35,3,0,64.73097062287356,757.1747096988726,4.771156039557539,0,1.049905113516914,134.91008229163543
Malik Nabers,WR,New York Giants,NYG,0,0,0,0,0.25,2.5,0,75.0293732004661,865.0883395017763,5.584537522361366,0,1.1202815816472598,155.54018252128435
Theo Johnson,TE,New York Giants,NYG,0,0,0,0,0,0,0,27.51344278457271,265.04569057891115,2.0203637588522816,0,0.44678528551107166,51.48990243226901
Roman Wilson,WR,Pittsburgh Steelers,PIT,0,0,0,0,0.35,5,0,36.277093625122575,422.4004570910781,2.7249780203080807,0,0.4686396390232565,76.29118136547108
Casey Washington,WR,Atlanta Falcons,ATL,0,0,0,0,0,0,0,12.598157465893598,132.3131492628916,0.913599063443577,0,0.12464253668064688,24.762702966536132
Devaughn Vele,WR,Denver Broncos,DEN,0,0,0,0,0,0,0,9.306898578860348,103.82359356112654,0.7611407437479347,0,0.05148355652020025,19.49968599499004
AJ Barner,TE,Seattle Seahawks,SEA,0,0,0,0,0,0,0,16.925996525461773,168.48524083624298,1.0693551704082502,0,0.1681311778743275,31.391391013056033
Troy Franklin,WR,Denver Broncos,DEN,0,0,0,0,0,1.25,0,31.7517140233479,362.00503694895775,2.2870392194628737,0,0.26083218089661403,65.40193166155375
Brock Bowers,TE,Las Vegas Raiders,LV,0,0,0,0,0,0,0,62.89440162568121,665.469594017336,4.222888032969218,0,1.025174000888858,121.2811404106118
Brenden Rice,WR,Los Angeles Chargers,LAC,0,0,0,0,0,1,0,7.76914800708048,80.55665766150759,0.5569041911240193,0,0.06300233543653326,15.255660245562046
Ladd McConkey,WR,Los Angeles Chargers,LAC,0,0,0,0,0.55,3.35,0,64.67329600165218,688.5751874999496,4.606786543170086,0,1.02712179614511,127.11564241755133
Ryan Flournoy,WR,Dallas Cowboys,DAL,0,0,0,0,0,0,0,11.66027890053181,127.38610015050935,1.004748386820169,0,0.08553565125296665,24.426168483731924
Jamari Thrash,WR,Cleveland Browns,CLE,0,0,0,0,0,3,0,12.261671679681918,136.90518514639234,1.0041377229625468,0,0.10217941568674178,25.94182186088199
Luke McCaffrey,WR,Washington Commanders,WAS,0,0,0,0,0.35,4.65,0,31.133105806485514,335.8591387446516,2.0424297924934054,0,0.40148404494260836,61.06907744278314
Devin Culp,TE,Tampa Bay Buccaneers,TB,0,0,0,0,0,0,0,8.314284655880998,86.04327959346092,0.7984549215939356,0,0.034972454309085396,17.482254908232033
Jalen McMillan,WR,Tampa Bay Buccaneers,TB,0,0,0,0,0.35,3.75,0,38.028772564961784,429.2435930673705,2.9940274761305927,0,0.6429753563138243,78.99195973337385
Ben Sinnott,TE,Washington Commanders,WAS,0,0,0,0,0,0,0,37.256370395587346,364.75510257075507,2.4895599292007757,0,0.4849491960373516,69.07115663799914
Jordan Whittington,WR,Los Angeles Rams,LAR,0,0,0,0,0,0,0,9.37682825432545,110.75125057067888,0.7800147251505576,0,0.0600960837147028,20.32343536770455
Jacob Cowing,WR,San Francisco 49ers,SF,0,0,0,0,0,3,0,13.270893880369915,163.33235592311615,1.088590905703047,0,0.1174303387793635,29.56536728915613
Malachi Corley,WR,New York Jets,NYJ,0,0,0,0,2.2,15,0.13999999999999999,16.95,188.1,1.8199999999999998,0,0.05,40.44499999999999
Ricky Pearsall,WR,San Francisco 49ers,SF,0,0,0,0,1.2,7.65,0.06999999999999999,39.50115079156997,487.04378094309,3.270196700737454,0,0.40362792332331,88.45387784787209
Derrick Henry,RB,Baltimore Ravens,BAL,0,0,2.9400000000000004,0.27999999999999986,255.84014127138582,1104.1713083301647,10.302851856539396,26.007707266727657,205.63360147511833,0.7646748956090345,0,1.3487524764550463,208.92960017387261
Mark Andrews,TE,Baltimore Ravens,BAL,0,0,0,0,0.6955615172408361,0,0.002517343485592554,72.52025698987572,879.4078101707555,7.795840729402539,0,0.6203778505661665,169.7503022482099
Justice Hill,RB,Baltimore Ravens,BAL,0,0,0,0,65.41697965514396,276.2004857030031,1.6927489332396117,21.12176660717389,156.42657271964111,0.68557069348619,0,0.8636946466011287,66.36611761300392
Deonte Harty,WR,Baltimore Ravens,BAL,0,0,0,0,1.765179593883266,2.5,0.006649818484890477,10.584656002532052,113.61315409569477,0.6786785483473643,0,0.21892373920094685,20.57776613342714
Rashod Bateman,WR,Baltimore Ravens,BAL,0,0,0,0,0.5847259482755224,9.869790032697816,0.003012759237795204,39.35344755105587,489.8667581947004,2.8400819095413925,0,0.2050768149394028,86.29879298106408
Zay Flowers,WR,Baltimore Ravens,BAL,0,0,0,0,7.177807586204185,46.38934676839321,0.5736118715194697,78.80985816972819,920.5237834633597,5.733329925016642,0,0.7681525496793604,172.40158778789734
Keaton Mitchell,RB,Baltimore Ravens,BAL,0,0,0,0,67.11423913789919,456.17076143870406,1.8774162300158306,13.442564247468926,129.71040061093808,0.22979853996767519,0,0.6648670299506383,76.62295288869845
Clyde Edwards Helaire,RB,Kansas City Chiefs,KC,0,0,0,0,69.20300966681373,240.99621741417573,1.5471511414966237,16.838179634284796,166.7704978167834,1.1196303711457058,0,0.5273046372083887,64.14184114167551
Noah Gray,TE,Kansas City Chiefs,KC,0,0,0,0,0.44310516386739934,0.4504598420502864,0.00215443602784668,24.21707766920282,260.2092545406083,1.666320646931601,0,0.1341221754533742,47.9171164197172
Skyy Moore,WR,Kansas City Chiefs,KC,0,0,0,0,1.6141688112312427,14.080699874404424,0.010736993448797331,16.063767163023996,187.61756155373376,0.8972268986711469,0,0.1342339578201483,33.381025161405184
Keaontay Ingram,RB,Kansas City Chiefs,KC,0,0,0,0,31.73567880386411,80.02240013942284,0.14814206837304228,5.018165235336246,31.795510084665803,0.03138073073299531,0,0.22512350160009095,14.317763431513033
Isiah Pacheco,RB,Kansas City Chiefs,KC,0,0,0,0,229.60153543413492,1044.332799242093,8.358792629572463,44.04789310347884,266.61756155373376,1.9390878243170433,0,1.7230841364829785,211.46009708169316
Rashee Rice,WR,Kansas City Chiefs,KC,0,0,0,0,1.2207992366091123,3.5,0.0017835673937998198,79.072400244954,942.2355067427337,6.646133071418325,0,0.9850249167549282,172.02720079611328
Mecole Hardman,WR,Kansas City Chiefs,KC,0,0,0,0,1.715689817465997,9.740701386489057,0.07338764836574162,13.49466857756369,123.1629287270306,0.5252235493558229,0,0.27509588185783307,23.07917272274753
Josh Jacobs,RB,Green Bay Packers,GB,0,0,0,0,250.88093760951477,971.8620505689382,7.7404175490122515,42.672924370988305,334.00165515824943,0.9880087878789054,0,1.8263772744804299,200.640636230599
Christian Watson,WR,Green Bay Packers,GB,0,0,0,0,5.103372289862246,20.73001805011723,0.22119024021399203,51.53396425239542,758.4480991579188,6.823411177616929,0,0.4243328674125022,145.10373661916185
Bo Melton,WR,Green Bay Packers,GB,0,0,0,0,4.554552591314033,31.603152935857405,0.018312390553467166,28.339220373892427,376.8113604492117,1.196506286919372,0,0.23539224098471562,61.829189108320726
Dontayvion Wicks,WR,Green Bay Packers,GB,0,0,3.3320000000000003,0,0.6005058434793362,2.3516373481882127,0.0015318761376409919,43.678741553787596,611.9799700626788,4.358533200627912,0,0.72388393710099,108.11843410437184
Emanuel Wilson,RB,Green Bay Packers,GB,0,0,0,0,39.06517530438011,193.5125169914245,1.1087067157698476,10.083789352480789,65.96179977172957,0.45586400311098485,0,0.32626550183018116,39.72421966218044
Saquon Barkley,RB,Philadelphia Eagles,PHI,0,0,0,0,258.7302765795831,1063.4358549408876,8.359518920340326,47.74722740961981,339.24818885672767,3.384322884369852,0,2.1102309493743525,230.3846070140838
Dallas Goedert,TE,Philadelphia Eagles,PHI,0,0,0,0,0.4875497782577653,0.4965494902250668,0.0017414886175789199,66.45946113914118,682.5449176913197,3.7490037960216185,0,0.4653209269901365,123.10770714157998
Kenneth Gainwell,RB,Philadelphia Eagles,PHI,0,0,3.793125,0,69.23490870194577,288.4510126366838,1.7561756104813135,23.59785347292298,151.35495978939622,0.38778346409827713,0,1.213380589232324,66.3682422480824
Tyrion Davis Price,RB,Philadelphia Eagles,PHI,0,0,0,0,41.182429860847044,151.24644402524552,0.16710609994947645,0.5,1.5,0,0,0.2593045045592637,16.008671993102883
Jayden Reed,WR,Green Bay Packers,GB,0,0,0,0,9.195841510880662,87.3857916572475,1.2052044552820542,63.78652546736553,787.651360143671,5.914011297974356,0,0.6929828597659975,160.7263067137811
Adam Thielen,WR,Carolina Panthers,CAR,0,0,0,0,0.6402941764857208,4.47261019649568,0.003225758162629371,82.69361742683122,825.2583805155004,4.329785310148386,0,0.7652834396257695,148.78740731522979
Miles Sanders,RB,Carolina Panthers,CAR,0,0,0,0,115.65094556457423,402.15468003191984,2.0819747669279765,21.52285825176913,126.95355893673445,0.15787888660691193,0,1.4375254784343112,74.2363239870907
Chuba Hubbard,RB,Carolina Panthers,CAR,0,0,0,0,194.84001400360177,757.7823995398511,4.870797655165556,32.09806873443123,206.02332609478458,0.45490025251716637,0,1.38272881563716,141.6183367455012
Raheem Blackshear,RB,Carolina Panthers,CAR,0,0,0,0,13.32416783363348,51.58584963416145,0.19604856860592026,6.327143185709373,47.32086711820823,0.02432379066805366,0,0.0862700835693235,14.20393725659685
Alvin Kamara,RB,New Orleans Saints,NO,0,0,0,0,204.9846238072168,808.6403152104551,5.461372745350079,79.37059895865795,522.7923578290415,2.147421242286389,0,1.3882089788437064,215.70491275141003
Jamaal Williams,RB,New Orleans Saints,NO,0,0,0,0,117.74038957536098,389.793568378097,2.6569968501853833,20.078943750077908,89.61293172832741,0.2899459436871607,0,0.7986503724856882,74.06447790394529
Taysom Hill,TE,New Orleans Saints,NO,0,0,18.519375,0.14874999999999997,37.525784329513634,191.32813969669513,0.986698601317836,30.97748912772021,282.8287003309099,2.008041441400965,0,0.6917681391939894,80.82510754454543
Taysom Hill,TE,New Orleans Saints,NO,5,4,29.919375000000002,0.14874999999999997,77.52578432951364,392.82813969669513,5.186698601317835,16.577489127720213,146.6787003309099,0.5380414414009652,0,0.9917681391939894,96.39610754454544
Rashid Shaheed,WR,New Orleans Saints,NO,0,0,0,0,5.609166950539528,35.430633200406234,0.020986283878289522,50.39854949091329,757.6731428652433,4.273671333816913,0,0.7941630641171964,128.68927192995844
Kendre Miller,RB,New Orleans Saints,NO,0,0,0,0,65.08906561753233,259.76378948969796,1.7846830466031078,15.99696310770922,168.19782088464922,0.43814680634637837,0,0.6524580791294067,62.82670555072743
DeAndre Hopkins,WR,Tennessee Titans,TEN,0,0,0,0,1.1615195767607762,6.09775900442847,0.008332393054964084,67.70253825106181,922.9756584048944,5.809673258565203,0,0.47896570286574164,160.7087133704527
Tyler Boyd,WR,Tennessee Titans,TEN,0,0,0,0,1.72706185922137,10.051793228838289,0.01022426999229253,53.960968225321494,559.9304790647228,2.285623823938605,0,0.44731940034605205,96.85916110491014
Calvin Ridley,WR,Tennessee Titans,TEN,0,0,0,0,5.965046610083956,20.025722411909292,0.03401010206713173,70.0021049758101,947.0201605979883,6.584350290857218,0,0.5725086484508066,170.2707858495393
Tony Pollard,RB,Tennessee Titans,TEN,0,0,0,0,223.59241709894212,939.1850947792734,6.284359993018182,41.837988771269586,258.0154897122703,0.7644381761374487,0,1.7140927746122285,179.50365630049853
Treylon Burks,WR,Tennessee Titans,TEN,0,0,0,0,4.808143819303003,23.870346013688017,0.10082215183347856,25.15562473247129,339.6317621593866,1.3773206672285083,0,0.39799701734524784,57.00088606322454
Chigoziem Okonkwo,TE,Tennessee Titans,TEN,0,0,0,0,1.0115195767607763,3.1318393362856467,0.0077409014993675964,49.5538275407645,505.0775285125678,2.3071645908140965,0,0.3666386307337155,88.75400624768095
Tyjae Spears,RB,Tennessee Titans,TEN,0,0,0,0,121.42597883803884,546.9538698895667,3.3446889383936114,46.161093187402855,349.1315312070807,1.514122121826335,0,1.0067982735248737,139.8283565176361
Keenan Allen,WR,Chicago Bears,CHI,0,0,13.456153846153848,0.18307692307692303,1.789100790174182,7.164141436132757,0.009658202071078604,102.75788690937381,1177.3538564492405,5.861496258569689,0,1.1889830470055904,203.95025775921152
D J Moore,WR,Chicago Bears,CHI,0,0,0,0,2.97274327546727,16.891520261749125,0.34676370902835774,82.00643266705606,1154.5927115693721,6.713650256605478,0,0.8838298276500078,198.74646365514317
D Andre Swift,RB,Chicago Bears,CHI,0,0,0,0,201.75665842905767,916.3012061804544,5.3231601288175785,36.961397409773156,228.3947092244943,1.406290337218985,0,1.650776733757447,170.02543957408594
Cole Kmet,TE,Chicago Bears,CHI,0,0,0,0,1.3670574566004525,0.8896685963570596,0.007748068766637651,58.87520400724054,584.3127269929462,4.2647588886169085,0,0.5464203693293042,112.50004256819327
Khalil Herbert,RB,Chicago Bears,CHI,0,0,0,0,159.26324812809492,683.4411545983658,3.515001309988856,21.273252696874184,145.26777840634344,0.9821909716044497,0,1.2243503147243096,118.04197270901923
Velus Jones,WR,Chicago Bears,CHI,0,0,0,0,5.576662240420514,32.39795260862753,0.10277362055426395,3.173986176607002,23.784683804649482,0.0867976199518595,0,0.04187570035576577,8.258932771956411
Tyler Scott,WR,Chicago Bears,CHI,0,0,0,0,4.239800732067724,27.338206225319723,0.09311392995610096,12.23395161812451,128.56757737804585,0.6276086736231983,0,0.21008211898928006,25.611725552896047
Roschon Johnson,RB,Chicago Bears,CHI,0,0,0,0,75.28195817197388,308.9092293533548,2.1233834827082787,26.593623667748886,168.82561604134796,0.3914545754236545,0,0.8622592993415182,74.43480612345328
DeAndre Carter,WR,Chicago Bears,CHI,0,0,0,0,1.5038951133768566,12.455923906579297,0.013540522090671402,2.813555422189295,28.336429915002046,0.014051241369158309,0,0.07894365809572873,5.493676357820302
Gerald Everett,TE,Chicago Bears,CHI,0,0,0,0,1.6758310272264367,5.798204296636208,0.012785128435540275,41.99563519809557,360.1360689197261,2.543543557856194,0,0.4787094221086522,71.971798194217115
Robert Woods,WR,Houston Texans,HOU,0,0,0,0,0.4872240315970333,4.228801595062034,0.002242773430974264,26.39112610308939,281.21828521276376,0.8120663618049342,0,0.1431086895804433,46.33990916458184
Stefon Diggs,WR,Houston Texans,HOU,0,0,0,0,1.3377969416828082,6.500599996560781,0.07140314614766176,91.33668054890444,1057.2121557219848,6.314816641521251,0,1.031758949168037,188.29341667398418
Joe Mixon,RB,Houston Texans,HOU,0,0,0,0,229.66363648665964,926.0857127614665,7.120586629501407,43.5169636090135,325.65412645572457,2.191073167529974,0,1.2731431123196604,200.25613828377482
Noah Brown,WR,Washington Commanders,WAS,0,0,0,0,0.8842930910517318,0.4,0.0033445257505021592,43.39253737039997,676.4338891867146,2.384500361434338,0,0.221118474118926,103.26448997874265
Nico Collins,WR,Houston Texans,HOU,0,0,0,0,1.1547424294905646,7.640214822057896,0.002093255202242646,80.76676872576687,1248.1968736922322,6.901708374279014,0,0.6018957807710932,206.18611142965784
John Metchie,WR,Houston Texans,HOU,0,0,0,0,0.42632102764740437,4.439400797531014,0.0016928359482864179,17.384394136081287,193.10740124569153,1.1145217323748062,0,0.10169863543268137,34.94076741143609
Dameon Pierce,RB,Houston Texans,HOU,0,0,0,0,107.04748458156993,365.83306622082955,2.191404495071928,12.478365983504052,94.47593147063179,0.1877756098184672,0,0.7403440354573683,65.0644753193258
Tank Dell,WR,Houston Texans,HOU,0,0,0,0,12.371136442358477,63.985251154211596,0.16800035002189787,68.26059312689277,978.1988260823503,7.00629558860653,0,0.6686716310057237,180.0571366568617
Xavier Hutchinson,WR,Houston Texans,HOU,0,0,0,0,2.1316051382370236,25.420159769754967,0.011070224178320678,7.092197068040644,82.02257032982429,0.4577613038806776,0,0.037928773312787295,17.027503165706666
Jonathan Taylor,RB,Indianapolis Colts,IND,0,0,0,0,274.44860309201295,1198.6861778296716,9.506044024348705,33.865572556033534,262.1512091004479,1.5935566522332614,0,1.7653144626843675,226.08350010515178
Trey Sermon,RB,Indianapolis Colts,IND,0,0,0,0,46.02997087159955,214.14973824247875,1.0798392131230585,5.666042017597768,34.69381754577881,0.1563109594839903,0,0.18440482543773634,34.76546797239147
Kylen Granson,TE,Indianapolis Colts,IND,0,0,0,0,0.5234658899093204,1.013830279495583,0.0023478403501137417,31.51639216424583,363.3694769018075,1.8657576321904383,0,0.15414294913401294,63.09687373722851
Tyler Goodson,RB,Indianapolis Colts,IND,0,0,0,0,29.56264142205295,175.7040428951449,0.7249587017392509,11.758196082122915,72.62637374090662,0.34633769186447666,0,0.2075432992808045,36.72483146772736
Evan Hull,RB,Indianapolis Colts,IND,0,0,0,0,7.851988348639822,74.60372709621689,0.7333827963637828,12.008196082122915,77.59851337272467,0.755086903893678,0,0.09986339514044618,29.955413499219485
Dare Ogunbowale,RB,Houston Texans,HOU,0,0,0,0,12.89742429490565,49.32634263786187,0.2984163711868099,4.947399022680214,39.00935208795315,0.08575057697903543,0,0.036801835630488985,13.538667001655705
Cam Akers,RB,Houston Texans,HOU,0,0,0,0,78.71488912953339,260.1353084548201,1.854852590817078,15.095195820690913,100.70871659414256,0.21464441640606505,0,0.4927063144438429,55.06356982969291
Chris Moore,WR,Arizona Cardinals,ARI,0,0,0,0,0.8252918780558901,18.063854659728882,0.006302428199816633,14.275595161159604,245.65217543267602,0.4589412392580377,0,0.14788227849418897,36.00509803757904
James Conner,RB,Arizona Cardinals,ARI,0,0,0,0,211.2832797548342,977.8572039304922,6.411814717029061,32.657185525534985,212.17745853575474,1.5864723272902772,0,1.2486489412773112,180.82448339275362
Greg Dortch,WR,Arizona Cardinals,ARI,0,0,0,0,2.03157531154232,12.694950015353484,0.07181444863497831,32.263522879553044,351.36437464778305,2.259124388323323,0,0.12710106301280327,66.26912480181439
DeeJay Dallas,RB,Arizona Cardinals,ARI,0,0,0,0,5.5592878777070105,29.883802746948113,0.020527380269468043,4.5132792910996224,23.831077771891405,0.017998781021480857,0,0.16830223041684703,7.522680204345763
Michael Carter,RB,Arizona Cardinals,ARI,0,0,0,0,13.925599004389133,143.7701746316097,0.765788617884032,17.53579222328117,86.90581526827458,0.2735586598473494,0,0.16661372253712775,37.738351322943046
Emari Demercado,RB,Arizona Cardinals,ARI,0,0,0,0,45.70727779366243,210.5421838538034,1.2233496285923637,18.513522879553044,111.89126768606607,0.36166910825459786,0,0.4545089186789745,50.10120117748728
Curtis Samuel,WR,Buffalo Bills,BUF,0,0,0,0,9.294104540892228,53.08317188283565,0.9066421534265316,62.0469989460089,650.9066900534533,4.457108895142168,0,0.4715802148002975,132.66183152844496
Ty Johnson,RB,Buffalo Bills,BUF,0,0,0,0,41.94305509170057,178.42931417715238,0.883636445756401,12.30245915356041,106.30459040974367,0.8738092865869311,0,0.400772344644328,44.367749740241145
James Cook,RB,Buffalo Bills,BUF,0,0,0,0,218.51772660260858,995.496570885762,4.389544372142047,43.769596870307396,405.275357991802,2.9589959528866334,0,1.9131642550281094,202.226904763026
Khalil Shakir,WR,Buffalo Bills,BUF,0,0,0,0,0.5831971586607951,5.868240382226039,0.0028036733517976557,48.45259722595428,681.8326825460472,3.752089407248848,0,0.30195760142509803,114.92183418655813
Kendrick Bourne,WR,New England Patriots,NE,0,0,0,0,2.4461514297267497,12.677800149119953,0.006293867001713465,56.36520899951668,647.0124273247245,4.349479549389292,0,0.8002053185139998,118.68585710846081
Jalen Reagor,WR,New England Patriots,NE,0,0,0,0,0.7608374034376363,13.758655006370761,0.007600722833606937,8.565483302144802,146.83923416177694,0.5740356516230672,0,0.03668533423281012,23.758978146161596
Rhamondre Stevenson,RB,New England Patriots,NE,0,0,0,0,213.1997486915821,861.3013820508751,5.854282045310115,45.75680976543485,301.61232792000726,0.7627747286701898,0,1.5644956183671415,175.74312528695322
Tyquan Thornton,WR,New England Patriots,NE,0,0,0,0,3.3897371459380023,50.78173502335946,0.02786931705655887,19.49784305090011,181.30726521412134,0.8086651858190116,0,0.13996151797769738,37.697105530496174
Kevin Harris,RB,New England Patriots,NE,0,0,0,0,35.72684575125603,201.20350484639846,1.9326326573672463,8.470033891813518,135.83212209277843,0.05862590804308281,0,0.2483766406406177,49.389377751005185
Trayveon Williams,RB,Cincinnati Bengals,CIN,0,0,0,0,28.97146468298255,94.64238494675696,0.5883003145395744,6.401847688875273,24.63687439866777,0.09160357950564461,0,0.12255635025817217,18.96316044273508
Zack Moss,RB,Cincinnati Bengals,CIN,0,0,0,0,195.30367729212236,847.2341173182492,6.516312702090279,30.922210332318926,214.0099886117509,1.632565703942506,0,1.0454089113767318,168.38796837260276
Ja Marr Chase,WR,Cincinnati Bengals,CIN,0,0,0,0,3.236436245133791,6.3,0.08417927514771166,104.1262595632854,1290.7541723078766,8.036700155669472,0,0.7678781577807086,228.9580672817721
Charlie Jones,WR,Cincinnati Bengals,CIN,0,0,0,0,1.683816964978221,12.188955300702622,0.02212882576403363,8.580128246443605,88.45199405227763,0.3906026254140605,0,0.0432187201771163,16.74411032523416
Chase Brown,RB,Cincinnati Bengals,CIN,0,0,0,0,105.30697546039414,452.3679678659196,3.197919807046839,28.14690178514661,256.9349242105578,1.660395226940841,0,0.6996886354406707,112.75425303326578
Antonio Gibson,RB,New England Patriots,NE,0,0,0,0,95.97163623520767,368.38241388927554,2.2402368316796126,42.45129627544516,334.3786028365711,1.3966395211461435,0,1.5882106544990386,110.14658661826371
Christian Kirk,WR,Jacksonville Jaguars,JAC,0,0,0,0,1.1355799086891964,7.119619555186228,0.0041059165496913595,78.5060628515794,1029.8454860345812,4.96647630450277,0,1.3140278831994339,170.14497954468237
D Ernest Johnson,RB,Jacksonville Jaguars,JAC,0,0,0,0,34.29443029853443,106.75222493648386,0.4493520987289511,7.45663317047423,85.58642772539773,0.1098454802410062,0,0.19545547307101485,25.926456379102987
Devin Duvernay,WR,Jacksonville Jaguars,JAC,0,0,0,0,3.870282885616083,16.28968761411545,0.0806976510878185,6.956590874859428,55.62121835078181,0.31019054316355843,0,0.08007750849057774,12.854560182446546
Gabriel Davis,WR,Jacksonville Jaguars,JAC,0,0,0,0,0.5815156690756517,0.65,0.001604973621267456,46.402851683270704,721.004709046467,5.471532028190515,0,0.7366917568179088,126.73233524351691
Travis Etienne,RB,Jacksonville Jaguars,JAC,0,0,0,0,244.7881192611876,977.4207660738494,8.17164118853863,50.34847238875054,403.4538542663523,1.2446493362613795,0,1.576128349006395,216.60718467918272
Tank Bigsby,RB,Jacksonville Jaguars,JAC,0,0,0,0,73.18223207138345,232.36938603348028,2.957863603318876,5.070663317047423,34.2279897596599,0.21712295807027981,0,1.5271371137821759,45.19071437860831
Raheem Mostert,RB,Miami Dolphins,MIA,0,0,0,0,181.27507546704283,854.7582593504061,9.045152078013729,25.828946456408737,180.61962751773717,1.597169907577186,0,1.5838826409889548,177.13842854658628
Tyreek Hill,WR,Miami Dolphins,MIA,0,0,0,0,5.2086294234551,21.541416029757986,0.0824530574240761,113.637923561724,1649.601660202192,9.861365610543034,0,1.04132054232668,281.51354032720633
Jonnu Smith,TE,Miami Dolphins,MIA,0,0,0,0,0.3953902838541125,0,0.001518879879276462,42.70828903059166,485.2768178740281,2.9004367696498248,0,0.5018973514330647,86.28976549700712
Braxton Berrios,WR,Miami Dolphins,MIA,0,0,0,0,0.43477157057584914,5.96370508848919,0.002851124215487793,20.49305828711385,186.3500250851149,0.9155070736639476,0,0.21747351782124474,34.55310431255146
Jeff Wilson,RB,Miami Dolphins,MIA,0,0,0,0,36.02101502977576,166.26386278341354,0.5686362611788944,12.62831502338334,78.11430004863709,0.14956498535304336,0,0.24902171799326375,34.56313783810184
Jaylen Waddle,WR,Miami Dolphins,MIA,0,0,0,0,3.290645384831485,16.302151798635872,0.07758531226271749,81.41217763691839,1127.0147079774622,5.199778155396563,0,0.5144700968482696,185.67301540832815
De Von Achane,RB,Miami Dolphins,MIA,0,0,0,0,152.6366862099092,941.561364732741,7.059502824353661,42.03535750852923,313.92103860514976,2.9840301699322804,0,1.188987659731102,204.44914173430715
Aaron Jones,RB,Minnesota Vikings,MIN,0,0,0,0,204.7384820658222,937.045776682342,5.282409116829065,43.642445605345486,326.5019038555246,1.8355766723597498,0,1.7107633557937945,187.46237888000468
Brandon Powell,WR,Minnesota Vikings,MIN,0,0,0,0,3.5839289181497636,16.48294552869591,0.01967260759351571,20.989739249867505,222.3217108105614,0.9561824135721524,0,0.30180768188561624,39.62685002208226
Justin Jefferson,WR,Minnesota Vikings,MIN,0,0,0,0,1.4955358321709191,1.9,0.001325650502949813,107.17082266498909,1572.6812333269231,7.361663278956719,0,1.1015689034765193,253.0183304349918
Ty Chandler,RB,Minnesota Vikings,MIN,0,0,0,0,127.03214993025517,548.3198758075774,4.386434894013558,20.427052560248885,151.36620993481256,0.5035284308111801,0,0.8005143162494974,107.92088617081288
Jordan Addison,WR,Minnesota Vikings,MIN,0,0,0,0,0.6767857836299522,3.0803465327877513,0.003647728145502822,65.17350853416295,838.1573411988315,6.345629442085878,0,0.460619237979525,153.88494758567265
Isaiah McKenzie,WR,New York Giants,NYG,0,0,0,0,1.6907146779686697,12.5771441921755,0.00872070925877647,12.279148955929024,103.41731271741241,0.754444472969628,0,0.2015529731832932,21.914905315927143
Devin Singletary,RB,New York Giants,NYG,0,0,1.2600000000000002,0.13999999999999993,193.46873099883223,820.893155356522,4.800319174236645,30.540612571852876,194.70781409747283,0.5950904010754624,0,1.2643734591895792,147.2845137648194
Wan Dale Robinson,WR,New York Giants,NYG,0,0,0,0,8.519418634233881,70.96678715632635,0.6004747144060543,62.840664262089774,571.315402920852,2.5168746917034586,0,0.48145926831410657,113.38972903879159
Eric Gray,RB,New York Giants,NYG,0,0,0,0,29.491040613073846,129.93442683691862,1.028021272727237,9.125845876394976,50.60184365771153,0.37853191696332855,0,0.3704645468684234,30.31494003206705
Van Jefferson,WR,Pittsburgh Steelers,PIT,0,0,0,0,0.4259180556894186,3.6989292283943245,0.002269595464926846,21.66879626483642,264.4043154278579,1.4554174158046242,0,0.11324638150600182,46.16435190264873
Najee Harris,RB,Pittsburgh Steelers,PIT,0,0,0,0,225.14404363173207,908.0103438562041,6.4085743177333425,28.6315385185781,174.86585892578427,0.985037507487798,0,1.4699211334800943,164.02521822185457
George Pickens,WR,Pittsburgh Steelers,PIT,0,0,0,0,2.554047572138024,15.989310327933978,0.007026231552834714,66.37541126449726,1111.0681127964358,6.065167550088279,0,0.9006753289691177,180.52525997659404
Calvin Austin,WR,Pittsburgh Steelers,PIT,0,0,0,0,6.848174431172756,42.024482705124285,0.25018255048489896,21.071936372959577,236.83443886259514,1.4978245128035619,0,0.33479326057445224,48.240316201833586
Connor Heyward,TE,Pittsburgh Steelers,PIT,0,0,0,0,0.4180158573793407,0,0.001717779653493618,18.62673744576884,148.22528494474102,0.6163086352785327,0,0.07395064950596811,27.696154407938742
Jaylen Warren,RB,Pittsburgh Steelers,PIT,0,0,0,0,133.4843627495219,666.9788498389025,3.6889486367424684,53.84047757356083,345.8374576620011,1.4852936931324383,0,1.7122106991258255,155.82290211786858
Ray Ray McCloud,WR,Atlanta Falcons,ATL,0,0,0,0,5.4579742549501145,42.805389104626094,0.15587448201710138,27.139089793462162,280.94258521701585,2.0809245382685764,0,0.28520447190551834,58.79472750679831
KhaDarel Hodge,WR,Atlanta Falcons,ATL,0,0,0,0,0.4648655186928579,0,0.0023457041360585643,17.667778087506026,254.97188624513765,1.3166756819354486,0,0.28312215256012563,41.67896167957557
Darnell Mooney,WR,Atlanta Falcons,ATL,0,0,0,0,2.0952975313059747,8.633686234317171,0.07592051918273499,44.022535677819704,599.6276331645871,3.5809489453531262,0,0.22352336999072772,104.33156982603398
Kyle Pitts,TE,Atlanta Falcons,ATL,0,0,0,0,0.4648655186928579,0,0.0017785630712032741,61.842302759844245,777.6441729547709,4.923614837065692,0,0.37855045212279975,137.480828171975
Tyler Allgeier,RB,Atlanta Falcons,ATL,0,0,0,0,153.61498647687176,597.8501281307799,3.9904465772104265,20.022857541079176,182.52230191944642,1.2467291622346799,0,1.004071085548302,117.46358404113624
Bijan Robinson,RB,Atlanta Falcons,ATL,0,0,0,0,221.3812210002718,1018.1711201400311,6.617669376020716,63.323652076810674,524.1883991438881,4.544837319408772,0,2.4589543722169376,247.9549093949403
Cordarrelle Patterson,RB,Pittsburgh Steelers,PIT,0,0,0,0,42.89910565984927,168.00462724677112,0.8885912593762975,10.569597867233178,62.01861003673932,0.6142946762080097,0,0.3269476955327153,36.65054288440804
Samaje Perine,RB,Kansas City Chiefs,KC,0,0,0,0,44.112787642202676,199.3950526275222,1.190275443240928,34.68048801788039,304.77009266899603,0.7771016551930261,0,1.0599800666364065,77.44106099592294
Javonte Williams,RB,Denver Broncos,DEN,0,0,0,0,213.9478434334654,824.0853039069837,4.898111059678801,44.778544536004105,241.59332135894292,1.6248233808556902,0,1.4713567007163033,165.15202803636907
Marvin Mims,WR,Denver Broncos,DEN,0,0,0,0,6.5888506493142325,27.520748213448975,0.10012925014636367,31.91761659132107,465.86834277333986,2.139934610066018,0,0.529707815009045,77.67868492559562
Jaleel McLaughlin,RB,Denver Broncos,DEN,0,0,0,0,88.2182509121968,452.0551142749515,2.428775443319182,31.409459436618313,185.54765290993134,1.3157315100055338,0,0.7266471654325013,100.47875382588073
Laviska Shenault,WR,Seattle Seahawks,SEA,0,0,0,0,14.268798680515323,72.21286273998432,0.1423935127006949,13.164202340046275,93.9911721506545,0.2319304495751227,0,0.3547832540817375,24.73888192457845
Kenneth Walker,RB,Seattle Seahawks,SEA,0,0,0,0,239.910497429857,995.7145391746174,8.922717824766833,30.70858454648262,254.59539844733277,1.0924257918931712,0,1.3971624477352178,197.68182283992593
Zach Charbonnet,RB,Seattle Seahawks,SEA,0,0,0,0,113.98002449668044,479.1045411933769,2.614784513332111,33.13814515195883,214.39996962654155,0.714397964356974,0,0.8562946598962671,104.18202920431325
Jake Bobo,WR,Seattle Seahawks,SEA,0,0,0,0,0.4813074030211792,2.0917389836111644,0.20447246624425844,16.841169565410844,181.99796080744,1.4200287500890942,0,0.1118470676074784,36.3528679245957
Ameer Abdullah,RB,Las Vegas Raiders,LV,0,0,0,0,20.63717690321949,94.61163460263646,0.20503247100526983,14.481569755612862,102.57334419224745,0.13129699964769154,0,0.10306554899665953,28.77112848321927
Alexander Mattison,RB,Las Vegas Raiders,LV,0,0,0,0,150.85003633111455,573.7757500124163,2.5970348860871484,22.10885520284703,143.75036081781917,1.3176338775493797,0,1.5556709040345797,103.18370945819709
Jakobi Meyers,WR,Las Vegas Raiders,LV,0,0,2.6775,0.14874999999999997,3.250533455912188,20.223839127721675,0.7291770240283375,68.60593649679186,778.949097792673,5.101407136466147,0,0.49119606944183214,148.92347476451866
Harrison Bryant,TE,Las Vegas Raiders,LV,0,0,0,0,2.2274479157204947,3.5449751519841066,0.01363991268301803,10.127253013253164,75.55997879824943,1.0598913993183179,0,0.19615906163847055,19.022991650381012
Zamir White,RB,Las Vegas Raiders,LV,0,0,0,0,167.77775986232177,713.9314292785285,4.712009920496389,23.659134017589103,162.40906664763548,0.6080252865367917,0,1.1649361098288464,129.05395562395233
Tre Tucker,WR,Las Vegas Raiders,LV,0,0,0,0,8.17633363978047,59.80981720144038,0.1899644693056101,27.202292865338666,382.38445027183985,2.172393496988355,0,0.2433682073203729,71.5079845631204
Gus Edwards,RB,Los Angeles Chargers,LAC,0,0,0,0,174.3140870092235,726.3745703711372,6.9689673508201135,13.442297042932266,151.17539593225416,0.33234634955297016,0,1.5465089820652982,135.19100938991312
J K Dobbins,RB,Los Angeles Chargers,LAC,0,0,0,0,123.37331228916364,450.0866534800066,4.817299820251078,29.286508288308085,215.43181090402672,1.198789057862029,0,0.9122237497628368,115.46718635171034
Joshua Palmer,WR,Los Angeles Chargers,LAC,0,0,0,0,0.9074872954883271,6.353284269354955,0.004631194803864879,61.821520697490456,857.0595081485902,4.191691218416765,0,0.9016913738606236,140.62659132214227
Quentin Johnston,WR,Los Angeles Chargers,LAC,0,0,0,0,2.1867422861558707,7.770544943548488,0.007018305534034959,38.40089452793556,454.6604009436493,2.7660471241077023,0,0.17238876629940592,81.73715689793917
Derius Davis,WR,Los Angeles Chargers,LAC,0,0,0,0,9.5881306687274,68.34722658871087,0.11031976799676302,10.645089945237725,71.57259039972355,0.4627350791561723,0,0.368473593213129,22.01590856795366
Brandin Cooks,WR,Dallas Cowboys,DAL,0,0,0,0,4.1284350207292935,27.751999353716684,0.08659479093439329,56.36546477023491,687.1013566568165,5.846494009399051,0,0.5294656418673864,134.20766950443664
Ezekiel Elliott,RB,Dallas Cowboys,DAL,0,0,0,0,172.9016256295012,651.6936951380799,5.24243804799345,40.59878169461359,261.6106617009798,1.742888576086032,0,1.4539698872150701,150.63384650125954
Rico Dowdle,RB,Dallas Cowboys,DAL,0,0,0,0,113.22614336898143,452.08919333404924,3.1639250492303366,20.651164835073953,165.21331104806933,1.3291554348874626,0,0.5279039301046942,97.95850790024626
Peyton Hendershot,TE,Kansas City Chiefs,KC,0,0,0,0,0.908459537034187,0,0.0038540566677115196,7.812730510617682,76.00703434890215,0.5271741319087189,0,0.030356545277115104,14.632524731103409
KaVontae Turpin,WR,Dallas Cowboys,DAL,0,0,0,0,9.692557045604444,88.29199796882386,0.5140283087756269,15.5978810600522,176.0488923826723,2.5582115357733435,0,0.3556522876522494,51.95516405716504
Deuce Vaughn,RB,Dallas Cowboys,DAL,0,0,0,0,45.533259646525146,119.45828402603541,0.975271824208755,12.880508080069603,81.65527685591707,0.2123400641445931,0,0.4132226666208186,32.8508361251085
Hunter Luepke,RB,Dallas Cowboys,DAL,0,0,0,0,6.442703082235437,21.99110555215104,1.1771710040424233,3.4700896611887533,22.333918946831687,0.15481138845989856,0,0.026525781476120076,14.106390072554342
D Onta Foreman,RB,Cleveland Browns,CLE,0,0,0,0,115.05151640828484,443.267684224764,3.0051939077928487,15.188466293636314,108.47070838227907,0.6959264546554548,0,0.8159142928663368,83.3429659964796
Nick Chubb,RB,Cleveland Browns,CLE,0,0,0,0,171.49532304939672,930.0376668415352,4.057618235064622,24.683920165078256,152.06757323550048,0.5279271736510156,0,1.1088533868454418,145.84804976884564
Elijah Moore,WR,Cleveland Browns,CLE,0,0,0,0,5.854655073296513,11.664265975956319,0.016362716740064804,46.25003793351816,511.7247723849877,2.402988838120072,0,0.6885509953973983,88.60293014121952
Pierre Strong,RB,Cleveland Browns,CLE,0,0,0,0,51.1325855130756,227.43194536393543,1.1404713555558386,5.093223553687979,42.99580359702253,0.09167155607492417,0,1.0058267319001517,34.97059067892407
Jerome Ford,RB,Cleveland Browns,CLE,0,0,0,0,167.1888483280543,650.2634762229536,3.8829768847713098,37.72036727245421,270.2225818606423,2.445069752321934,0,1.1848830591313895,146.50730314888338
Cedric Tillman,WR,Cleveland Browns,CLE,0,0,0,0,0.4930883829050846,4.660001121623763,0.003098459826426468,24.050440123808695,280.4267782636198,1.5300382721475525,0,0.1783504762906218,49.37601743969134
CeeDee Lamb,WR,Dallas Cowboys,DAL,0,0,0,0,11.29964052521602,87.07868038910885,0.9687289359125122,124.2040347534939,1597.9041243338124,9.799881006157335,0,1.4003486235300127,292.41126025439814
Austin Ekeler,RB,Washington Commanders,WAS,0,0,0,0,157.99959844949865,612.8059743155839,4.713748081874288,51.94010674283324,428.71527523332543,1.8770774709839562,0,2.4065115979353258,164.85410844758638
Dyami Brown,WR,Washington Commanders,WAS,0,0,0.84,0,0.463175704451858,1.4,0.0026090147098487967,20.382532368991207,279.3903318659431,1.9326589085870667,0,0.08806670325163397,49.73937350436814
Brian Robinson,RB,Washington Commanders,WAS,0,0,0,0,186.08797877808826,774.3940270511495,5.3424068724967135,33.38061005457009,315.4553635529127,2.28201344999988,0,1.9727488321610231,167.4762683583488
Chris Rodriguez,RB,Washington Commanders,WAS,0,0,0,0,30.890256596904702,267.735058266818,2.075614242142351,4.716705772728853,32.831514514950726,0.008249478981948296,0,0.39313156483719874,44.1319293616127
Chris Godwin,WR,Tampa Bay Buccaneers,TB,0,0,0,0,3.1351632478543383,28.05852110374687,0.4381130312962451,81.50479613627536,986.5602553762951,4.527919137269135,0,0.512500156006463,170.9854684155212
Chase Edmonds,RB,Tampa Bay Buccaneers,TB,0,0,0,0,28.59694202812816,150.64918045022398,0.8481173522528053,14.301984689929132,92.35758501000288,0.07545945591320491,0,0.23548173812089368,36.52216626374153
Rachaad White,RB,Tampa Bay Buccaneers,TB,0,0,0,0,238.99110085409507,915.5983129660368,6.474778395376126,57.06996328580267,461.5951955093614,2.50968342973063,0,2.1754189951447978,215.81026545079212
Trey Palmer,WR,Tampa Bay Buccaneers,TB,0,0,0,0,3.2388724358907544,20.894406954800818,0.0784308673934062,33.450446377286,356.9527327342516,2.3815731322397014,0,0.6865066267332337,67.89694790188042
Rakim Jarrett,WR,Tampa Bay Buccaneers,TB,0,0,0,0,0.7586943803380936,5,0.003115710455132877,10.269308599116535,136.47397075037316,0.7458291296624163,0,0.02536225571147582,23.724995903877925
Sean Tucker,RB,Tampa Bay Buccaneers,TB,0,0,0,0,23.09583245915583,56.77112859226082,0.46722509685420943,2.886049363234788,17.378268738687247,0.08125466981288583,0,0.12449925282033013,11.899844509074114
Demarcus Robinson,WR,Los Angeles Rams,LAR,0,0,0,0,0.6000206689567762,14.031492889984568,0.004317248834740617,35.95684577965744,480.62419509758263,3.9481570333469485,0,0.6214159293205861,89.9160055230344
Cooper Kupp,WR,Los Angeles Rams,LAR,0,0,0,0,2.050027558609035,8.7,0.0720285877072156,82.45532825639944,1025.95289950375,6.7148845162074355,0,0.5025227252234277,184.40938725161578
Tutu Atwell,WR,Los Angeles Rams,LAR,0,0,0,0,3.350103344783882,20.705490416935724,0.0825536335366404,28.285268669486168,358.39942380628685,1.5836032862948959,0,0.18748606726604283,61.67509514152247
Kyren Williams,RB,Los Angeles Rams,LAR,0,0,0,0,259.5062833628601,1229.5588618053534,10.161945109740305,38.62661871533529,264.1987751665841,2.24632261829015,0,2.3395415648504345,238.45959629334325
Ronnie Rivers,RB,Los Angeles Rams,LAR,0,0,0,0,40.45117583398551,159.37126243926645,0.6895655071129259,6.763878899028185,36.37150843796019,0.09670144952607836,0,0.18930413160256668,27.295210013865645
Puka Nacua,WR,Los Angeles Rams,LAR,0,0,0,0,9.532586378805945,64.24832704690033,0.16983404634496163,96.97783011272513,1354.6784862280206,6.544091563923881,0,0.7738547521603851,229.11744054114692
Kalif Raymond,WR,Detroit Lions,DET,0,0,0,0,4.019074733834548,43.07874338082351,0.08894834640965354,31.487153578630497,415.95210098321047,1.7214233002060486,0,0.30510272861919663,71.89868564817446
David Montgomery,RB,Detroit Lions,DET,0,0,0,0,213.44505340883694,956.9973495581999,9.546914718929068,20.657358721198968,152.78805563184423,0.6633748947318424,0,1.458894253767954,179.65116905403346
Craig Reynolds,RB,Detroit Lions,DET,0,0,0,0,27.897437726745213,124.75860086889877,0.7765260187330767,4.4838790826615,39.4725945730284,0.09293764110744622,0,0.43992541144006925,23.00199022168647
Amon Ra St Brown,WR,Detroit Lions,DET,0,0,0,0,4.022295374113833,26.114772749479993,0.07964714212311305,117.04671730280268,1457.143514931312,8.547729692186454,0,1.0126983349280967,256.5880517554818
Jameson Williams,WR,Detroit Lions,DET,0,0,0,0,4.022295374113833,37.95991165193999,0.6847908600051577,44.1503777620982,631.2219399653989,4.1416078089189785,0,0.5273914589699114,116.896983138388
Jahmyr Gibbs,RB,Detroit Lions,DET,0,0,0,0,187.26540215699134,910.4204554781597,7.802358736227698,55.98732145430354,368.3549333990193,2.0540204786956613,0,1.6625521950347868,211.68437051434023
Sam LaPorta,TE,Detroit Lions,DET,0,0,0,0,0.41701067626207755,1.6415329803105847,0.0020845257419198518,85.01272022177778,877.3869484132396,7.827107696849282,0,0.466213642819514,176.45193430015212
Mike Williams,WR,New York Jets,NYJ,0,0,0,0,2.8499999999999996,9.7,0,71.11666666666666,940.5500000000001,4.04,0,0.5318725937248752,153.7595881458836
Tyler Conklin,TE,New York Jets,NYJ,0,0,0,0,0.29999999999999993,0,0,51.050000000000004,514.5500000000001,2.3099999999999996,0,0.20552315111700115,90.42895369776602
Garrett Wilson,WR,New York Jets,NYJ,0,0,0,0,3.1499999999999995,9.6,0.06999999999999999,85.55,1011.75,6.1,0,1.1486345622647995,179.6327308754704
Breece Hall,RB,New York Jets,NYJ,0,0,0,0,191.64999999999998,862.8499999999999,6.119999999999999,63.8,501.35,3.1399999999999997,0,1.4236926581444878,221.03261468371102
Israel Abanikanda,RB,New York Jets,NYJ,0,0,0,0,26.15,88.2,0.21,9.283333333333333,58.23333333333334,0.06999999999999999,0,0.5028410582352372,19.959317883529526
Xavier Gipson,WR,New York Jets,NYJ,0,0,0,0,4.699999999999999,36.7,0.22999999999999998,18.1,202.25,1.1199999999999999,0,0.30700202558961986,40.430995948820765
Christian McCaffrey,RB,San Francisco 49ers,SF,0,0,0,0,252.5399235250159,1270.8849692323188,10.68007846162897,68.17444479092147,561.4854329009885,4.935316555840162,0,2.149614217862646,306.717404277881
George Kittle,TE,San Francisco 49ers,SF,0,0,0,0,0.4277203070772632,0.8584440976453992,0.0020084198920942587,64.93267031955068,943.0970595017875,5.640388860388103,0,0.40564562214434585,159.90497795711113
Patrick Taylor,RB,San Francisco 49ers,SF,0,0,0,0,24.525511402712045,107.7859168113596,0.2601985082134193,8.76895662846172,42.34438054666781,0.1373653762976773,0,0.17878530941291879,21.425320738274348
Jordan Mason,RB,San Francisco 49ers,SF,0,0,0,0,66.25241156055583,304.1685807599775,3.1354907374377192,6.450152194876409,51.36503699612956,0.4337311623997743,0,0.1602046100352646,59.87336005200335
Nelson Agholor,WR,Baltimore Ravens,BAL,0,0,0,0,0,1,0,28.381490126086923,329.0699563960401,2.375770232594063,0,0.23491210581157118,60.98253788658871
Tylan Wallace,WR,Baltimore Ravens,BAL,0,0,0,0,0,1,0,2.3387930705025393,28.822937686962412,0.07945427058633996,0,0.004651798637569215,4.619112330190412
Charlie Kolar,TE,Baltimore Ravens,BAL,0,0,0,0,0,0,0,6.69247109524637,79.15303858438202,0.5281608449174018,0,0.02387923300618866,14.38274600955342
Isaiah Likely,TE,Baltimore Ravens,BAL,0,0,0,0,0,0,0,31.941277250931655,409.29278760832665,3.945919162596705,0,0.1402996206116378,80.29483312065544
Travis Kelce,TE,Kansas City Chiefs,KC,0,0,0,0,0,0,0,93.1235709404992,997.7306907006111,6.680050772979068,0,0.8722997603524335,184.67055965748028
Justin Watson,WR,Kansas City Chiefs,KC,0,0,0,0,0,0,0,19.584238058401997,316.2326578908928,1.6377794555033671,0,0.28513971584856707,50.671782119613354
Justyn Ross,WR,Kansas City Chiefs,KC,0,0,0,0,0,0,0,8.7055068652096,93.28845519379936,0.7449554535487442,0,0.02962814798704771,18.092075377303107
Romeo Doubs,WR,Green Bay Packers,GB,0,0,0,0,0,0.75,0,55.43610297903774,654.7579829233252,5.584954651490973,0,0.501945388317433,125.77468691416237
Luke Musgrave,TE,Green Bay Packers,GB,0,0,0,0,0,0,0,48.273678770237,500.1344847333663,2.8703908302307277,0,0.20441294734122917,90.96380694515703
Tucker Kraft,TE,Green Bay Packers,GB,0,0,0,0,0,0,0,30.81812190424017,334.89686044181076,2.227899773782833,0,0.14109829592276668,61.98394904715263
Ben Sims,TE,Green Bay Packers,GB,0,0,0,0,0,0,0,4.666854439256796,34.50418047683951,0.7492847344928646,0,0.011754618828744085,10.256044436612047
Malik Heath,WR,Green Bay Packers,GB,0,0,0,0,0,0.5,0,11.604766961740054,103.88620334536247,0.6633528944350722,0,0.05764284233326427,20.10583549735018
A J Brown,WR,Philadelphia Eagles,PHI,0,0,0,0,0,0.7,0,96.32521468642625,1342.1171305862342,7.482286212528699,0,1.2634662274143196,224.81110522218006
Parris Campbell,WR,Philadelphia Eagles,PHI,0,0,0,0,0,2.5,0,20.514682265637294,148.452548504582,0.8097701415091101,0,0.08509497863550458,30.0410268750605
Albert Okwuegbunam,TE,Philadelphia Eagles,PHI,0,0,0,0,0,0,0,4,41,0.7057322179744785,0,0,10.33439330784687
DeVonta Smith,WR,Philadelphia Eagles,PHI,0,0,0,0,0,0.6,0,82.89420437689205,1072.3813504671934,6.689633515747912,0,0.8635845714397951,187.15586918677323
Grant Calcaterra,TE,Philadelphia Eagles,PHI,0,0,0,0,0,0,0,6.3830280494823795,63.63293074993925,0.5052133912509775,0,0.013430576667062755,12.559226293906855
Britain Covey,WR,Philadelphia Eagles,PHI,0,0,0,0,0,0,0,4.5997137963897305,49.58228585330404,0.2273811858765512,0,0.04758615706219163,8.527200284660193
Jahan Dotson,WR,Philadelphia Eagles,PHI,0,0,0,0,0,1,0,40.482895015188745,462.17563761151786,3.3793049156538575,0,0.34313730634713036,86.14856614997504
David Moore,WR,Carolina Panthers,CAR,0,0,0,0,0,0.85,0,9.699921958391995,156.95491427047244,0.928912905110137,0,0.08557464236980813,26.03278055216445
Ian Thomas,TE,Carolina Panthers,CAR,0,0,0,0,0,0,0,9.664285988091143,102.10930130265913,0.4471144055274953,0,0.020868348201249314,17.68402286107396
Diontae Johnson,WR,Carolina Panthers,CAR,0,0,0,0,0.5,3.6,0,67.98380846149668,885.6165342692399,5.722964572040979,0,0.6028440441912254,156.04565700153574
Tommy Tremble,TE,Carolina Panthers,CAR,0,0,0,0,0,0,0,25.184286658914445,227.8674703488733,2.5023767138211017,0,0.12199580129431016,50.14915904468254
Jonathan Mingo,WR,Carolina Panthers,CAR,0,0,0,0,0,1.5,0,40.80228759806707,434.4383992073074,1.6590391150822057,0,0.2822903081281149,73.38463779400126
Equanimeous St Brown,WR,New Orleans Saints,NO,0,0,0,0,0,2,0,9.475197190440486,120.16601461555662,0.765533235595893,0,0.037622732615496195,21.472154005120274
Cedrick Wilson,WR,New Orleans Saints,NO,0,0,0,0,0.15,1.15,0,25.148478300669552,321.49824034890486,2.642175481128121,0,0.1246037522777951,60.4429085674384
Foster Moreau,TE,New Orleans Saints,NO,0,0,0,0,0,0,0,17.052598680634325,168.06719968427257,1.0076540395994469,0,0.07085180587316839,31.237239934594765
Juwan Johnson,TE,New Orleans Saints,NO,0,0,0,0,0,0,0,43.72616215293792,455.2461109036208,4.074205951545591,0,0.19403938556633138,91.44484910497192
A T Perry,WR,New Orleans Saints,NO,0,0,0,0,0.15,0.9,0,20.54508458340085,357.54428333417917,3.060987787651798,0,0.06073011931985862,64.36143711238942
Jordan Mims,RB,New Orleans Saints,NO,0,0,0,0,7.3,30.4,0.42,1.75,12.65,0.0960561617864104,0,0,8.276336970718464
Chris Olave,WR,New Orleans Saints,NO,0,0,0,0,0,0.5,0,88.65428951853512,1166.9487301429958,6.002678776147302,0,0.5751833531681094,195.93772372411473
Nick Westbrook Ikhine,WR,Tennessee Titans,TEN,0,0,0,0,0,0.65,0,21.32648400714802,283.0844770487082,1.4713858967219138,0,0.1009104977375661,47.66318409330118
Josh Whyle,TE,Tennessee Titans,TEN,0,0,0,0,0,0,0,12.8062889120151,132.21554589584767,1.152306020088718,0,0.04128156725627705,26.45597203161207
Travis Homer,RB,Chicago Bears,CHI,0,0,0,0,1.15,16.15,0,1.55,11.05,0.07120860144234274,0,0,3.9222516086540566
Marcedes Lewis,TE,Chicago Bears,CHI,0,0,0,0,0,0,0,5.281518027794002,43.01553419025791,0.6836622468457061,0,0.011532123684620175,11.02122166662779
Dalton Schultz,TE,Houston Texans,HOU,0,0,0,0,0,0,0,59.06861693525306,632.9528255933443,4.617043581147542,0,0.7566958190664927,119.01846087571323
Brevin Jordan,TE,Houston Texans,HOU,0,0,0,0,0,0,0,16.75247859381299,213.3903860600828,1.6681623730202597,0,0.05951737881683384,39.60521738340267
Teagan Quitoriano,TE,Houston Texans,HOU,0,0,0,0,0,0,0,3.2241126103089384,47.84367799070989,0.1584398951828771,0,0.014004089133372664,7.319055297055977
Mo Alie Cox,TE,Indianapolis Colts,IND,0,0,0,0,0,0,0,14.77391465103517,172.8702024804772,2.086025116887746,0,0.0385591297044761,37.11301001548283
D J Montgomery,WR,Indianapolis Colts,IND,0,0,0,0,0,3,0,11.432084035195535,160.13135116363287,1.2537410590007667,0,0.021610061702508586,29.50840336456064
Michael Pittman,WR,Indianapolis Colts,IND,0,0,0,0,0.15,1.5,0,102.90583580946236,1108.282160472696,4.8744403352104175,0,1.0877110650208244,189.50235383322163
Alec Pierce,WR,Indianapolis Colts,IND,0,0,0,0,0,0.65,0,27.124251448701955,423.6787830743184,1.9933238460223375,0,0.1449147808110181,67.6651175462948
Josh Downs,WR,Indianapolis Colts,IND,0,0,0,0,0,2.65,0,59.48278432849166,676.8181746114775,3.0193814871892264,0,0.45169390922341346,114.90111073008212
Will Mallory,TE,Indianapolis Colts,IND,0,0,0,0,0,0,0,18.062294123184373,201.7332259465834,0.7404180556023032,0,0.18386553063650574,33.279246928591334
Zay Jones,WR,Arizona Cardinals,ARI,0,0,0,0,0.15,1.15,0,43.79036698241733,428.759668289414,2.4370951317698517,0,0.38379667430636477,78.74112776215645
Zach Pascal,WR,Arizona Cardinals,ARI,0,0,0,0,0,1,0,5.65019483420058,52.55784946248114,0.5182444090162689,0,0.014168315434901695,11.262012186576213
Trey McBride,TE,Arizona Cardinals,ARI,0,0,0,0,0,0,0,80.52530797034495,826.372635577886,4.422242870525277,0,0.5646181107955218,148.3041385445217
Michael Wilson,WR,Arizona Cardinals,ARI,0,0,0,0,0,0.65,0,47.92122407297515,671.613721652736,3.5429623904742207,0,0.24495276560322504,111.95485301340005
Elijah Higgins,TE,Arizona Cardinals,ARI,0,0,0,0,0,0,0,18.17359517052985,206.8072367147462,1.0738504424714055,0,0.06311340511910754,36.08439710132976
Mack Hollins,WR,Buffalo Bills,BUF,0,0,0,0,0,0,0,18.92668680786828,255.3584076051382,1.0768254308607106,0,0.073836894110196,41.31246296139183
Marquez Valdes Scantling,WR,Buffalo Bills,BUF,0,0,0,0,0,0.5,0,15.576737414433303,238.28724638813873,1.194230584441509,0,0.22205626851958374,38.38836431564041
Dawson Knox,TE,Buffalo Bills,BUF,0,0,0,0,0,0,0,29.215964449801074,275.4614760243592,3.0360271946446686,0,0.14486260185626632,60.08056779149193
Quintin Morris,TE,Buffalo Bills,BUF,0,0,0,0,0,0,0,4.195706505440078,46.82547688874554,0.8636360182783809,0,0.006899098316819365,11.94841885463124
Dalton Kincaid,TE,Buffalo Bills,BUF,0,0,0,0,0,0,0,78.64370698302767,754.8938442112649,4.578540396934958,0,0.7988160440470555,140.68484820615598
Hunter Henry,TE,New England Patriots,NE,0,0,0,0,0,0,0,48.080135567254075,492.5909318072619,4.798014415713237,0,0.29543119511119376,101.49638506841028
Austin Hooper,TE,New England Patriots,NE,0,0,0,0,0,0,0,21.42065526271436,202.0184317155448,0.7265110009054464,0,0.07379891658353843,35.123638975177265
K J Osborn,WR,New England Patriots,NE,0,0,0,0,0,1,0,35.68096128326929,410.37523579779247,1.9263380136672383,0,0.2779239313155886,69.98018444078615
Mitchell Wilcox,TE,New England Patriots,NE,0,0,0,0,0,0,0,5.813246884078226,37.988908369395695,0.029094486099021495,0,0.025898992580325176,6.828283210412161
Kayshon Boutte,WR,New England Patriots,NE,0,0,0,0,0,1.25,0,6.634018075633876,73.90152165190055,0.46790975127614265,0,0.020048118394172885,13.599523473875504
Mike Gesicki,TE,Cincinnati Bengals,CIN,0,0,0,0,0,0,0,32.28565520980905,296.81885601192175,2.756993186292296,0,0.14026422152050028,62.08614388080948
Tanner Hudson,TE,Cincinnati Bengals,CIN,0,0,0,0,0,0,0,35.35565497290842,321.912136680233,1.4448719213583465,0,0.16657760430165494,58.205117474024284
Drew Sample,TE,Cincinnati Bengals,CIN,0,0,0,0,0,0,0,15.784378450750863,124.36105269828474,1.0022352950537248,0,0.06632954379432414,26.209047177937606
Trenton Irwin,WR,Cincinnati Bengals,CIN,0,0,0,0,0,0.75,0,21.819064890821352,274.2905579352705,1.3512765562737332,0,0.2975751988007334,45.92609717897866
Tee Higgins,WR,Cincinnati Bengals,CIN,0,0,0,0,0,0.5,0,64.29070535543983,953.4635274495251,6.8410211626145205,0,0.429391266171013,167.72904986601756
Andrei Iosivas,WR,Cincinnati Bengals,CIN,0,0,0,0,0,1.65,0,25.78143893449281,271.03197696358035,3.0812218173140438,0,0.14805123201009276,58.35014560346852
Evan Engram,TE,Jacksonville Jaguars,JAC,0,0,0,0,0,0,0,96.35561814340622,847.4423564254146,4.276239252707198,0,1.1674285619639133,156.24462310655994
Josiah Deguara,TE,Jacksonville Jaguars,JAC,0,0,0,0,0,0,0,6.8324433120857755,60.43066686809537,0.031527752142563856,0,0.027279159349447645,9.593896537008913
Luke Farrell,TE,Jacksonville Jaguars,JAC,0,0,0,0,0,0,0,10.468623121616497,117.00640212454749,0.5387909893768962,0,0.03852581167494492,20.090646086174488
Tim Jones,WR,Jacksonville Jaguars,JAC,0,0,0,0,0,1,0,7.627296487521652,67.62052500862866,0.46455054276948005,0,0.0325987637249534,13.397806473790665
Brenton Strange,TE,Jacksonville Jaguars,JAC,0,0,0,0,0,0,0,7.707598710645067,66.08159413092432,0.963998234793115,0,0.017992824133902845,16.20996252890585
Parker Washington,WR,Jacksonville Jaguars,JAC,0,0,0,0,0,2,0,24.42449135965545,226.11868556808932,1.9723700585248123,0,0.33849287892717567,46.181348829931174
Odell Beckham,WR,Miami Dolphins,MIA,0,0,0,0,0,1,0,34.17717663430777,514.4290175743404,2.718011906295758,0,0.5078254325321756,83.92391064729813
River Cracraft,WR,Miami Dolphins,MIA,0,0,0,0,0,0,0,11.73963108646072,133.85035653982453,0.5656349731398236,0,0.044639747644672836,22.55938154076241
Durham Smythe,TE,Miami Dolphins,MIA,0,0,0,0,0,0,0,27.03174222403647,274.16348395442037,1.046541517745859,0,0.1084993866363576,46.99446984066271
Julian Hill,TE,Miami Dolphins,MIA,0,0,0,0,0,0,0,6.550947149538097,56.9153835477222,0.4463813150055092,0,0.57498146295899355,10.495336893656336
Johnny Mundt,TE,Minnesota Vikings,MIN,0,0,0,0,0,0,0,17.19570921543957,167.00967364017455,0.96227765602878,0,0.10034485395143347,30.871798200007053
T J Hockenson,TE,Minnesota Vikings,MIN,0,0,0,0,0,0,0,78.68949169778396,786.441423956453,3.774002831004606,0,0.8882763861133024,138.8563524583383
Josh Oliver,TE,Minnesota Vikings,MIN,0,0,0,0,0,0,0,20.19738839645121,194.31982840323946,1.4473002194916642,0,0.4096508694225123,37.39517661665451
Trishton Jackson,WR,Minnesota Vikings,MIN,0,0,0,0,0,0,0,3.1344883472684493,19.5609884276966,0.1641587659682824,0,0.01438424398612385,4.479527124241332
Jalen Nailor,WR,Minnesota Vikings,MIN,0,0,0,0,0,0.15,0,17.747854607719788,208.99778983004464,1.2362886719415416,0,0.07517242697571674,37.05609346456218
Nick Muse,TE,Minnesota Vikings,MIN,0,0,0,0,0,0,0,5.8478546077197855,104.83290099251536,0.25245622720398664,0,0.025172426975716734,14.871609912383917
Chris Manhertz,TE,New York Giants,NYG,0,0,0,0,0,0,0,3.709555315336271,31.451655012959428,0.08134685128064427,0,0.006356648739595725,5.475310969168753
Darius Slayton,WR,New York Giants,NYG,0,0,0,0,0,0.65,0,45.44313548683072,678.1787567211026,3.426600876200294,0,0.1994982691623403,110.76505213440271
Gunner Olszewski,WR,New York Giants,NYG,0,0,0,0,0,0,0,2.7638123600150375,22.25,0.14383134627208613,0,0.0157964001051195,4.438301457429796
Isaiah Hodgins,WR,New York Giants,NYG,0,0,0,0,0,2,0,16.972116904468905,202.64040785175789,1.487223016417753,0,0.20837732059134664,37.45668269473407
Daniel Bellinger,TE,New York Giants,NYG,0,0,0,0,0,0,0,27.571567743415358,271.97088696607943,1.3672548243421272,0,0.12474913458117015,48.93690324520605
Jalin Hyatt,WR,New York Giants,NYG,0,0,0,0,0,0.5,0,32.52184232394213,450.090748385677,1.886094231013781,0,0.2966734671805954,72.04321445226026
Robert Tonyan,TE,Minnesota Vikings,MIN,0,0,0,0,0,0,0,12.921951215101735,131.53120971644273,0.7678455878883983,0,0.03413922826620546,24.15289164999312
MyCole Pruitt,TE,Pittsburgh Steelers,PIT,0,0,0,0,0,0,0,7.672021773015558,87.11294033526093,0.983179110532102,0,0.10354346091025222,18.23929266140598
Quez Watkins,WR,Pittsburgh Steelers,PIT,0,0,0,0,0,1.5,0,18.126628041851596,192.2216097869365,1.2176888009173943,0,0.08579984340761339,35.570008118308586
Pat Freiermuth,TE,Pittsburgh Steelers,PIT,0,0,0,0,0,0,0,49.72516366122554,503.04570457617956,3.8913665456476587,0,0.3905700324613992,97.73421149719388
Darnell Washington,TE,Pittsburgh Steelers,PIT,0,0,0,0,0,0,0,11.197267918277472,106.15833761454611,0.6690193473279422,0,0.02170566677712782,20.185172471006744
Ross Dwelley,TE,Atlanta Falcons,ATL,0,0,0,0,0,0,0,3.740757482788513,50.1415631304014,0.5030785783660487,0,0.00466416752780434,9.89367818957508
Charlie Woerner,TE,Atlanta Falcons,ATL,0,0,0,0,0,0,0,5.218662904728616,44.85176589252029,0.22909976469129942,0,0.009877060647115075,8.449352508469904
Drake London,WR,Atlanta Falcons,ATL,0,0,4.90875,0,0,1.1,0,82.5321593600204,1063.1487257223714,6.103138058111172,0,0.6929319433428611,183.12026671422868
Josh Reynolds,WR,Denver Broncos,DEN,0,0,0,0,0,0.75,0,39.28111268229087,548.8749730539298,3.572903063013948,0,0.5153840472177647,95.00970393018659
Courtland Sutton,WR,Denver Broncos,DEN,0,0,0,0,0,0.6,0,63.251789949451954,824.8098424960699,6.49295689307559,0,1.3285430328844132,150.4675345170177
Adam Trautman,TE,Denver Broncos,DEN,0,0,0,0,0,0,0,19.30187443889042,183.64700746016246,1.6939276370353582,0,0.0670693553861893,38.04506507690123
Greg Dulcich,TE,Denver Broncos,DEN,0,0,0,0,0,0,0,29.09649082689571,292.09063277100256,1.4427983808670481,0,0.12773948010671943,52.15862001553697
Lucas Krull,TE,Denver Broncos,DEN,0,0,0,0,0,0,0,14.206850153825304,164.2198298656599,1.0292665992675762,0,0.05923008008131002,29.58254749892148
Nate Adkins,TE,Denver Broncos,DEN,0,0,0,0,0,0,0,5.992397553838856,42.03195136769645,0.44724012060453294,0,0.02073052802845851,9.841373581259354
Tyler Lockett,WR,Seattle Seahawks,SEA,0,0,0,0,0,0.75,0,71.9895997719714,814.0412089890376,5.1121800961142565,0,0.4945529127392774,147.15789553609645
Pharaoh Brown,TE,Seattle Seahawks,SEA,0,0,0,0,0,0,0,12.20920839915677,169.04378738915622,0.9526568421473962,0,0.15370644836007188,28.41751109465824
Noah Fant,TE,Seattle Seahawks,SEA,0,0,0,0,0,0,0,38.68249611016563,445.27579476673554,2.130058033112552,0,0.14905940769185916,76.35105691504798
D K Metcalf,WR,Seattle Seahawks,SEA,0,0,0,0,0,0.6,0,71.27629030391765,1107.5393117893173,7.891789982051495,0,0.4670794051372383,192.86865741292507
Jaxon Smith Njigba,WR,Seattle Seahawks,SEA,0,0,0,0,0,1,0,68.77335171688858,719.1118336075117,4.870380401342297,0,0.4950232088933477,134.63009520946255
Davante Adams,WR,Las Vegas Raiders,LV,0,0,0,0,0,0.5,0,96.05272025411185,1118.0282882132142,6.467642970477074,0,0.5616930786551768,197.56166061392943
Jalen Guyton,WR,Las Vegas Raiders,LV,0,0,0,0,0,1,0,12.957464720468035,129.13216538632423,0.8749520807395381,0,0.06269701580824119,24.61626735168719
Michael Mayer,TE,Las Vegas Raiders,LV,0,0,0,0,0,0,0,30.257107209873325,335.07875833453375,1.9801476695682791,0,0.14921437108372132,60.218886713632266
Hayden Hurst,TE,Los Angeles Chargers,LAC,0,0,0,0,0,0,0,36.93307062447158,369.23381073425276,2.643260861498577,0,0.15472986057771032,70.94002183349711
DJ Chark,WR,Los Angeles Chargers,LAC,0,0,0,0,0,0.9,0,38.95524906188351,577.9103281591829,4.857584239584852,0,0.6375939645387196,105.22897485529172
Will Dissly,TE,Los Angeles Chargers,LAC,0,0,0,0,0,0,0,21.14511204646276,205.3134194516364,1.3866434160679675,0,0.10506345677478277,39.213631551253265
Stone Smartt,TE,Los Angeles Chargers,LAC,0,0,0,0,0,0,0,10.867215915664392,136.2348254765829,0.8787180354421702,0,0.035053885107402705,24.259290947928704
Simi Fehoko,WR,Los Angeles Chargers,LAC,0,0,0,0,0,0,0,2.199628100767125,22.066682654438644,0.67363237955854,0,0.00849791154118853,7.33128077009629
Jalen Tolbert,WR,Dallas Cowboys,DAL,0,0,0,0,0,1.15,0,29.530657515384192,363.03279320838294,2.609631325999202,0,0.3184294369216677,66.20453716068226
Jake Ferguson,TE,Dallas Cowboys,DAL,0,0,0,0,0,0,0,70.14212198146717,739.814573252162,5.464308202674653,0,0.41906803419452854,141.00023146360866
Luke Schoonmaker,TE,Dallas Cowboys,DAL,0,0,0,0,0,0,0,10.120239096503342,93.66970730800332,1.3329817696999264,0,0.02468372216276376,22.375613452926036
Jalen Brooks,WR,Dallas Cowboys,DAL,0,0,0,0,0,0,0,12.890435497202516,129.29844296946726,0.6298739843913985,0,0.04495963679646258,23.06438667830345
Amari Cooper,WR,Cleveland Browns,CLE,0,0,0,0,0,0.5,0,74.74140839618781,1211.922803456353,5.908838622394635,0,0.9487213361277897,192.16857360584146
David Njoku,TE,Cleveland Browns,CLE,0,0,0,0,0,0,0,75.23273541785434,821.8797594863775,5.426921566794803,0,1.169916423037395,150.02604021225898
Jordan Akins,TE,Cleveland Browns,CLE,0,0,0,0,0,0,0,13.279670661063937,123.70417180440373,0.7628958603232511,0,0.09426220779446946,23.39910325732291
Jerry Jeudy,WR,Cleveland Browns,CLE,0,0,0,0,0.15,2.65,0,58.048854744487215,806.7877608549697,3.773073357207001,0,0.554973563553946,131.4966964738747
David Bell,WR,Cleveland Browns,CLE,0,0,0,0,0,0.5,0,15.035829410369853,166.72196654176875,1.7641613154064646,0,0.04681957980037213,34.73144009219985
Zach Ertz,TE,Washington Commanders,WAS,0,0,0,0,0,0,0,50.080892670970954,392.4675784649272,2.716930890842879,0,0.24601516296658127,80.09675920110233
Jamison Crowder,WR,Washington Commanders,WAS,0,0,0,0,0,0,0,13.443376491988271,133.48549265883898,0.7428412666788177,0,0.17712618848769865,24.173032734975543
Terry McLaurin,WR,Washington Commanders,WAS,0,0,0,0,0.15,1.1,0,74.9516714291921,973.038765057589,4.353724650985521,0,0.48140630564715037,160.04924751497379
Olamide Zaccheaus,WR,Washington Commanders,WAS,0,0,0,0,0,2.5,0,15.769265298508177,211.50817456731843,1.5613125273049002,0,0.07971477774012577,38.49389571433508
John Bates,TE,Washington Commanders,WAS,0,0,0,0,0,0,0,12.889009584236074,108.69785780807979,0.35541906192053324,0,0.05565468110501084,19.335495582239197
Mike Evans,WR,Tampa Bay Buccaneers,TB,0,0,0,0,0,0.6,0,75.78167343091269,1163.421895016846,8.781534006924382,0,0.4891509933875473,206.00392827191214
Cade Otton,TE,Tampa Bay Buccaneers,TB,0,0,0,0,0,0,0,47.24669178801134,463.5623205041155,3.6361979116937273,0,0.49348418742087713,90.80979703973783
Ko Kieft,TE,Tampa Bay Buccaneers,TB,0,0,0,0,0,0,0,2.910829468611958,24.070291057299443,0.6293291205865689,0,0.003216429499674285,7.631985704555988
Payne Durham,TE,Tampa Bay Buccaneers,TB,0,0,0,0,0,0,0,7.743565960688974,84.81654235284157,0.5226980626118498,0,0.019793412305687944,15.450038766688365
Byron Pringle,WR,Washington Commanders,WAS,0,0,0,0,0,0.5,0,7.462954430489738,84.66990137152877,0.13197507903397285,0,0.15498541492673631,12.73034699674811
Tyler Higbee,TE,Los Angeles Rams,LAR,0,0,0,0,0,0,0,41.07627699051897,428.19036391246266,2.0089947489984255,0,0.20852202149635463,74.9940993375036
Colby Parkinson,TE,Los Angeles Rams,LAR,0,0,0,0,0,0,0,25.66719719592721,264.74254206653035,2.0716539058660692,0,0.12409196711440236,51.48959230558425
Tyler Johnson,WR,Los Angeles Rams,LAR,0,0,0,0,0,0,0,17.11996403650147,77.09311852423336,2.7419395002162323,0,0.10118426904022636,32.51856233389101
Davis Allen,TE,Los Angeles Rams,LAR,0,0,0,0,0,0,0,11.65665467883382,115.69663549835141,0.9383892820408674,0,0.03372808968007545,22.960870402137104
Brock Wright,TE,Detroit Lions,DET,0,0,0,0,0,0,0,16.234103960974167,135.2573766025455,1.4298945954788809,0,0.09838283649883935,30.02539154061724
Donovan Peoples Jones,WR,Detroit Lions,DET,0,0,0,0,0,2,0,13.806956065959245,178.54559519383056,0.8065673301004603,0,0.13535616986597207,29.526729193233493
Allen Lazard,WR,New York Jets,NYJ,0,0,0,0,0,0.35,0,20.87142857142857,276.00714285714287,1.4057142857142857,0,0.12034071959137933,46.26503284653153
Kenny Yeboah,TE,New York Jets,NYJ,0,0,0,0,0,0,0,4.220000000000001,52.379999999999995,0.13999999999999999,0,0.01712643607442279,8.153747127851153
Jeremy Ruckert,TE,New York Jets,NYJ,0,0,0,0,0,0,0,15.603333333333335,151.40333333333334,0.84,0,0.09567049619846078,27.79065900760308
Irvin Charles,WR,New York Jets,NYJ,0,0,0,0,0,0,0,1.3,14.85,0.13999999999999999,0,0,2.975
Jason Brownlee,WR,New York Jets,NYJ,0,0,0,0,0,0.75,0,8.007142857142858,93.69999999999999,0.7114285714285714,0,0.030582921561469276,17.655977014019918
Chris Conley,WR,San Francisco 49ers,SF,0,0,0,0,0,1,0,5.67532341411237,101.54430805024185,0.46265030905416543,0,0.01873407582813562,15.83052621474909
Eric Saubert,TE,San Francisco 49ers,SF,0,0,0,0,0,0,0,5.799829088654214,38.28323250923448,0.22630693314257722,0,0.014795660909064545,8.05648807228789
Brandon Aiyuk,WR,San Francisco 49ers,SF,0,0,0,0,0.4,2,0,74.89154267640463,1226.4837782856853,6.731513006340046,0,0.841353905803749,199.00051939320363
Jauan Jennings,WR,San Francisco 49ers,SF,0,0,0,0,0,1.65,0,23.996132280643085,312.08186518005874,1.761332327325815,0,0.12301485963786189,53.69321690300658
Ronnie Bell,WR,San Francisco 49ers,SF,0,0,0,0,0,1,0,6.050304389752819,70.51040373344549,0.9693457552271552,0,0.0666373981883314,15.858992303207225
