player,pos,team,opponent,pas_att_pred,cmp_pred,pas_yds_pred,pas_tds_pred,int_pred,tgt_pred,rec_pred,rec_yds_pred,rec_tds_pred,rus_att_pred,rus_yds_pred,rus_tds_pred,py_fl_per_tou,py_qb_fl,fl_pred,fpts_pred
Rashaad Penny,RB,PHI,KC,0,0,0,0,0,0.20491352900126508,0.13288255446410777,1.4665972830414895,0.008826365897834719,0.8047459417073299,3.786826248199283,0.015177395044588851,0.01327078672238873,0,0.006221533898762614,0.7233631282131473
Boston Scott,RB,PHI,KC,0,0,0,0,0,0.4886866655748007,0.34904930644714766,3.44499612331476,0.017728198310078283,0.8372963394343278,1.7108217744359218,0.01907059628789369,0.0116471780151125,0,0.006908789462517579,0.8970816316614387
A J Brown,WR,PHI,KC,0,0,0,0,0,12.456463378492343,8.025833323704765,99.03191663503611,0.5819354568691795,1.8611376723604088e-8,1.105000823452254e-7,7.411328910277839e-10,0.01435617093728453,0,0.05761011768822408,17.29250084669143
Olamide Zaccheaus,WR,PHI,KC,0,0,0,0,0,2.2871845963453286,1.2721173372137171,12.757244914068123,0.07918643202129917,3.7662835312825534e-5,2.1471130555485992e-4,1.4707959366028436e-6,0.01367983733659786,0,0.008701436733805187,2.369529174580031
D Andre Swift,RB,PHI,KC,0,0,0,0,0,4.596065890923092,3.1052403606954195,31.739482073148054,0.1806927242840416,16.099233504799603,67.58886609729772,0.4420964654218295,0.01141929446860005,0,0.2842368971422655,14.653716341342982
Albert Okwuegbunam,TE,PHI,KC,0,0,0,0,0,0.1820797684435372,0.11545694436011035,1.333315530553326,0.007916440796787143,0,0,0,0.01270209802017814,0,8.081986105207725e-4,0.23694227279506908
DeVonta Smith,WR,PHI,KC,0,0,0,0,0,7.649467940124483,5.0552791650635545,63.341505990090894,0.38668442757337246,0,0,0,0.01253880141275135,0,0.03169357076837568,11.118509605444352
Kenneth Gainwell,RB,PHI,KC,0,0,0,0,0,2.3951220676637646,1.6325097773551807,13.68048724442246,0.08613474416953913,3.5987200661222896,15.665626443760933,0.20059188694479638,0.01128118536029379,0,0.10532216203107443,5.260581720119793
Jack Stoll,TE,PHI,KC,0,0,0,0,0,0.31043959100780777,0.20256196945355215,2.0897158240753457,0.01302752716270444,0,0,0,0.01268056904048292,0,8.562003462106533e-4,0.386705329418116
Grant Calcaterra,TE,PHI,KC,0,0,0,0,0,0.11690922741883114,0.07511708293531105,0.8551876011352753,0.005074644135282517,0,0,0,0.01280974291865422,0,5.258195805471773e-4,0.1524735272317838
Britain Covey,WR,PHI,KC,0,0,0,0,0,0,0,0,0,0,0,0,0.01625072115046364,0,0,0
Travis Kelce,TE,KC,PHI,0,0,0,0,0,9.15062147906397,6.312751713595955,65.12751079459252,0.4206962853225391,4.8044441483611126e-5,2.3508232486442148e-4,2.5483066401971564e-6,0.01217280875793265,0,0.038422252090856625,12.11649894208308
Jerick McKinnon,RB,KC,PHI,0,0,0,0,0,2.941461660866774,2.0431114552926184,21.56526953492135,0.19951157083619028,1.4652370247058482,2.006278187838406,0.03221387532884123,0.01182834508280918,0,0.020748978246085462,4.727565220420302
Blake Bell,TE,KC,PHI,0,0,0,0,0,0.5215826769697187,0.30629886810166207,2.78867323549799,0.022111664809362636,3.410906669129983e-4,0.0013720355197732697,1.6470899136966663e-5,0.01287432985773988,0,0.03066399587685751,0.50359478364989
Justin Watson,WR,KC,PHI,0,0,0,0,0,3.4053107499654414,1.9915472939013354,24.7513283016153,0.14211287970611342,0,0,0,0.01259445312170205,0,0.0836679135842513,4.156247928180376
Marquez Valdes Scantling,WR,KC,PHI,0,0,0,0,0,3.5459941035049694,2.2492094659403716,26.782380057712963,0.1590000540651923,4.335767475451163e-7,1.9850581131712818e-6,2.2288963054692312e-8,0.01199164169023597,0,0.09381478458332472,4.569213826205576
Mecole Hardman,WR,KC,PHI,0,0,0,0,0,2.2935527054214293,1.664599339896923,12.409720893130785,0.08631426235446475,0.32282720274466514,1.0668536989089925,0.009236868639648657,0.01395971407263568,0,0.138086112052921,2.4770916910112777
Clyde Edwards Helaire,RB,KC,PHI,0,0,0,0,0,0.9100187478654039,0.5843510654967147,5.495596180337174,0.043152266870434865,2.0672608890608513,7.379148708018355,0.06259901010141339,0.0110228376039512,0,0.014614143981891838,2.184929395451216
Kadarius Toney,WR,KC,PHI,0,0,0,0,0,2.6700470510993197,1.8598058345084114,19.423938724987558,0.12709431186386919,0.49672293851469596,0.18736854689134372,0.010169225157139174,0.01408888795080698,0,0.06191829593766275,3.5907782746928203
Noah Gray,TE,KC,PHI,0,0,0,0,0,2.674333617701405,1.9624859911748844,23.19142623416075,0.11861238399798522,0.05857062172865527,0.13104299006005696,0.0020343726298161628,0.01229304740596901,0,0.012422472376285186,4.012525513023761
Skyy Moore,WR,KC,PHI,0,0,0,0,0,3.296952177570663,2.0679455717623614,23.734769311637166,0.13900559165961213,0.032412324016324705,0.1941982782502462,0.0018640281204242032,0.01737916332474988,0,0.018251231455582887,4.235584800638974
Isiah Pacheco,RB,KC,PHI,0,0,0,0,0,2.9043628506775594,1.9378499095340824,15.362383277021403,0.12455645464702023,13.347266725526314,56.29019748391653,0.387455859796964,0.01564425119957223,0,0.11956210212682253,10.967132713271095
Rashee Rice,WR,KC,PHI,0,0,0,0,0,4.832301163273886,3.4393103240149014,39.13609823171318,0.30407827417403005,0.002753076491223682,0.007025892060750662,1.0984404699649139e-4,0.007,0.21,0,7.459096283711003
Julio Jones,WR,PHI,KC,0,0,0,0,0,2.3502018400899436,1.4648468948385733,15.850412322098975,0.10684272311013589,0.09299233565628028,1.3952612811990175,0.006301672252410343,0.01229304740596901,0,0.009575295755675759,3.116706588413012
Tyler Boyd,WR,CIN,BAL,0,0,0,0,0,7.6798138742712245,4.935202988883714,53.298751209653915,0.27182368981398075,0.109422830361462,0.5007960456753966,0.0028208495833296487,0.01166870699480771,0,0.029432130291606875,9.436559195775438
Joe Mixon,RB,CIN,BAL,0,0,0,0,0,4.270093821518473,2.821474343631712,22.65497610640545,0.1467673111730365,15.162886305655935,60.27284927942532,0.4771701674398003,0.00710456329942167,0,0.06388551431624614,13.31937355344346
Irv Smith,TE,CIN,BAL,0,0,0,0,0,3.3653320953455346,2.2355552655657793,19.82214749952531,0.14452470289969213,0,0,0,0.01404582999141655,0,0.09554137408276862,3.7760578519680363
Drew Sample,TE,CIN,BAL,0,0,0,0,0,1.9185130812461115,1.206718760652499,9.492686583783712,0.0793360892414874,0,0,0,0.01287432985773988,0,0.0077678476850816655,2.0131088787833815
Trayveon Williams,RB,CIN,BAL,0,0,0,0,0,0.6848983038514067,0.5020578051577403,2.9151952178956178,0.021190809443672232,1.037189998761298,5.638151042294485,0.026106307851661615,0.01274515597956857,0,0.006539317784052173,1.3770675968017794
Trenton Irwin,WR,CIN,BAL,0,0,0,0,0,2.4446252388873897,1.4764134517758416,19.02852357587456,0.15924803477253358,2.281942238691781e-5,1.1892608141511253e-4,7.861373147112522e-7,0.01272362699987336,0,0.12296483306330727,3.3506342354159933
Mitchell Wilcox,TE,CIN,BAL,0,0,0,0,0,0.6692896862400223,0.3331817067096161,3.175219651596271,0.02196646350538023,0,0,0,0.01255139516231162,0,0.0013939650872552682,0.6131236693722061
Ja Marr Chase,WR,CIN,BAL,0,0,0,0,0,11.66259367140159,7.434168166778603,87.13437294493072,0.5298337676170404,0.22412335758701624,0.16041672218349987,0.0033152660827552582,0.01427005501850366,0,0.10782470073053563,15.429807850838426
Chris Evans,RB,CIN,BAL,0,0,0,0,0,0.0977927909087563,0.06568148984020805,0.5659917204219395,0.0037970378862325167,0.014146765035979964,0.09148275296480231,5.409109803837685e-4,0.01285280087804466,0,3.420055547884807e-4,0.12393187434889895
Odell Beckham,WR,BAL,CIN,0,0,0,0,0,3.8777120248587487,2.369919451082469,29.804431192381294,0.27587094383066135,0,0,0,0.007,0.21,0.11849597255412346,5.5836365626550855
Nelson Agholor,WR,BAL,CIN,0,0,0,0,0,2.20477728401851,1.224888039303457,13.31837742400958,0.07946510123793309,0,6.424211006610327e-8,2.306284375633166e-10,0.01558332277991191,0,0.04356858060128895,2.3339352160856888
Patrick Ricard,RB,BAL,CIN,0,0,0,0,0,0.6853310795644038,0.35305900671204044,3.6408633857792796,0.022327437188103358,0,4.432927452844184e-6,1.6165645858878915e-8,0.0125298661826164,0,0.0014745940362231107,0.6716318172767426
Mark Andrews,TE,BAL,CIN,0,0,0,0,0,6.601008967124194,4.4439066812357,53.16392333911524,0.26390691828115836,0.01004724078601996,0.02356545441408975,2.910835177551821e-4,0.01294785202696047,0,0.019223045439079153,9.087444139886106
Gus Edwards,RB,BAL,CIN,0,0,0,0,0,1.0215006879498825,0.8156170267739747,8.428697240279558,0.0397573165716014,13.001109186789522,43.434686790885664,0.49736458225765373,0.01271103325031308,0,0.14178401992727138,8.533310269624497
Justice Hill,RB,BAL,CIN,0,0,0,0,0,1.4871834882468067,1.0414066643337072,10.780698923246392,0.058467534489796746,4.731373049494087,17.247974994108745,0.10888548108403155,0.01493745338905539,0,0.0816005120424789,4.164487793260379
Devin Duvernay,WR,BAL,CIN,0,0,0,0,0,0.9305950793950674,0.6425520077554004,6.206341961971389,0.03534634065147201,0,0.001662814546668,5.8895071130119745e-6,0.01352913447873134,0,0.004346586261250817,1.1454966899585144
Rashod Bateman,WR,BAL,CIN,0,0,0,0,0,3.9221787548778524,2.523023345159832,27.983278277689887,0.13917976492564196,0.10236722712821131,1.886210507510336,0.007379613486707987,0.01426111978836872,0,0.018720504721326848,5.090375812131384
Tylan Wallace,WR,BAL,CIN,0,0,0,0,0,0.08866333679577247,0.06381401105182341,0.7233206285476899,0.0038978296561292818,0,0,0,0.01283127189834944,0,4.4669807736276386e-4,0.12673265016273086
Charlie Kolar,TE,BAL,CIN,0,0,0,0,0,0.14780907077109795,0.10014505374191354,1.1369967234001601,0.0062401655261046275,0,0,0,0.01283127189834944,0,7.010153761933948e-4,0.19981116161521376
Isaiah Likely,TE,BAL,CIN,0,0,0,0,0,1.5679755190373108,1.206082968452063,12.836936098053522,0.05905095130506592,0,0,0,0.01214234454810249,0,0.007322337478271588,2.2263961269052364
Zay Flowers,WR,BAL,CIN,0,0,0,0,0,6.645186918958247,4.816073796322993,50.519285526149716,0.2460996351904605,0.010474393328061757,0.036353753589387354,3.4638455946012865e-4,0.007,0.21,0,8.94227694463493
Keaton Mitchell,RB,BAL,CIN,0,0,0,0,0,0.8238010967726802,0.5434419825937423,6.9103525466120574,0.02411108404513607,4.1758531848929,43.10317687995353,0.3369252877041485,0.007,0.21,0,7.439292164449138
Tanner Hudson,TE,CIN,BAL,0,0,0,0,0,3.3402015361793707,2.391031719213441,19.11952148219158,0.10137571601852216,0,0,0,0.01270209802017814,0,0,3.715722303937012
Charlie Jones,WR,CIN,BAL,0,0,0,0,0,2.3340957894841354,1.4321112565491962,13.775947792289148,0.0919959845211886,0,0,0,0.007,0.21,0,2.6456263146306447
Stanley Morgan,WR,CIN,BAL,0,0,0,0,0,0.014177591159894153,0.009096478710142138,0.0899907875099061,5.765911979714607e-4,0,0,0,0.01291738781713031,0,6.367535097099496e-5,0.016879514591948454
Shedrick Jackson,WR,CIN,BAL,0,0,0,0,0,0,0,0,0,0,0,0,0.007,0.21,0,0
Brandin Cooks,WR,DAL,CAR,0,0,0,0,0,4.850614968934926,3.484715622295599,42.46998189390917,0.25315844981857594,0.15715203231822716,1.4421862753625696,0.009698205571062612,0.0116471780151125,0,0.08399956207165661,7.542715436269492
Michael Gallup,WR,DAL,CAR,0,0,0,0,0,4.378666284115068,2.9523959345882833,34.66387825081706,0.23529863448456934,0,0,0,0.01207775760901684,0,0.01782916123190201,6.31871927681946
Tony Pollard,RB,DAL,CAR,0,0,0,0,0,3.419586208865655,2.42653420262672,24.427715606849475,0.15964607762707847,14.753466615857128,57.859365883748445,0.38773798815899574,0.00792266452783992,0,0.17281179408816216,12.380656056913274
CeeDee Lamb,WR,DAL,CAR,0,0,0,0,0,9.677590127785265,6.913931865697044,85.18448964540916,0.4804351492786051,0.6920600534559834,6.983709117936834,0.14479529113637968,0.0103984971927899,0,0.14373711293523164,16.137694225802566
Rico Dowdle,RB,DAL,CAR,0,0,0,0,0,0.5999034682167974,0.4257608590926054,3.9545307408974493,0.027537887967735913,8.527334297431722,40.49151780418123,0.32424215177202637,0.01291738781713031,0,0.0385502007668319,6.69106512095908
Sean McKeon,TE,DAL,CAR,0,0,0,0,0,0.2722006787186593,0.14058092420502033,1.261106047804631,0.01104053180508045,0,0,0,0.01289585883743509,0,9.840664694351423e-4,0.2606761247745857
Jalen Tolbert,WR,DAL,CAR,0,0,0,0,0,1.9128758541209707,1.1195222036094437,10.775755718499719,0.08435141065170365,0,0,0,0.01287432985773988,0,0.06700004402241302,2.0094450495200897
Jake Ferguson,TE,DAL,CAR,0,0,0,0,0,4.574495551494438,3.1565546659847774,33.34327031332883,0.2439881396635948,0,0,0,0.01250833720292118,0,0.019741625080795914,6.337049952145248
KaVontae Turpin,WR,DAL,CAR,0,0,0,0,0,0.8880498666529155,0.6341387821894119,7.357750800403404,0.08904988003715576,0.9964103054267218,1.1387861528350778,0.021069715312866295,0.01783127189834944,0,0.08733678269001695,1.6527670931386524
Luke Schoonmaker,TE,DAL,CAR,0,0,0,0,0,1.5502572040719145,1.005647704256258,10.032539534637682,0.06917183749213549,0,0,0,0.007,0.21,0,1.92110883054471
Deuce Vaughn,RB,DAL,CAR,0,0,0,0,0,0.8023200216232491,0.5900347774296606,6.431277457223999,0.037531131647667526,0.8506749754715429,0.8672693142149688,0.01706013341388296,0.007,0.21,0,1.35241965622803
Jalen Brooks,WR,DAL,CAR,0,0,0,0,0,0.7157086534445745,0.5928428331317712,5.2476931215825315,0.02352932330491909,0,0,0,0.007,0.21,0,0.9623666685536534
Hunter Luepke,RB,DAL,CAR,0,0,0,0,0,0.29177761201267505,0.17147671251838204,1.142146399915292,0.010871911442277372,0.011193501926178732,0.06775180105060619,7.636824869510483e-4,0.007,0.21,0,0.2765417399311514
Adam Thielen,WR,CAR,DAL,0,0,0,0,0,9.019330793639163,5.4713913808201795,53.690546109610644,0.295067801239589,0.002548941393659422,0.02042030443173519,1.418906501162315e-4,0.01138883025876989,0,0.03117088858816478,9.81570870597623
D J Chark,WR,CAR,DAL,0,0,0,0,0,4.340588105938401,2.4331610642778436,24.4282176701796,0.23453236359095375,0,0,0,0.01227151842627379,0,0.01492929041718875,5.036737899868227
Miles Sanders,RB,CAR,DAL,0,0,0,0,0,2.6530915011776375,1.6528207253430824,15.559283033113944,0.08506240896156353,4.402537656493885,6.403422405989973,0.1076233725870835,0.01024413581549805,0,0.09755835663793243,3.9836788825979506
Laviska Shenault,WR,CAR,DAL,0,0,0,0,0,1.7053632309628188,1.1621636363717465,10.20356892985389,0.05139865089104152,0.8063075190978318,3.827933358836474,0.009783985563692043,0.01214234454810249,0,0.06375280001371385,2.2238222657558837
Stephen Sullivan,TE,CAR,DAL,0,0,0,0,0,1.3832874434912814,0.916312216478457,9.328986844333203,0.03453103389751332,0,0,0,0.01287432985773988,0,0.003932301909206802,1.5903763922392151
Terrace Marshall,WR,CAR,DAL,0,0,0,0,0,2.8991662542999928,1.5321754098015927,15.146669985326183,0.09172301907237564,0,0,0,0.01564790971899756,0,0.054548099293165946,2.7219966192813367
Tommy Tremble,TE,CAR,DAL,0,0,0,0,0,1.9511999426892688,1.376044726517719,11.227091831406142,0.06890123859288165,0,0,0,0.01417500386958785,0,0.00975271966155731,2.204633538633649
Chuba Hubbard,RB,CAR,DAL,0,0,0,0,0,2.6156721477348426,1.695457347442652,14.442465925805466,0.08088261625893307,13.318495196635492,53.53981344007033,0.31751953883372286,0.01390406236368497,0,0.16965552078860477,9.697058499287632
Ihmir Smith Marsette,WR,CAR,DAL,0,0,0,0,0,0.08908639352790355,0.052694073315177635,0.5298643651657285,0.003256558561818331,5.043618182378788e-5,1.6736027279225585e-4,1.7130091735176355e-6,0.01291738781713031,0,0.005274450949700142,0.08835093672799171
Raheem Blackshear,RB,CAR,DAL,0,0,0,0,0,0.8247189690718575,0.5946557512479559,5.591117411072948,0.02683327173528865,2.3979216625287014,11.368228737202593,0.055610571105320306,0.01387359815385481,0,0.020758908241519717,2.446407731012146
Jonathan Mingo,WR,CAR,DAL,0,0,0,0,0,5.778654871232367,3.12769548693289,30.653604856767615,0.17919999511964776,0,0,0,0.007,0.21,0,5.704408199861093
Jordan Matthews,TE,CAR,DAL,0,0,0,0,0,0,0,0,0,0,0,0,0.007,0.21,0,0
Ian Thomas,TE,CAR,DAL,0,0,0,0,0,1.098848647151598,0.5601408042335373,7.908477818561886,0.03301492604633428,0,0,0,0.01246527924353075,0,0.0023274371801556442,1.2643528658906518
Allen Robinson,WR,PIT,CLE,0,0,0,0,0,2.0781277520984696,1.2134180571131488,12.068838042307132,0.06794916661568975,0,0,0,0.01220693148718814,0,0.004937370362832383,2.2114130917557615
Godwin Igwebuike,RB,PIT,CLE,0,0,0,0,0,0.0317879782712765,0.019165134578323653,0.2011990685179778,0.0011086979327623613,3.8067657761875365e-4,0.0012712794292582352,1.188698965601255e-5,0.01283127189834944,0,1.3682067809159685e-4,0.03627947026221248
Diontae Johnson,WR,PIT,CLE,0,0,0,0,0,6.889040046908841,3.8978052827261056,48.5710454297841,0.2483898169900008,0.0030310427469736586,0.011668666787024079,1.005311359703909e-4,0.01258185937214178,0,0.024539887040422283,8.249036365695147
Miles Boykin,WR,PIT,CLE,0,0,0,0,0,0.26683136169639216,0.17730057846506536,1.5990674993333818,0.008204956084333054,0,0,0,0.01287432985773988,0,0.0011413130655636716,0.29550414954074183
Najee Harris,RB,PIT,CLE,0,0,0,0,0,2.9830724132241175,1.8966127112635947,16.01665069562501,0.08196883109033071,11.50814373487218,41.18524469404425,0.37676297549593096,0.01117881717252733,0,0.12494240871014696,9.171001916695998
George Pickens,WR,PIT,CLE,0,0,0,0,0,5.401832551166087,3.138054981926619,38.5749839409395,0.18234687533384933,0.031477270499683525,0.46947429805084434,0.0022095569644280063,0.01173329393389336,0,0.06520529519337032,6.450401318265267
Calvin Austin,WR,PIT,CLE,0,0,0,0,0,1.64937618770043,1.010436345655062,9.750968835914742,0.05202525865662084,1.15552046169829,4.730828822874545,0.026599493897705957,0.01291738781713031,0,0,2.425146454032421
Connor Heyward,TE,PIT,CLE,0,0,0,0,0,2.903490586233287,1.8554035622769134,19.665840912476902,0.08401718817173395,0.011628208968963698,0.03280291313501465,3.3649094813404805e-4,0.01261598210139727,0,0.011777219704389014,3.380133799010079
Jaylen Warren,RB,PIT,CLE,0,0,0,0,0,3.392275226112471,2.065103370500804,18.8091341288567,0.09766194719574224,8.86132014839821,43.34198531493028,0.2879354903117618,0.01232351161579917,0,0.12088685317959277,9.31947454831494
Rodney Williams,TE,PIT,CLE,0,0,0,0,0,0.1748544105785677,0.06901628303321634,0.5453001582425272,0.004608439772894806,0,0,0,0.007,0.21,4.831139812325144e-4,0.1157225680157647
Darnell Washington,TE,PIT,CLE,0,0,0,0,0,0.9223061122323815,0.6266486636052883,5.967271055348078,0.027847919502405363,0,0,0,0.007,0.21,0,1.0771389543518841
Anthony McFarland,RB,PIT,CLE,0,0,0,0,0,0.47994516069567306,0.3389502595257577,3.0074582266532137,0.015024496464624457,0.7945508144792106,3.1122742019164313,0.024923260125472937,0.01274515597956857,0,0.007223323995600908,1.006688264169226
Amari Cooper,WR,CLE,PIT,0,0,0,0,0,8.505190682857462,5.1798915602088655,69.32069045961917,0.31950164073509835,0,0,0,0.01123812740090337,0,0.09227554990908551,11.254473570658769
David Njoku,TE,CLE,PIT,0,0,0,0,0,7.182788630388541,4.373826676640477,43.675446352035586,0.2526183394210948,6.827819902502509e-8,9.40491892472742e-8,2.2171141811353344e-9,0.01329231570208394,0,0.08661949486666329,7.896929043024643
Kareem Hunt,RB,CLE,PIT,0,0,0,0,0,1.8512011181595323,1.081447685677341,10.416445450894358,0.06489909953509113,10.047993366234827,32.41546638240575,0.5091598552832607,0.01118247569195266,0,0,8.268268755078791
Jordan Akins,TE,CLE,PIT,0,0,0,0,0,1.6634063434819808,0.966983759449843,8.86511740397124,0.05188274061926154,0,0,0,0.01389512713355003,0,0.006718181136816865,1.667863701563981
Harrison Bryant,TE,CLE,PIT,0,0,0,0,0,1.113516468237674,0.6670440814894087,5.245132678495906,0.03467602582069345,0.716570521324571,1.5387221807533717,0.006938491738517196,0.01222846046688336,0,0.008459738235956638,1.244675155552983
Elijah Moore,WR,CLE,PIT,0,0,0,0,0,5.670610477752932,3.5036133159684355,34.121762093333025,0.2805234535301142,0.0016656607157620712,0.0063179187712102455,4.5959211357215934e-5,0.01367983733659786,0,0.06570533473741084,6.7166204661686475
David Bell,WR,CLE,PIT,0,0,0,0,0,1.1464781821472343,0.6553695558133126,6.1965659417881875,0.04116658601222631,0,0,0,0.0124006923044451,0,0.004063518103670874,1.186213851951491
Pierre Strong,RB,CLE,PIT,0,0,0,0,0,0.4584988712865444,0.3237961268496479,3.063182769006935,0.016377608912174293,3.0234267622982056,13.992628443204941,0.044755234557737285,0.01255139516231162,0,0.021006158589014546,2.1922639282874523
Jerome Ford,RB,CLE,PIT,0,0,0,0,0,3.152117444172828,1.979294691212566,15.709145051396838,0.09793018770224954,16.010274634648418,83.07277738128874,0.23133450878485481,0.01274515597956857,0,0.1591372859216304,12.525153195954207
Cedric Tillman,WR,CLE,PIT,0,0,0,0,0,1.9802474763611582,0.8877074166067539,7.672607241092121,0.0555487472795649,0,0,0,0.007,0.21,0,1.5444069160899783
James Proche,WR,CLE,PIT,0,0,0,0,0,0.7857484927478073,0.3337214996876953,2.9271506425715503,0.02273788606500067,0,0,0,0.01274515597956857,0,0.033372149968769534,0.5292588305534677
Austin Watkins,WR,CLE,PIT,0,0,0,0,0,0,0,0,0,0,0,0,0.007,0.21,0,0
Pat Freiermuth,TE,PIT,CLE,0,0,0,0,0,3.127944690779014,2.0031620406807376,16.76635036277585,0.11004564698431925,0,0,0,0.01156106209633163,0,0.011579340370662198,3.315331257782545
Marcedes Lewis,TE,CHI,DET,0,0,0,0,0,0.16395286650063234,0.1110482299072998,1.8069315247876592,0.010921348156581114,0,0,0,0.01278821393895901,0,4.733695071990853e-4,0.30079861735750435
D Onta Foreman,RB,CHI,DET,0,0,0,0,0,1.2211276882858624,0.8436926719540582,8.61945373864211,0.061308678699047735,5.7635772260365,22.075022203780087,0.2763588562138455,0.0101060267071918,0,0.06816172775162462,5.380975684193358
Trent Taylor,WR,CHI,DET,0,0,0,0,0,0.12102383297191609,0.06835049469651173,0.7153598876028215,0.006273854228128736,0,0,0,0.01603543135351147,0,3.653432218948212e-4,0.14262367503352077
Robert Tonyan,TE,CHI,DET,0,0,0,0,0,0.8179124115840181,0.5667240983437902,6.553504787081338,0.04547424262730679,0,0,0,0.0117763518932838,0,0.003336971204250224,1.2048840412353692
D J Moore,WR,CHI,DET,0,0,0,0,0,6.6022711180924665,4.055154629407517,54.555885680724494,0.3338493860267864,0.35886593258156374,0.4884561555198839,0.004275367586029804,0.01134577229937946,0,0.06668193952554487,9.427396140954006
Travis Homer,RB,CHI,DET,0,0,0,0,0,0.23293679615892476,0.1353417295859252,1.5174787150481381,0.01245794526821634,0,0,0,0.01383054019446438,0,9.473921071014764e-4,0.2922716236928715
Khari Blasingame,RB,CHI,DET,0,0,0,0,0,0.38953973919637586,0.22295451141857783,1.7891476647498727,0.01603520598859634,0,0,0,0.01291738781713031,0,9.599966298575259e-4,0.3846832648561392
Cole Kmet,TE,CHI,DET,0,0,0,0,0,5.3851045093330105,3.598202573964882,40.50791501045644,0.2967463786141911,0.35886593258156374,0.4884561555198839,0.004275367586029804,0.01346454753964568,0,0.06701831857881514,7.5708322436237685
Darrynton Evans,RB,CHI,DET,0,0,0,0,0,1.5308966841157456,0.8208884164501196,8.113757713934575,0.0651482432968319,0.6878654164675255,1.8482148850378335,0.009706374499594807,0.01259445312170205,0,0.006333976473623189,1.8431012219536145
Darnell Mooney,WR,CHI,DET,0,0,0,0,0,3.949003197520605,2.405687772733713,32.48827035881319,0.20143768591969038,0,0,0,0.01203469964962641,0,0.009650576598542982,5.640995884569232
Velus Jones,WR,CHI,DET,0,0,0,0,0,0.8923709817193088,0.4485783420009653,3.8141853429015997,0.03330367136775037,0,0,0,0.01757292414200684,0,0.003941416587865082,0.7976469003214147
Tyler Scott,WR,CHI,DET,0,0,0,0,0,1.711716059504267,0.9665385809072315,12.206521547400468,0.08355059979458969,0.25077169794683724,5.990293807029261,0.011752756220963024,0.007,0.21,0,2.874770961989905
Roschon Johnson,RB,CHI,DET,0,0,0,0,0,2.672602521291213,1.7410775338572086,14.450529010978006,0.10926355456454867,1.765044830254542,6.716128926998269,0.027006358085275885,0.007,0.21,0,3.8048240366251793
Kalif Raymond,WR,DET,CHI,0,0,0,0,0,2.9387414076981417,1.898018308842476,23.643299086108673,0.11410965116714517,0.17951210951155666,0.2677596148309184,0.0037744625285466653,0.01675482291358858,0,0.017404327128557707,4.012611052432233
Josh Reynolds,WR,DET,CHI,0,0,0,0,0,2.9949173757142864,1.9826561168610268,24.239663173442832,0.12366781976260668,0,0,0,0.01209928658871206,0,0.05329969805032033,4.050701898249796
David Montgomery,RB,DET,CHI,0,0,0,0,0,1.9337880385688533,1.2615262749351903,13.988304104444124,0.0798817245650096,11.09695110198248,56.48852747641026,0.44075631557370937,0.0111914109220876,0,0.17949794735639796,10.443278641672551
Craig Reynolds,RB,DET,CHI,0,0,0,0,0,0.4799427407971646,0.3686689114138841,4.543635464897202,0.0216116439612694,2.987897824878587,12.204419901797742,0.08278127987877261,0.01222846046688336,0,0.06232777594194578,2.3608419835327967
Donovan Peoples Jones,WR,DET,CHI,0,0,0,0,0,2.9172318432972655,2.0184931857628547,21.7417851511086,0.12680346172069515,4.9575877939325343e-8,4.4243822599338754e-8,4.9278956662172425e-9,0.01324925774269351,0,0.10193290955703799,3.7403800931941382
Amon Ra St Brown,WR,DET,CHI,0,0,0,0,0,9.24540073052279,6.5949009147587665,82.12110320286111,0.4400309574146666,0.8663202208731186,2.55446004326557,0.014223146431389043,0.01044155515218033,0,0.09381529611009728,14.30290081284819
Brock Wright,TE,DET,CHI,0,0,0,0,0,1.3328471474803725,0.9358387847677848,8.762779922660963,0.10112251521538393,0,0,0,0.0125298661826164,0,0.005862967370821348,1.9392065412006496
Jameson Williams,WR,DET,CHI,0,0,0,0,0,2.1502875951961085,1.406341155996449,13.36158494591754,0.07994792052843455,0.0022617117663498725,0.03563040078115534,1.6045560523296977e-4,0.01287432985773988,0,0.00906740897906831,2.5054075515119627
James Mitchell,TE,DET,CHI,0,0,0,0,0,0.1747894470508164,0.12346963537074304,1.4110548734778519,0.008020743672658582,0,0,0,0.01268056904048292,0,8.642874475952013e-4,0.2492361921739178
Jahmyr Gibbs,RB,DET,CHI,0,0,0,0,0,4.907240305232982,3.4868864429927466,33.30471961782237,0.18503561997740617,12.578471206141712,49.90229269610381,0.5185710568444687,0.007,0.21,0,14.28578451382024
Sam LaPorta,TE,DET,CHI,0,0,0,0,0,6.254367778541819,4.390343227100325,44.53082115475674,0.27997715881635993,0,0,0,0.007,0.21,0,8.328116681923996
Antoine Green,WR,DET,CHI,0,0,0,0,0,0.23022964576612576,0.13945166682153973,1.4197076391953103,0.00936796124695375,0,0,0,0.007,0.21,0,0.2679043648120234
Khalil Herbert,RB,CHI,DET,0,0,0,0,0,3.009378409690604,1.5183490922607294,13.239181349076025,0.11899621607266518,11.54084511823104,51.0204175615701,0.35755918094478595,0.00994638861919034,0,0.17198848583135004,9.700489847636982
Equanimeous St Brown,WR,CHI,DET,0,0,0,0,0,1.0574780725312913,0.655149330617114,7.080959440710199,0.05077262121967495,0,0,0,0.01400277203202611,0,0.0045869533617829755,1.3311324299740608
Geoff Swaim,TE,ARI,HOU,0,0,0,0,0,0.9078069475430547,0.7746830460235603,5.962990692875755,0.028729411864691353,0,0,0,0.0126590400607877,0,0.004903371857012646,1.1462103197734785
Marquise Brown,WR,ARI,HOU,0,0,0,0,0,8.534339239294205,5.232545489255371,55.962394930316904,0.31856458495620743,0,0,3.8401985950093194e-4,0.01312008386452221,0,0.034325717821978935,10.05755243090967
Greg Dortch,WR,ARI,HOU,0,0,0,0,0,0.8888641909273253,0.6523908865831339,5.254394478594575,0.0335502470121997,0,0,0.002752171009213502,0.01331384468177916,0,0.0043429154678880245,1.0607635683437278
Rondale Moore,WR,ARI,HOU,0,0,0,0,0,5.40210421850051,3.583505637375367,30.082440202952103,0.171563267761903,0,0,0.23547027263076936,0.0119055257714551,0,0.02133175935896353,7.199534562621001
Trey McBride,TE,ARI,HOU,0,0,0,0,0,7.214553817761008,5.348365975176238,63.564647059143205,0.2698151104209726,0,0,0,0.01395971407263568,0,0.03733082988463679,10.574876696259002
Keaontay Ingram,RB,ARI,HOU,0,0,0,0,0,0.49686815269410145,0.36900305691815793,3.241915316557918,0.0199179117301451,2.413742166662914,3.2990397972828114,0.13763967231791652,0.01224998944657858,0,0.017044299810692543,1.7498539445101366
Michael Wilson,WR,ARI,HOU,0,0,0,0,0,5.443344348751304,3.523286389475987,41.42786420414866,0.1936591285351411,0,0,0,0.007,0.21,0,7.066384386363707
Elijah Higgins,TE,ARI,HOU,0,0,0,0,0,0.597786714867442,0.2881714942872792,2.400188351663652,0.017880468646822797,0,0,0,0.007,0.21,0,0.4913873941909416
Blake Whiteheart,TE,ARI,HOU,0,0,0,0,0,0,0,0,0,0,0,0,0.007,0.21,0,0
Robert Woods,WR,HOU,ARI,0,0,0,0,0,5.446571936948806,3.156711643290267,34.17359133653505,0.21457368069637145,0,0,6.50798969562818e-10,0.01344301855995046,0,0.021217866604581387,6.240721310172498
Eric Saubert,TE,HOU,ARI,0,0,0,0,0,0.44238590787714277,0.28927710517753136,3.607823622496982,0.018500627118883242,0,0,0,0.01259445312170205,0,0.0020249397362427195,0.6123747980792779
Noah Brown,WR,HOU,ARI,0,0,0,0,0,4.979676898750066,3.539669710745102,57.83049934110618,0.20866637807948968,0.001942457609022765,3.0233146934039357e-4,8.943639634633881e-5,0.01365830835690264,0,0.02418621553796961,8.75707747840918
Dare Ogunbowale,RB,HOU,ARI,0,0,0,0,0,0.2011608704139076,0.1318349603082496,1.4705268035101355,0.008245569913884204,0.001672943134848897,0,1.1532995610452161e-4,0.01158259107602684,0,0.0010309116339993903,0.26107373645707194
Dalton Schultz,TE,HOU,ARI,0,0,0,0,0,6.189972664608109,4.070551885432527,47.3718012138914,0.2352084448102951,0,0,0,0.0133569026411696,0,0.08219244052602619,8.019321851915121
Mike Boone,RB,HOU,ARI,0,0,0,0,0,0.12879097782063945,0.08351005774495007,1.0564785358453423,0.005524425638437207,9.230181154991668e-4,0,5.947387612935712e-5,0.01220693148718814,0,5.910315310231446e-4,0.17972421648236236
Devin Singletary,RB,HOU,ARI,0,0,0,0,0,1.7405818321084578,1.1536873676261967,10.885388750388673,0.060175958807570776,23.877390134022093,82.17356406579523,0.5898291101568598,0.01328865718265862,0,0.16631470391598158,13.450139971386113
Andrew Beck,TE,HOU,ARI,0,0,0,0,0,0.7924570809498575,0.5823876455767941,4.820933823817999,0.0245928173514405,0.10687891537504751,0.06401527267829865,0.023187369821751763,0.01276668495926379,0,0.05363315030058807,0.9591035548760042
Nico Collins,WR,HOU,ARI,0,0,0,0,0,5.971927252516495,3.885628227005358,51.814574775408886,0.25785920778498966,0,0,0,0.01212081556840727,0,0.02354849155346464,8.624329854646577
Brevin Jordan,TE,HOU,ARI,0,0,0,0,0,0.8688482487790632,0.6845293421869367,7.50937877481655,0.03476796438852669,0,0,0,0.01261598210139727,0,0.0028786699763038806,1.2960529949536759
John Metchie,WR,HOU,ARI,0,0,0,0,0,0.9070324392213567,0.7225577636061539,8.073581248148704,0.032300967491903095,0,0,0,0.007,0.21,0,1.362442811569366
Tank Dell,WR,HOU,ARI,0,0,0,0,0,6.888615665544668,4.011783557705006,45.32335919453816,0.35203042548939156,0.9302884139596892,6.768934948540092,0.022371061140015903,0.007,0.21,0.112319817537834,9.236890477861106
Xavier Hutchinson,WR,HOU,ARI,0,0,0,0,0,0.36201326763232733,0.15016429800792208,1.7077275633791131,0.011000437885466972,0.8476872627286298,6.917015941760802,0.02272414606453119,0.007,0.21,0,1.1399040032179417
James Conner,RB,ARI,HOU,0,0,0,0,0,2.154139165839668,1.4416522927823503,13.415125743994421,0.08089238775464314,19.150587696256036,83.13711483560897,0.3900926630136614,0.01298725146692557,0,0.13371829950246109,12.93452390995642
Dalton Keene,TE,HOU,ARI,0,0,0,0,0,0,0,0,0,0,0,0,0.007,0.21,0,0
Tony Jones,RB,ARI,HOU,0,0,0,0,0,1.4052471151412147,1.0069725245070273,7.509948952864396,0.04848379564121319,1.1934481051110668,14.378720014877683,0.02558548500945949,0.01259445312170205,0,0,3.1367688429317577
Brandon Bolden,RB,LV,MIA,0,0,0,0,0,0.021408363940869368,0.013956141959285448,0.13959149307306437,8.302127846521036e-4,0.0032457097806932633,0.016124826589238184,1.6564968777409663e-4,0.01235763434505466,0,1.2041296217985098e-4,0.028284051856070476
Davante Adams,WR,LV,MIA,0,0,0,0,0,10.118298759973221,5.942492981829763,61.93327464296784,0.32103906904416274,4.136496613116145e-5,1.8392574141572573e-4,2.002780366833828e-6,0.01236656957518961,0,0.036744382226302684,11.017350014280378
Ameer Abdullah,RB,LV,MIA,0,0,0,0,0,1.4714421146528285,1.1176631848714558,9.508593006636048,0.05023249953247045,0.5767885540069793,2.6965063818532626,0.022340173237041662,0.01229304740596901,0,0.010414987776579612,2.1939475923485725
DeAndre Carter,WR,LV,MIA,0,0,0,0,0,0.7243164715256951,0.48779513400098434,4.99320802210483,0.02698210790672219,0.422309862684276,4.529411726653395,0.016583562298005127,0.01688399679175989,0,0.08352518797920432,1.2905031871462698
Austin Hooper,TE,LV,MIA,0,0,0,0,0,1.9010174019728177,1.447278352185468,13.824894429065239,0.07022001647813057,0,0,0,0.01203469964962641,0,0.00870878013897917,2.5100311575900833
Jakob Johnson,RB,LV,MIA,0,0,0,0,0,0.19726147622872164,0.1258757162316103,1.2546800820830888,0.007778851757142237,0,0,0,0.01280974291865422,0,8.062177823141991e-4,0.23346654130233907
Josh Jacobs,RB,LV,MIA,0,0,0,0,0,3.673984451570774,2.490958455413959,22.707014271420455,0.12970724956470647,20.882986197993,79.45059889799298,0.6870451825073196,0.00945649879690995,0,0.2728368998400952,15.816081337400288
Hunter Renfrow,WR,LV,MIA,0,0,0,0,0,2.693845689944006,1.823089379286325,17.268608623247378,0.09379936368094355,8.547227500379446e-6,3.997200650065684e-5,4.241585413131194e-7,0.01714234454810249,0,0.015626086400615614,3.1699561034042283
Jakobi Meyers,WR,LV,MIA,0,0,0,0,0,5.701799870073465,3.7398713486962754,39.54668949370486,0.21349469183527758,0.2044569563740217,2.9265675964668385,0.03915545576773084,0.01476522155149366,0,0.029119440648095206,7.574923387687169
Jesper Horsted,TE,LV,MIA,0,0,0,0,0,0.19586704648910616,0.1350466489257939,1.2515905232720883,0.0074596805661473415,0,0,0,0.01291738781713031,0,0,0.23744046018698983
Zamir White,RB,LV,MIA,0,0,0,0,0,0.41939149828972405,0.3056707558289322,3.030769841517949,0.016602398091646185,1.4940511922606445,2.825083928466063,0.037489689934045924,0.01255139516231162,0,0.05041890085223914,0.9621354813625417
Michael Mayer,TE,LV,MIA,0,0,0,0,0,3.604155548666039,2.3900429591123564,21.871899642238272,0.20201434310470737,0,0,0,0.007,0.21,0,4.59429750240825
Tre Tucker,WR,LV,MIA,0,0,0,0,0,1.4360060317764374,0.9428984755518851,12.607539140437025,0.057392966551338104,0.7485817445246434,4.421769421179523,0.02575343409910328,0.007,0.21,0,2.6732584978402456
Tyler Kroft,TE,MIA,LV,0,0,0,0,0,0.0987048497867839,0.0697045856239043,0.8818240783679022,0.005337616884061631,0,0,0,0.01283127189834944,0,4.879320993673301e-4,0.1540845377543775
Raheem Mostert,RB,MIA,LV,0,0,0,0,0,2.2469891418934353,1.4803745873511966,15.236475543036702,0.10704906076493181,9.333290355170178,51.48927536250311,0.5419901705978741,0.01001991078841093,0,0.22313949373681194,10.86071878493279
Tyreek Hill,WR,MIA,LV,0,0,0,0,0,9.791543991863266,7.083299966447129,87.13993970303844,0.49813708736167434,0.6525745175389035,1.7191162136954807,0.01082651282854873,0.01187140304219961,0,0.10039583126547837,15.280545513507338
Robbie Anderson,WR,MIA,LV,0,0,0,0,0,0.391344255385832,0.2701982557411441,3.4917462835221875,0.021161240511633362,0,0,0,0.01415347488989263,0,0,0.611241199292591
Durham Smythe,TE,MIA,LV,0,0,0,0,0,1.8252552411050733,1.4831653667552296,15.18500763401042,0.081720034445526,0,0,0,0.01255139516231162,0,0.009307897304599865,2.7317878588426128
Cedrick Wilson,WR,MIA,LV,0,0,0,0,0,2.009797954303027,1.146334727883554,18.83424514466488,0.2229485584647629,0,0,0,0.01263751108109249,0,0.0072434089131347785,3.779796411370573
Braxton Berrios,WR,MIA,LV,0,0,0,0,0,1.9099007021493306,1.358742812222381,14.029553882909067,0.09284605041535247,0,0,0,0.01400277203202611,0,0.00951308292485203,2.620376931044508
Jeff Wilson,RB,MIA,LV,0,0,0,0,0,2.5454212628135524,1.8934182373296837,20.575295456111647,0.11283656809672923,1.8190276993418857,6.43072881445579,0.04483217087031906,0.01251727243305613,0,0.02323484859115514,4.546854282341565
Alec Ingold,RB,MIA,LV,0,0,0,0,0,0.6359034497362949,0.483175756942489,3.808653882512991,0.025765179099086093,0,0,0,0.01246527924353075,0,0.0020076402446641555,0.7730290608277318
Salvon Ahmed,RB,MIA,LV,0,0,0,0,0,2.0302436124925634,1.489133437332315,11.392070903120949,0.07998527237850032,2.2285644815488888,3.2722109488040867,0.03718694651312301,0.01263751108109249,0,0.02349122432300785,2.8670457685623854
Jaylen Waddle,WR,MIA,LV,0,0,0,0,0,6.924622104231284,4.76768142513634,61.02067135386543,0.3465528284228441,0.6525745175389035,5.9942867977539835,0.018377106646245076,0.01290479406757004,0,0.03497364336687337,11.2049688514109
Julian Hill,TE,MIA,LV,0,0,0,0,0,0.27568393350958903,0.17170276822556038,1.3375390261748168,0.010730443558167784,0,0,0,0.007,0.21,0,0.2839879480792686
DJ Turner,WR,LV,MIA,0,0,0,0,0,0.10582820594961723,0.06499491784215664,0.5774688889299994,0.0038296720918697814,0.0074427593473686705,0.033819123650916105,3.66654580020779e-4,0.01449793856501611,0,5.070637403266771e-4,0.11779009272985988
De Von Achane,RB,MIA,LV,0,0,0,0,0,2.5101001078030953,1.793861676291156,18.067574308368673,0.11871249728400458,8.467875526023033,57.06126157155566,0.426562649829122,0.007,0.21,0.21833483409179125,11.244795640633187
River Cracraft,WR,MIA,LV,0,0,0,0,0,1.5563569059304605,1.182562004112198,14.168510624275852,0.08177172669770498,0,0,0,0.01274515597956857,0,0.0075359685989605865,2.4836904874719927
Sterling Shepard,WR,NYG,WAS,0,0,0,0,0,1.845337224288635,0.8397353315879309,7.582231300945468,0.09305477931859638,0,0,0,0.01263751108109249,0,0.08397353315879309,1.5684724054825043
Matt Breida,RB,NYG,WAS,0,0,0,0,0,1.3614600650006023,0.7913224637236044,12.538310558897955,0.05604370760361004,1.9996161878238823,5.583067637989559,0.04665335044080383,0.01132424331968424,0,0.03986245015183385,2.7442564995133694
Saquon Barkley,RB,NYG,WAS,0,0,0,0,0,4.393880554950722,2.4206888117381804,16.174669360518124,0.12745349277950296,17.735210224357214,81.79830897004854,0.4411476133586088,0.00700585363108053,0,0.13001584605153427,14.159217183651359
Parris Campbell,WR,NYG,WAS,0,0,0,0,0,1.8885419179598708,1.1603410760413746,12.673018471504054,0.06551357560983374,0,0,0,0.01312008386452221,0,0.007611886114556389,2.2253300666009825
Darius Slayton,WR,NYG,WAS,0,0,0,0,0,4.277190543357971,2.4404819461735108,28.220869518340532,0.13649579300498996,0,0,0,0.01526038808448365,0,0.01241423387059457,4.8364742152095594
Isaiah Hodgins,WR,NYG,WAS,0,0,0,0,0,1.7019163079605946,0.7128115234624622,7.163606139956971,0.04995752436987025,0,0,0,0.01378748223507394,0,0.04287659893125724,1.286758324083635
Deon Jackson,RB,NYG,WAS,0,0,0,0,0,0.7419167609872706,0.40895932057575135,4.709037469215145,0.028140248497388838,1.0710709898136619,2.1645226868833296,0.017346849081600845,0.01247421447366569,0,0,1.1647582613716612
Wan Dale Robinson,WR,NYG,WAS,0,0,0,0,0,3.841031156625255,2.1875610435106942,21.765568238888314,0.14873494678415092,0.8468191473472086,1.2358282507102574,0.014749457127679307,0.01237916332474988,0,0.018781543986007846,4.337263506214169
Daniel Bellinger,TE,NYG,WAS,0,0,0,0,0,1.6738839770200327,1.0030563721698624,20.35826255362518,0.059843626661155995,0,0,0,0.01391665611324524,0,0.004653063531229103,2.8871100743519276
Jashaun Corbin,RB,NYG,WAS,0,0,0,0,0,0.6723971174773146,0.5971139344514522,5.150754991783052,0.01584795050155406,0.7195940664068595,1.0633214895226022,0.010594580756044787,0.01291738781713031,0,0.00566947596300172,1.067280850975881
Jalin Hyatt,WR,NYG,WAS,0,0,0,0,0,2.4305547595395787,1.1451494227898198,13.194553070919254,0.0786100813152724,0,0,0,0.007,0.21,0.10410449298089271,2.1554815204166844
Logan Thomas,TE,WAS,NYG,0,0,0,0,0,5.087075256381351,3.4109324451087932,35.790462747823575,0.18678031082445132,0.013935865715817624,0.04704944037544106,6.704628122094577e-4,0.01207775760901684,0,0.0645909327379663,6.28474021771833
Jamison Crowder,WR,WAS,NYG,0,0,0,0,0,2.265504150260176,1.3897394587575171,15.287129205388617,0.08440251494869919,0,0,0,0.01445488060562567,0,0.06349577661915326,2.6030061863715086
Curtis Samuel,WR,WAS,NYG,0,0,0,0,0,5.44763784330985,3.2544086387124445,32.970614269790495,0.19293210928778476,0.14778305982686282,0.32104411055750337,0.006984603279237476,0.01238809855488482,0,0.021073343032057965,6.113723746729041
Byron Pringle,WR,WAS,NYG,0,0,0,0,0,1.6082101579087265,0.9736958205083435,12.587124648190525,0.05815145564577649,0,0,0,0.01270209802017814,0,0.00618398987696738,2.0821011291939486
Terry McLaurin,WR,WAS,NYG,0,0,0,0,0,8.483876139251345,5.01648189242638,59.232811792545434,0.3126512099807265,1.7669740968526344e-4,0.0011692568516607706,1.1963799782351486e-5,0.01277562018939873,0,0.0320454623818151,10.243527169072324
Dyami Brown,WR,WAS,NYG,0,0,0,0,0,1.5632521548953855,0.9810168445563588,14.640269386904315,0.09615212824066867,0.27345821957816047,0.3405255231129482,0.0085114372155756,0.01278821393895901,0,0.008021247750620778,2.60052681051613
John Bates,TE,WAS,NYG,0,0,0,0,0,1.5322574513346565,1.0339911113689046,9.327046535365238,0.04886825529416417,0,0,0,0.01428264876806394,0,0.0049227106243273835,1.7330643197373063
Jahan Dotson,WR,WAS,NYG,0,0,0,0,0,5.448479619781012,3.1653397622021946,37.94231597043972,0.24421962939180084,4.4029567798356956e-7,2.267898600672253e-6,2.6036169566188916e-8,0.01212081556840727,0,0.019183252402870818,6.80385313269701
Brian Robinson,RB,WAS,NYG,0,0,0,0,0,2.5187306495985387,1.7713853451615693,27.19732641666061,0.13176912100627275,18.45153290741965,80.23342947488514,0.7349051852566799,0.01164351949568717,0,0.2611579236127748,16.30649825208753
Cole Turner,TE,WAS,NYG,0,0,0,0,0,0.6332896614022805,0.4228575832097087,5.0125775227198694,0.026795560546906193,0,0,0,0.01287432985773988,0,0.0027220040045442388,0.86801589914919
Curtis Hodges,TE,WAS,NYG,0,0,0,0,0,0,0,0,0,0,0,0,0.007,0.21,0,0
Chris Rodriguez,RB,WAS,NYG,0,0,0,0,0,0.37418441052417434,0.23502233066846298,2.699150211064143,0.015208796746994772,1.687270735003576,7.8430401440058954,0.07109750561004631,0.007,0.21,0,1.6895680149834822
Mitchell Tinsley,WR,WAS,NYG,0,0,0,0,0,0,0,0,0,0,0,0,0.007,0.21,0,0
Gunner Olszewski,WR,NYG,WAS,0,0,0,0,0,0.10597412929350632,0.06086135426463623,0.5821290583426822,0.0037587426343795617,0.01409782081496323,0.04232243324070096,4.2040511885003783e-4,0.01597084441442582,0,0.007495917507959946,0.10295887779411414
Lawrence Cager,TE,NYG,WAS,0,0,0,0,0,0.8782318890403236,0.4793634635406179,7.010572089759015,0.07137997712992647,0,0,0,0.01268056904048292,0,0,1.369018803525769
Tyree Jackson,TE,NYG,WAS,0,0,0,0,0,0,0,0,0,0,0,0,0.01291738781713031,0,0,0
Keenan Allen,WR,LAC,GB,0,0,0,0,0,12.458004834192995,8.611878393102998,106.5910528513821,0.6176802450480664,3.573496837356275e-6,6.388423060022081e-6,9.785179063118768e-8,0.01314161284421742,0,0.11399955577657529,18.44312806637801
Austin Ekeler,RB,LAC,GB,0,0,0,0,0,7.083442255979366,4.1747682359324125,47.63897838216244,0.2856301861366016,17.796316178576802,71.91726752960413,0.6982650620301317,0.0145552084652511,0,0.2562612622572003,19.43385767362886
Jalen Guyton,WR,LAC,GB,0,0,0,0,0,3.298115234608907,1.9235093851995435,22.016941541705197,0.1667252258344808,0.04464241850855731,0.17723602673437205,0.0016089948371072079,0.01287432985773988,0,0.0126693177655219,4.165839137942213
Donald Parham,TE,LAC,GB,0,0,0,0,0,2.976743740281955,1.821749321686242,18.30129699953924,0.12405398081104033,0,0,0,0.01270209802017814,0,0.011570019226125843,3.462188207211035
Joshua Kelley,RB,LAC,GB,0,0,0,0,0,0.7500777908527685,0.5353577245551627,4.546190965077818,0.03171989478590107,5.056230905840817,25.97596570157841,0.15071941463035868,0.01113048250242728,0,0.031118539705696883,4.352293306029369
Simi Fehoko,WR,LAC,GB,0,0,0,0,0,0.3635708927677777,0.20867343678393588,2.1277025414815784,0.021048708772962953,0,0,0,0.01285280087804466,0,0,0.44339922517790353
Isaiah Spiller,RB,LAC,GB,0,0,0,0,0,0.3750941437243232,0.2613300435746966,2.4641624601651206,0.0169027959380363,0.7866042214597317,1.8430730273046503,0.020896808324059823,0.01246527924353075,0,0.006531396621259156,0.7751234028643839
Stone Smartt,TE,LAC,GB,0,0,0,0,0,1.316566638970448,0.4386118346138558,3.6780375661978706,0.03700298267296671,0,0,0,0.01283127189834944,0,0.001875982569254753,0.8053756048260058
Quentin Johnston,WR,LAC,GB,0,0,0,0,0,4.679536284735204,3.2271113295657408,32.90560755570491,0.23793339301974822,0.33002684300839824,0.8419764882975477,0.0072585624375704535,0.007,0.21,0,6.459465801927029
Derius Davis,WR,LAC,GB,0,0,0,0,0,1.9363491713084733,1.4347958067326048,9.77973946429216,0.07142761622669663,0.28252074305048813,1.5300108157178112,0.011367293331701753,0.007,0.21,0.1717316549783093,2.001679078761071
Elijah Dotson,RB,LAC,GB,0,0,0,0,0,0.07430128830099691,0.04889312149305444,0.4984125461290045,0.003460367252579717,0,0,0,0.007,0.21,0,0.09505001887490598
Aaron Jones,RB,GB,LAC,0,0,0,0,0,5.09166391956145,3.1120629867230276,27.642450984651184,0.1795219204079603,12.742831086216789,38.081045625435245,0.4111192637437242,0.01539483867336457,0,0.32022794412984407,11.031772371020578
AJ Dillon,RB,GB,LAC,0,0,0,0,0,2.1411353900336714,1.286557980413009,14.211728996609304,0.08108902445594479,8.725032309729036,45.09123507230176,0.28071813650923416,0.0099768528290205,0,0.04994208145459891,8.644534199979486
Josiah Deguara,TE,GB,LAC,0,0,0,0,0,0.7478185218140151,0.4870163931990812,5.47170456754053,0.03197119516571457,0,0,0,0.01263751108109249,0,0.0020515583552423618,0.9784027076373965
Christian Watson,WR,GB,LAC,0,0,0,0,0,5.737613594293166,3.0428395540482445,39.21166101101513,0.22529955193787402,0.02003450782162525,0.031065790726827566,7.685522456125307e-4,0.01188399679175989,0,0.018199592762413057,6.765701896774412
Romeo Doubs,WR,GB,LAC,0,0,0,0,0,5.60098847455839,3.339859118871008,35.9483985448713,0.2893554775288988,1.630693619698491e-7,8.505743594656139e-7,9.959461569871337e-9,0.0153249750235693,0,0.025591630038986134,6.94971916383226
Samori Toure,WR,GB,LAC,0,0,0,0,0,0.6395188462561999,0.37411012444730857,4.212832676743464,0.027275441091561485,0,0,0,0.01447640958532089,0,0.0027078856957573044,0.766575205055855
Jayden Reed,WR,GB,LAC,0,0,0,0,0,4.705083068079042,3.2010526467895395,41.331762711477175,0.2594173070156939,0.1571579129662334,2.5724442422240985,0.012188501787249617,0.007,0.21,0.2238807039837182,7.172820463615122
Luke Musgrave,TE,GB,LAC,0,0,0,0,0,4.453351345216992,2.6998446932345477,36.10944398117424,0.2197280253242427,0,0,0,0.007,0.21,0,6.279234896680154
Tucker Kraft,TE,GB,LAC,0,0,0,0,0,1.1006585150949895,0.5687635965589736,5.144384378136012,0.03492911972494959,0,0,0,0.007,0.21,0,1.0083949544427855
Dontayvion Wicks,WR,GB,LAC,0,0,0,0,0,3.0547892059880386,2.004602793103234,26.359018813711195,0.12151484592419065,0.032222355511341894,0.0756716808921298,0.0012815333641724362,0.007,0.21,0.2036825148614576,3.975183692019213
Ben Sims,TE,GB,LAC,0,0,0,0,0,0.20422119433085703,0.13835827516810859,1.426612640138206,0.00882590298525967,0,0,0,0.007,0.21,0,0.26479581950943293
Malik Heath,WR,GB,LAC,0,0,0,0,0,0.42179249351688697,0.17716874947493802,1.6326783319400895,0.014260846020713197,0,0,0,0.007,0.21,0.0012401812463245661,0.334936921563108
Emanuel Wilson,RB,GB,LAC,0,0,0,0,0,0.257784762877687,0.1719616811655078,1.5953026286853422,0.01058738120480193,0.697048529545735,6.505244159108542,0.03869837686503442,0.007,0.21,0.062072157907945916,1.0676057519652686
Nick Vannett,TE,LAC,GB,0,0,0,0,0,0.647262577400845,0.4026719940722659,4.87738923410103,0.03160987518819699,0,0,0,0.01283127189834944,0,0.002818703958505861,0.8730967636584062
DeAndre Hopkins,WR,TEN,JAC,0,0,0,0,0,8.78562992598851,4.7208097443614205,57.821479791204986,0.34730465018521417,0.2365707315892937,1.135427059712963,0.008273909466093639,0.01487286644996974,0,0.0368652288802512,10.31583645741985
Derrick Henry,RB,TEN,JAC,0,0,0,0,0,2.894211548089702,1.9594232927105395,16.283937629119894,0.1101788206013243,16.523370762691926,63.61842849464652,0.5425890650637917,0.01469331757355734,0,0.1357867813513431,12.614982010019924
Chris Moore,WR,TEN,JAC,0,0,0,0,0,2.258841253025798,1.3521863884281295,17.356579829004044,0.08741623494240595,5.422180450128256e-4,0.0014966653805145375,2.2746870266464533e-5,0.01181940985267423,0,0.09253976481424286,2.7514552049000693
Kevin Rader,TE,TEN,JAC,0,0,0,0,0,0.0029385623350583097,0.0017650351794924514,0.019765290013307988,1.2907750203721528e-4,0,0,0,0.01291738781713031,0,1.235524625644716e-5,0.003608801110787422
Trevon Wesco,TE,TEN,JAC,0,0,0,0,0,0.17542894971310716,0.10720662543811407,1.4107685568326842,0.00824422190598028,0,0,0,0.01287432985773988,0,4.600711529418159e-4,0.24322535753232352
Nick Westbrook Ikhine,WR,TEN,JAC,0,0,0,0,0,3.5246196165049306,1.9805170857063326,22.718791539973548,0.14001978724352374,0,0,0,0.01237916332474988,0,0.012258572235708174,4.077739275840247
Chig Okonkwo,TE,TEN,JAC,0,0,0,0,0,5.440980436961562,3.3035152379615655,31.704978950950377,0.19759998630024178,0.07871611120390803,0.3346451330964427,0.003216429942989284,0.01216387352779771,0,0.020570517186500718,6.01947749047185
Kyle Philips,WR,TEN,JAC,0,0,0,0,0,3.5670623627180396,2.3141995214861155,31.736910305089697,0.14044068337912338,0,0,0,0.0160784893129019,0,0.12379530347734657,4.925844284572074
Tyjae Spears,RB,TEN,JAC,0,0,0,0,0,4.452900277992903,2.9860193119087666,28.911538700781115,0.1631634227321917,6.250413452250854,31.039172829556268,0.1778134969452933,0.007,0.21,0,9.533942327053031
Josh Whyle,TE,TEN,JAC,0,0,0,0,0,1.925736967909356,1.0827033251225695,10.688005904416364,0.06293738494420303,0,0,0,0.007,0.21,0,1.9877765626681394
Colton Dowell,WR,TEN,JAC,0,0,0,0,0,0.24561386551095252,0.13716111760802943,1.418337348957939,0.009947296333748239,0,0,0,0.007,0.21,9.60127823256206e-4,0.2681778160557856
Evan Engram,TE,JAC,TEN,0,0,0,0,0,7.043579181324992,5.141077967828763,45.171489581908546,0.2182607985494949,7.707235319134194e-4,0.00430279003514695,4.365495366878692e-5,0.01130271433998902,0,0.12254658149368762,8.152851779140358
Zay Jones,WR,JAC,TEN,0,0,0,0,0,6.115769293432783,3.8367643923370074,37.143467896219825,0.29706657645244716,0.012437494288070202,0.01727525001858755,3.222054797354304e-4,0.01106589556334163,0,0.021297433039805337,7.37619433630583
Calvin Ridley,WR,JAC,TEN,0,0,0,0,0,5.063532990648289,3.355082103716244,36.079385874405375,0.163457328025896,0.24687118166703556,0.25197743295570135,0.006954111046496017,0.007,0.21,0.09235777654828922,6.148430463932004
Christian Kirk,WR,JAC,TEN,0,0,0,0,0,7.312448079204244,5.102474835486012,66.45180798466086,0.25475553148817237,0.028560141993082072,0.13293337147029793,0.0013949566085433337,0.01266797529092265,0,0.13512061170536438,10.476373258525687
D Ernest Johnson,RB,JAC,TEN,0,0,0,0,0,0.5492873123157971,0.532216328745397,7.199358344932109,0.017468414200607407,2.8309716481851517,12.388126116773153,0.07171967574391225,0.01276668495926379,0,0.014312253786752016,2.731360642636839
Travis Etienne,RB,JAC,TEN,0,0,0,0,0,3.9674400251711237,2.6187950847565094,27.429258928065106,0.15388311007330696,16.78332743662437,63.73170018448792,0.5436908070368441,0.01576083132818326,0,0.15289679023411487,14.305143375826237
Luke Farrell,TE,JAC,TEN,0,0,0,0,0,0.4254425812324113,0.32387802903804197,2.9168831948297727,0.014333339720179588,0,0,0,0.01283127189834944,0,0.002077883526244316,0.5354716052705871
Tim Jones,WR,JAC,TEN,0,0,0,0,0,0.9375700487454574,0.8222251938701658,7.7103684763344225,0.02846241043992816,0,0,0,0.01285280087804466,0,0.003522632231241636,1.3458786427456109
Brenton Strange,TE,JAC,TEN,0,0,0,0,0,1.2154615587256967,0.7384394831809503,8.11619789712037,0.041616097959538585,0,0,0,0.007,0.21,0,1.4305361190597439
Tank Bigsby,RB,JAC,TEN,0,0,0,0,0,0.7523156901655257,0.42692732628725505,4.2997588732185275,0.023062453994886576,3.649420225627762,8.183143784139514,0.08104225117140172,0.007,0.21,0.30195167051222344,1.4824788188527145
Elijah Cooks,WR,JAC,TEN,0,0,0,0,0,0,0,0,0,0,0,0,0.007,0.21,0,0
Jonathan Ward,RB,TEN,JAC,0,0,0,0,0,0.5950981482786478,0.3478496441406174,2.90797281423002,0.02253155425474616,0.490759822413041,2.3334690030505287,0.023125561698973684,0.01276668495926379,0,0.005870266265875609,0.9602711669889313
Parker Washington,WR,JAC,TEN,0,0,0,0,0,0.5984711441038963,0.43005549375440433,4.615549237385306,0.023313816716068903,0,0,0,0.007,0.21,0.0030103884562808305,0.8104447939995846
Mike Evans,WR,TB,SF,0,0,0,0,0,8.114724508493468,5.190419703252747,66.40309652443088,0.3648984256701732,1.1034728973521738e-6,3.6209274614987693e-6,4.181796177011193e-8,0.01125965638059859,0,0.019480784918146695,11.385949101254724
Chris Godwin,WR,TB,SF,0,0,0,0,0,7.920373247112402,4.975902809309098,50.83318942134449,0.28593257049107934,0.19599410495392938,1.5728612645346745,0.009046779409893036,0.0139471203230754,0,0.03606653428088441,9.426299504086531
Chase Edmonds,RB,TB,SF,0,0,0,0,0,1.265633102899325,0.9199382306353582,5.964471032468101,0.041122128914929536,2.987392739185154,6.009693365332206,0.05515128310166373,0.01110895352273206,0,0.021703179070833828,2.191619669055602
David Wells,TE,TB,SF,0,0,0,0,0,0.10662616681847639,0.07002861586341408,0.5240507568188142,0.0038242942975691358,0,0,0,0.01291738781713031,0,0.007002861586341409,0.09635942622632046
Ke Shawn Vaughn,RB,TB,SF,0,0,0,0,0,0.578455505902756,0.3705179481425308,2.283757416935294,0.018618284584154154,1.8346961541998257,4.406600625155305,0.046097536402218246,0.01248680822322597,0,0.018357390391401607,1.2058749234157566
Rachaad White,RB,TB,SF,0,0,0,0,0,4.28932921212783,3.067272925182496,34.35041315853027,0.22168699743406464,14.677326936937924,49.50348571264732,0.36843691360146874,0.01406370045168643,0,0.17790491304531547,13.103959989831576
Cade Otton,TE,TB,SF,0,0,0,0,0,5.152251641054334,3.34367917264419,29.898089172361914,0.21110033578055568,0,0,0,0.01201317066993119,0,0.07581208049397098,5.7766263572536785
Ko Kieft,TE,TB,SF,0,0,0,0,0,0.16085414260386377,0.10093580172756729,0.980187482944142,0.006209002104008486,0,0,0,0.01276668495926379,0,7.06550612092971e-4,0.18432756055806282
Deven Thompkins,WR,TB,SF,0,0,0,0,0,2.0600649666586874,1.3040352301897367,10.613321758753022,0.06911293012326605,0.42956269363701116,2.7982648103165815,0.011310357971114151,0.01443335162593045,0,0.1569773078585162,2.161761384851078
Payne Durham,TE,TB,SF,0,0,0,0,0,0.49882764154015735,0.292834011272247,2.849055322825506,0.018540862265366817,0,0,0,0.007,0.21,0,0.542567711510875
Trey Palmer,WR,TB,SF,0,0,0,0,0,3.9303854145201447,2.3900226593401763,23.757529487819035,0.13086824636285577,0,0,0,0.007,0.21,0.14058956819648097,4.0747946202361645
Rakim Jarrett,WR,TB,SF,0,0,0,0,0,0.6457206723460696,0.352663613768456,3.111107645127371,0.0221641652414946,0.0015679152143895341,0.002961919089254168,4.6315329827267386e-5,0.007,0.21,0,0.6210016467338217
Sean Tucker,RB,TB,SF,0,0,0,0,0,0.08294222252977111,0.05508597705286028,0.5398520108214491,0.0032932993677334374,0.1720145553250667,0.352669101121156,0.004963003980653725,0.007,0.21,0,0.1663329198110136
Kyle Juszczyk,RB,SF,TB,0,0,0,0,0,1.3139877678745564,0.8875801692863746,9.968800341651521,0.08886941382542954,0.649300825403892,0.5735275712484426,0.0120328593058211,0.01235763434505466,0,0.009496106682123103,2.0844443013564415
Christian McCaffrey,RB,SF,TB,0,0,0,0,0,6.00896448328611,3.9957817004054834,41.114559184903605,0.28589910199436763,14.840490840079783,64.18969233411713,0.4561414205247171,0.00750102016407052,0,0.21857447201203767,16.54341019319525
George Kittle,TE,SF,TB,0,0,0,0,0,5.4806594771068315,3.752528108977313,57.120297885789945,0.2912610491193703,0.16225261272379024,0.5203557207471443,0.0047022462071489276,0.01329231570208394,0,0.026018250628641538,9.364072685844198
Ray Ray McCloud,WR,SF,TB,0,0,0,0,0,1.586130429591695,0.9753518463554147,11.68341184345491,0.06706116605207299,0.1449936705278285,1.342385501617158,0.007780253081025548,0.01586319951594974,0,0.011848176307412483,2.2156078198686804
Ross Dwelley,TE,SF,TB,0,0,0,0,0,0.2522087937617377,0.1617991025576547,1.8872862973873494,0.01143407788680212,0,0,0,0.01285280087804466,0,6.931905491399541e-4,0.3368462672400951
Deebo Samuel,WR,SF,TB,0,0,0,0,0,4.618984096557872,3.1777721854852445,37.91233947025997,0.2092937076707182,2.647669532460194,16.087153459469743,0.3025252034440379,0.01580754780699903,0,0.11077010442604832,9.838208643552033
Brandon Aiyuk,WR,SF,TB,0,0,0,0,0,6.734670405334575,4.49749642649256,62.86613372505202,0.3551051215094059,0.0011059032015890472,0.008214833709162303,5.626920113938962e-5,0.0128617361081796,0,0.028929918010084054,10.609291577365504
Charlie Woerner,TE,SF,TB,0,0,0,0,0,0.005940169279130268,0.003999472593593162,0.05026382786385841,2.956098804507401e-4,0,0,0,0.01291738781713031,0,2.7996308155152136e-5,0.008743785749576558
Jauan Jennings,WR,SF,TB,0,0,0,0,0,2.918093804048902,1.8375843083702337,22.01126421722918,0.1287704121154435,0,0,0,0.01383054019446438,0,0.012707391818815772,3.8671262649630638
Elijah Mitchell,RB,SF,TB,0,0,0,0,0,0.5852051045808645,0.3488774834936473,3.455039997433982,0.02478698827265244,5.117283715140359,11.629285891702244,0.09171189649389552,0.01188399679175989,0,0.03247992107390446,2.3169047971119254
Tyrion Davis Price,RB,SF,TB,0,0,0,0,0,0.02148848723713259,0.014479957250571319,0.18347367997696232,0.001073523974323479,0.21132660999627875,0.920878948644455,0.007756352305716731,0.01218540250749293,0,0.0018343626071587586,0.16698577395335115
Jordan Mason,RB,SF,TB,0,0,0,0,0,0.1752917382756479,0.10808408917047767,1.2317423117515622,0.00808480270732139,0.8300746384176153,3.8121627479298965,0.03539658026962776,0.01199164169023597,0,0.005625031654902053,0.8080707851052755
Brayden Willis,TE,SF,TB,0,0,0,0,0,0.04714594874527324,0.0317103491767504,0.39890243918169843,0.0023461405381071786,0,0,0,0.007,0.21,2.219724442372528e-4,0.06937831684671361
Ronnie Bell,WR,SF,TB,0,0,0,0,0,0.5338398787123781,0.3858566059291997,5.387568608455156,0.022933871267068362,0,0,0,0.007,0.21,0,0.8692883914125257
Willie Snead,WR,SF,TB,0,0,0,0,0,0.220448545813937,0.14962985592652767,1.622981904739203,0.010149467244430348,0,0,0,0.01291738781713031,0,0.0010474089914856938,0.29591510392079484
Randall Cobb,WR,NYJ,BUF,0,0,0,0,0,1.950939894973795,0.9192894275778344,8.529308919749054,0.05147213273998333,3.1321147353182237e-6,1.5007948869930766e-5,1.2914436456925805e-7,0.01385206917415959,0,0.008489402752101138,1.6044318723605948
C J Uzomah,TE,NYJ,BUF,0,0,0,0,0,1.5469280766038598,0.9201920053467396,8.51560247199716,0.04108988321571405,0,0,0,0.01246527924353075,0,0.0038234834347705498,1.550548582297829
Dalvin Cook,RB,NYJ,BUF,0,0,0,0,0,1.3473089027597656,0.730292307989846,6.3676562776626655,0.03587481117175926,3.7152035992373693,19.904121071161228,0.0999879878449197,0.01306077363614617,0,0.06802638600592652,3.671447910965534
Tyler Conklin,TE,NYJ,BUF,0,0,0,0,0,4.759298737401248,3.2339200400077144,35.90880832049492,0.13547563046503225,8.72603242565636e-5,2.9354501186404987e-4,3.3052552244843217e-6,0.01495898236875061,0,0.024188729093038357,5.972366362689999
Nick Bawden,RB,NYJ,BUF,0,0,0,0,0,0.11762308815080778,0.08509985438083086,0.8679110085202125,0.0032584984355135747,0.010274717667213162,0.04346198435736041,5.547544093448608e-4,0.007,0.21,0,0.15656674354732333
Allen Lazard,WR,NYJ,BUF,0,0,0,0,0,4.872978247601407,2.5201386725285078,27.70133629068846,0.13270075393572195,0.001536655891337836,0.005199402598533148,5.828831521509984e-5,0.01158259107602684,0,0.014603767077796379,4.798069624942983
Michael Carter,RB,ARI,BUF,0,0,0,0,0,2.294643925264449,1.5644164047206452,12.184511960221728,0.07865074183495985,1.2734748423717963,4.930896775456687,0.03689861527510804,0,0,0,3.1870452185885716
Garrett Wilson,WR,NYJ,BUF,0,0,0,0,0,11.051144034675975,6.5275910092211475,70.8499950009484,0.30292332506803143,0.14499563582999164,1.3870192970657076,0.007488975411850808,0.01437769991697975,0,0.10754489069996687,12.134880955891344
Breece Hall,RB,NYJ,BUF,0,0,0,0,0,3.982690397136147,2.7211148556463725,29.100497726895547,0.12631966345940934,15.088486760749564,53.11174042564971,0.3761762521125945,0.01245268549397047,0,0.24479546292158952,12.107165810666558
Jeremy Ruckert,TE,NYJ,BUF,0,0,0,0,0,0.5973177579289286,0.36465584137661217,3.655957195856876,0.0176143524037325,0,0,0,0.01289585883743509,0,0.002351275127319456,0.6489072044417498
Irvin Charles,WR,NYJ,BUF,0,0,0,0,0,0,0,0,0,0,0,0,0.01291738781713031,0,0,0
Israel Abanikanda,RB,NYJ,BUF,0,0,0,0,0,0.3017367721294363,0.18523556598961405,2.0084421041223908,0.00977708761494768,0.02511597651985427,0.13486089378934704,0.001155099693362633,0.007,0.21,0.001472460797566278,0.3695962850407101
Jason Brownlee,WR,NYJ,BUF,0,0,0,0,0,0,0,0,0,0,0,0,0.007,0.21,0,0
Xavier Gipson,WR,NYJ,BUF,0,0,0,0,0,1.0024270910574113,0.4863950035288656,7.996175180520006,0.024463889161771078,0.2703886106265823,2.265369760593995,0.013887581209288088,0.007,0.21,0.07567836141554479,1.3481040952710983
Latavius Murray,RB,BUF,NYJ,0,0,0,0,0,1.9425431558226849,1.3693495933681505,8.6200312710456,0.06889888723600636,6.872856212814307,28.815881990545133,0.2615017082771553,0.01032131650414397,0,0.04253520740895113,6.325599281104216
Stefon Diggs,WR,BUF,NYJ,0,0,0,0,0,10.019307566824347,6.596746905441133,72.14709773290652,0.49974980483578774,1.1918915585464862e-4,4.5005306481797234e-4,3.0358032322556037e-6,0.0122373956970183,0,0.08554824472646826,13.340548785698884
Trent Sherfield,WR,BUF,NYJ,0,0,0,0,0,1.1672378334698397,0.7351033045984819,7.176034864969793,0.05205552278028218,0,0,0,0.01227151842627379,0,0.003006944582531675,1.39147438631285
Ty Johnson,RB,BUF,NYJ,0,0,0,0,0,0.9106218451444915,0.6184949470988937,6.621616468770405,0.04581022331723308,1.2786549220920616,2.783692304435812,0.022715032739313044,0.01201317066993119,0,0,1.6609298872093454
Deonte Harty,WR,BUF,NYJ,0,0,0,0,0,1.2935132600745127,0.6807461750903799,6.894114869928252,0.053593689612948386,0.008193773811508803,0.0229293625692897,1.87956112459745e-4,0.01454099652440654,0,0.026538310104437614,1.3016907649385179
Gabriel Davis,WR,BUF,NYJ,0,0,0,0,0,6.361960860769026,3.6710713865449587,45.211178301057814,0.2763839430984841,0.0033048077890441203,0.008071440035979807,7.276295654799518e-5,0.01355066345842655,0,0.07893006164886067,7.858340780414329
Reggie Gilliam,RB,BUF,NYJ,0,0,0,0,0,0.06691241029200937,0.04474072708588381,0.46349935565082184,0.0032693613828536712,0,0,0,0.01274515597956857,0,2.8511377267444876e-4,0.08776623985979722
Quintin Morris,TE,BUF,NYJ,0,0,0,0,0,0.202107177178878,0.15251074378981314,2.3215414229656277,0.01886266514229837,0,0,0,0.01441182264623524,0,0.0010989788955721048,0.4193875472541153
James Cook,RB,BUF,NYJ,0,0,0,0,0,2.707376770222861,2.0577664734379395,17.938519746895814,0.11621322049710467,12.168294530026966,60.688951360234775,0.27366758709536265,0.01221586671732309,0,0.18568392286725705,10.859547347252319
Khalil Shakir,WR,BUF,NYJ,0,0,0,0,0,2.8239650505672644,1.9533449623917785,27.366353855504634,0.13441829176696632,0,0,0,0.01270209802017814,0,0.012405789589760777,4.495006038168629
Dalton Kincaid,TE,BUF,NYJ,0,0,0,0,0,7.467469429415721,5.392944178420079,54.37233811931898,0.4698122987182416,0,0,0,0.007,0.21,0.11984320396489063,10.712893285521606
Malik Taylor,WR,NYJ,BUF,0,0,0,0,0,0.6870830243003451,0.34900380675415943,2.7351109500979622,0.013065988173824344,0,0,0,0.01291738781713031,0,0,0.526408927429822
Nick Bellore,RB,SEA,LAR,0,0,0,0,0,0,0,0,0,0,0,0,0.01291738781713031,0,0,0
Tyler Lockett,WR,SEA,LAR,0,0,0,0,0,7.219146767002919,4.81388591003201,51.317930843587874,0.3207883942281717,0,6.576886453721794e-11,5.921888665043293e-13,0.0144422868560654,0,0.03476176060252686,9.393942883548897
Will Dissly,TE,SEA,LAR,0,0,0,0,0,1.0518489924287089,0.6903615802767814,7.308908794311121,0.03730855074664373,0,0,0,0.01218540250749293,0,0.004206166865690737,1.2915106403179837
Noah Fant,TE,SEA,LAR,0,0,0,0,0,2.046408380012892,1.3022596489763232,14.450165006446973,0.07839890166711384,0,0,0,0.01184093883236945,0,0.007709988423695777,2.551119758288151
D K Metcalf,WR,SEA,LAR,0,0,0,0,0,7.433740192171388,4.440271033174153,56.21024976365978,0.2798881361805523,0,1.328097999508121e-10,1.0445094717724748e-12,0.0143131129778941,0,0.03177705047514611,9.456935209105625
Colby Parkinson,TE,SEA,LAR,0,0,0,0,0,1.6557578464919398,1.189116544184767,11.325054110326514,0.06513385582513824,0,0,0,0.01237916332474988,0,0.0073601339563126944,2.1031465501632387
DeeJay Dallas,RB,SEA,LAR,0,0,0,0,0,0.5409560587866004,0.39060853589693545,3.2586066246638157,0.0214015592230019,0.017997572167138355,0.06938303291098614,0.0010033544784514806,0.01346454753964568,0,0.018801357135940874,0.6249300016427863
Easop Winston,WR,SEA,LAR,0,0,0,0,0,0,0,0,0,0,0,0,0.01291738781713031,0,0,0
D Wayne Eskridge,WR,SEA,LAR,0,0,0,0,0,0.5174506791879094,0.3346829267053258,3.2292895915613955,0.020846460807341302,0.14706774436991069,0.12265511562739008,0.0042447524448934165,0.01272362699987336,0,0.0030648079228499945,0.6469535977392497
Kenneth Walker,RB,SEA,LAR,0,0,0,0,0,2.1023900992828515,1.344680680727277,16.729396418176293,0.13052425091614975,14.005644756996805,53.16719658522364,0.4457702541683919,0.00742749799484993,0,0.05700725570449475,11.005752159801894
Jaxon Smith Njigba,WR,SEA,LAR,0,0,0,0,0,5.711200555108136,4.114178084800251,44.8373601934585,0.22965131271806893,0,0,0,0.007,0.21,0,7.91873293805439
Zach Charbonnet,RB,SEA,LAR,0,0,0,0,0,2.3895918666035154,1.7045612013691374,13.62169908496881,0.08060799746243134,5.06368785874916,30.007141856946212,0.1870190857707933,0.007,0.21,0,6.82092719427542
Jake Bobo,WR,SEA,LAR,0,0,0,0,0,1.4994340113204505,1.0833780524738232,11.822353538244835,0.06138790026419118,0.14224792856685609,0.3757528341300607,0.025479938877349124,0.007,0.21,0,2.282706698323643
Brady Russell,TE,SEA,LAR,0,0,0,0,0,0,0,0,0,0,0,0,0.007,0.21,0,0
Tyler Higbee,TE,LAR,SEA,0,0,0,0,0,4.598983042977206,2.853098766194726,29.62357889410796,0.16103569396638098,0,0,0,0.01136730127907467,0,0.016216016627145835,5.322689403052154
Demarcus Robinson,WR,LAR,SEA,0,0,0,0,0,0.8046736185375386,0.6519773878729785,9.430454210796094,0.03168169619801722,0,0,0,0.01521733012509322,0,0.0049606775726795315,1.4492029370588433
Cooper Kupp,WR,LAR,SEA,0,0,0,0,0,10.802340378637414,6.294266495791025,80.12337429186039,0.3854427299183184,0,0,0,0.0144422868560654,0,0.045451801140367766,13.381223454310724
Royce Freeman,RB,LAR,SEA,0,0,0,0,0,0.5600345616646734,0.23487038017892356,2.398542689096985,0.015856125981015243,13.200443999039175,62.35919435461111,0.5360235846627698,0.01357219243812177,0,0,9.904487158322981
Brycen Hopkins,TE,LAR,SEA,0,0,0,0,0,0.38821496745311546,0.281713310309242,2.532076919507679,0.014328458471688493,0,0,0,0.01276668495926379,0,0.0017982725407747065,0.47643855285397047
Tutu Atwell,WR,LAR,SEA,0,0,0,0,0,5.405033341534429,3.5439749263077074,32.47735489808766,0.18263118350646756,0,0,0,0.01233610536535945,0,0.021859424051561934,6.071791205898302
Ben Skowronek,WR,LAR,SEA,0,0,0,0,0,0.8003662283479007,0.5413425406649001,7.2607182031897315,0.06949094119635775,1.724139118223096,0,0.026448484449697704,0.01205622862932162,0,0.013656582417544246,1.5450664796926676
Austin Trammell,WR,LAR,SEA,0,0,0,0,0,0.2985070127742647,0.3224699076708589,2.568304449995257,0.007837182990209959,0,0,0,0.01287432985773988,0,0.03224699076708589,0.40059451524204315
Davis Allen,TE,LAR,SEA,0,0,0,0,0,0.13776322003634162,0.08674134259652554,0.9863315996175431,0.005409139052372188,0,0,0,0.007,0.21,6.071893981756788e-4,0.17324428677789885
Puka Nacua,WR,LAR,SEA,0,0,0,0,0,9.546962112261346,5.988045920436122,71.71174273226387,0.336944613913604,0,0,0,0.007,0.21,0.0907279684914564,12.00540897994316
Zach Evans,RB,LAR,SEA,0,0,0,0,0,0.19246017209118674,0.12216335646996127,1.4122907566861078,0.007631214738216851,0,0,0,0.007,0.21,0,0.2480980423328925
Darrell Henderson,RB,LAR,SEA,0,0,0,0,0,2.418471328157902,1.9327266920292387,23.39913831940211,0.09024381003735658,11.65799669141805,37.74941732442923,0.4826732852822664,0.01104436658364641,0,0,10.518721482315492
Kenny McIntosh,RB,SEA,LAR,0,0,0,0,0,1.3442804935351962,0.8876018093031587,9.494674444964009,0.05469991833649588,3.0913104213288327,13.311804062034943,0.09963810320473657,0.007,0.21,0.027852385614423943,3.5947721133700217
Hunter Long,TE,LAR,SEA,0,0,0,0,0,0.03138096270825972,0.01974066127033134,0.2220417809192948,0.001220693509653489,0,0,0,0,0,0,0.03939866978501609
C J Ham,RB,MIN,DEN,0,0,0,0,0,0.29943868796896095,0.19792335243516435,1.6234986036031587,0.011684419186864409,0.0026227629503614252,0.009276826256817352,6.939405660245287e-5,0.01261598210139727,0,0.0012650431011042725,0.3302320124621724
Johnny Mundt,TE,MIN,DEN,0,0,0,0,0,0.860671096507351,0.6514435211414713,5.708789132460093,0.028177695467284995,0,0,0,0.01250833720292118,0,0.0027161584103652784,1.0602345297997242
Brandon Powell,WR,MIN,DEN,0,0,0,0,0,3.101726020910835,1.9549718502837785,18.9782158282307,0.12506508999680688,0.356628985032321,1.5664238950290268,0.009231010658378266,0.01370136631629307,0,0.06608823698294658,3.70555002743308
T J Hockenson,TE,MIN,DEN,0,0,0,0,0,9.969779370872233,6.181015142947386,67.49535657125973,0.4886129402130545,0,0,0,0.0127325622300083,0,0.08287835563065968,12.605964158616676
N Keal Harry,WR,MIN,DEN,0,0,0,0,0,0.17451173603876272,0.11274655795131194,1.2248889549286264,0.007653378825435256,0,0,0,0.01276668495926379,0,7.892259056591837e-4,0.2232039956098118
Josh Oliver,TE,MIN,DEN,0,0,0,0,0,0.8830158584269183,0.6012121929118351,4.264385963749955,0.03231299805200474,0,0,0,0.01261598210139727,0,0.028842949170451885,0.8632367828020379
Alexander Mattison,RB,MIN,DEN,0,0,0,0,0,2.3703951096168456,1.4638439019068046,16.38836233364842,0.11180566759499933,11.083304782872352,42.55020538836002,0.22460171636814433,0.01100130862425598,0,0.10975502324764395,8.424712980437821
K J Osborn,WR,MIN,DEN,0,0,0,0,0,5.271612915950933,3.446627220545999,37.4335483522902,0.20387678051430244,0.001245823464121594,0.0054828689619948676,3.0869520238531615e-5,0.01322772876299829,0,0.022803764717709573,6.645055103170045
Trishton Jackson,WR,MIN,DEN,0,0,0,0,0,0.5907741265763977,0.2937538198957005,2.0390484371255595,0.018323381896896015,0,0,0,0.01291738781713031,0,0,0.4607220450417823
Kene Nwangwu,RB,MIN,DEN,0,0,0,0,0,0.11621284815896062,0.07511816086592553,0.864804661405628,0.005130670818646986,1.0984619301796106,4.900791390454833,0.01972832745417394,0.01268056904048292,0,0.007440831684519576,0.7483910118868952
Ty Chandler,RB,MIN,DEN,0,0,0,0,0,0.23721259611641382,0.15271372077505552,1.5900931762474115,0.010121417955054236,5.1171462125584055,16.792219020028707,0.1196990137735674,0.01278821393895901,0,0.03369604812790828,2.626118574131053
Nick Muse,TE,MIN,DEN,0,0,0,0,0,0.014126569093146902,0.008934785574858665,0.0919656648941653,6.013187788006005e-4,0,0,0,0.01291738781713031,0,6.254349902401066e-5,0.017146784951601442
Jordan Addison,WR,MIN,DEN,0,0,0,0,0,6.531413941649652,3.96534967585759,47.461831845080965,0.2573658514932569,0.11786855180234963,0.5080737853436978,0.0028144987159545057,0.007,0.21,0,8.340747502226531
Chris Manhertz,TE,DEN,MIN,0,0,0,0,0,0.5630150559084323,0.37383701390013624,3.2482794381573545,0.022422866389644684,0,0,0,0.01278821393895901,0,0.0015935692373521783,0.6430965106289673
Michael Burton,RB,DEN,MIN,0,0,0,0,0,0.03415584103678901,0.023115104995057246,0.22871414290797262,0.0017801173229150754,0.3203687007030878,0.37098822558639494,0.007385417810801265,0.01276668495926379,0,0.0014617165119857314,0.12359756712529196
Dwayne Washington,RB,DEN,MIN,0,0,0,0,0,0.014531140125925225,0.009810730234502836,0.10217982126635537,7.723894089899435e-4,4.8379120262853213e-4,0.0025191891116080637,2.2351374946677727e-5,0.0126590400607877,0,7.206165005991958e-5,0.019999587558547652
Samaje Perine,RB,DEN,MIN,0,0,0,0,0,3.9199464555885446,2.757169065035003,31.86145490784922,0.19066546477630444,1.2870051781781517,6.6547309803125385,0.039261817249902985,0.01005403351766642,0,0.09663530609652234,6.4164962012978775
Courtland Sutton,WR,DEN,MIN,0,0,0,0,0,7.891135876774938,5.1410474039600444,55.703547126894996,0.46544303957163946,4.459699372378424e-7,2.1070844630294075e-6,1.969974980385456e-8,0.01151800413694119,0,0.21769442166270606,10.498148137680893
Lil Jordan Humphrey,WR,DEN,MIN,0,0,0,0,0,0.661459465719332,0.4673558359235798,6.099329338400275,0.031793744954569624,0,0,0,0.01287432985773988,0,0,1.0343733215292352
Jerry Jeudy,WR,DEN,MIN,0,0,0,0,0,6.634083930912855,4.250573346743304,53.13525474602718,0.34513025946240755,0.006270667090713274,0.04383111569490161,3.3941302214303225e-4,0.01138883025876989,0,0.0951876371863751,9.325638020078413
Adam Trautman,TE,DEN,MIN,0,0,0,0,0,2.1529768323433096,1.4384115766316552,13.3228729006774,0.09694548379738306,0,0,0,0.0125298661826164,0,0.009011552285360458,2.615142876597145
Javonte Williams,RB,DEN,MIN,0,0,0,0,0,4.087220349924269,2.9671207616179136,25.138819675344916,0.26854236808549753,14.88147278646963,61.674717434840495,0.3420744680814959,0.01322772876299829,0,0.11804817712755165,13.592518754574355
Marvin Mims,WR,DEN,MIN,0,0,0,0,0,1.9764391367832768,1.2188594262680446,11.363411740363217,0.0918766062224102,0.48935220879758873,0,0.004484631688694179,0.007,0.21,0.10676322719160208,2.110411860253766
Jaleel McLaughlin,RB,DEN,MIN,0,0,0,0,0,2.455786468052942,1.7965773154554292,12.40093878745699,0.10287126230858987,4.4473339245082535,18.551780194455535,0.11677275678169524,0.007,0.21,0,5.311424670460679
Nate Adkins,TE,DEN,MIN,0,0,0,0,0,0.5449081857013128,0.3616585291385231,2.8318333081965905,0.02524577250652101,0,0,0,0.007,0.21,0,0.61548723042804665
Jalen Nailor,WR,MIN,DEN,0,0,0,0,0,1.1986283763002143,0.7933030760065949,11.034439200004226,0.053570573675526346,0,0,0,0.01272362699987336,0,0.005046846218480049,1.811425207619918
Jalen Hurts,QB,PHI,KC,33.0375344950852,21.43089471653144,245.59086154098483,1.4740496843302549,0.3321468711009834,0,0,0,0,8.42874192860616,35.395665186814334,0.317541609185126,0,1.794633077765608,0.45,19.932502501651616
Patrick Mahomes,QB,KC,PHI,39.14653898398054,26.41926683322022,279.7690947773281,1.8862460003068142,0.3602059103220587,0.019097042327694488,0.012989768680357892,0.13287541741863534,9.413035714041758e-4,4.692906615783001,25.247926106867876,0.15267144788576076,0,1.6128148959474262,0.45,20.941793427510145
Joe Burrow,QB,CIN,BAL,38.481427480493906,24.842693433468494,251.07332457207812,1.572436198090738,0.3252825080163147,0,0,0,0,5.37994784828871,18.276070611773534,0.0911691448257506,0,1.6582694414019716,0.45,17.482017197361618
Lamar Jackson,QB,BAL,CIN,30.003723308370574,20.143930034519116,225.45350326723576,1.2537210228992648,0.3793321224821976,0,0,0,0,8.767559994610687,44.41291215687643,0.2368550881046239,0,1.6128148959474262,0.45,18.61611384411968
Dak Prescott,QB,DAL,CAR,33.93404650005711,23.614137087624975,266.2921355312784,1.725610365221099,0.2844154763088258,0,0,0,0,4.297862578557726,19.405244670785237,0.23573890294250519,0,1.5673603504928808,0.45,19.72466929056026
Bryce Young,QB,CAR,DAL,34.35900830091713,20.574712622782833,198.70989478119725,1.1844038839679405,1.0547946023464663,0,0,0,0,3.909474752144947,29.428524309171433,0.11739244431780921,0.007,0.21,0.45,14.378423821597183
Kenny Pickett,QB,PIT,CLE,30.30088447769701,18.311077271350637,191.54410835677513,0.981199240795307,0.5291194445236174,0,0,0,0,2.5204721486235035,6.603416572943795,0.05050307956948956,0,1.5673603504928808,0.45,11.120801987639933
Dorian Thompson Robinson,QB,CLE,PIT,33.509804187593694,19.952696369604347,207.2132460842049,1.2378623156325692,1.1863253591204024,0,0,0,0,3.282073008141752,19.66814760287261,0.11104494544051503,0.007,0.21,0,14.686738179708422
Justin Fields,QB,CHI,DET,29.75731488849624,18.157738008105643,207.45908177290693,1.4455396318446057,0.6153011627974778,0,0,0,0,7.4449475950641295,34.5102891790671,0.18603016930414082,0,2.112814895947426,0.45,17.13243056922878
Jared Goff,QB,DET,CHI,35.55978405586673,24.606594625623785,273.0684583366933,1.5695771780485894,0.11039816820133982,0.0038323453082269123,0.0026419464450751534,0.02971302323253166,1.7323532786501846e-4,1.8066335998782224,1.0575962859203938,0.027600585578685968,0,1.703723986856517,0.45,16.46734370703789
C J Stroud,QB,HOU,ARI,34.9200350431709,22.462293564412995,275.6456649838832,1.4634469054566501,0.45694009730313834,0.031146950268616823,0.020336208210813278,0.2115036470916695,0.0012292996735241667,1.3759989019137542,8.954857023047413,0.16246928119601312,0.007,0.21,0.45,17.431669780215334
Kyler Murray,QB,ARI,HOU,35.33969783658428,23.784993197105116,241.0064218933333,1.2617070561588992,0.6255275981559522,0,0,0,0,3.5138808100688634,17.888914134205926,0.24032434762915583,0,1.7491785323110625,0.4372946330777656,16.417805735252973
Aidan O Connell,QB,LV,MIA,32.264622931053324,21.02763445173625,210.51582210069813,1.2013831229899166,0.9529402433536315,0,0,0,0,1.3945607878920572,2.9211148163328113,0.045894147247181695,0.007,0.21,0.45,11.94070149775033
Tua Tagovailoa,QB,MIA,LV,34.75186751300359,24.67335560739428,285.16910782397997,1.8055541643849797,0.20647314140258644,0,0,0,0,3.158263073655909,8.285011250945411,0.08151571423164292,0,1.6128148959474262,0.45,18.84010323958093
Tommy DeVito,QB,NYG,WAS,25.812316403501676,14.247446064029898,157.12358282269574,0.9348344462102316,0.8202705643544996,0,0,0,0,5.4108471730916605,24.306624006569656,0.15770715952937614,0.007,0.21,0,12.580915891227477
Sam Howell,QB,WAS,NYG,34.962497494647494,21.654871232680676,252.68682870689253,1.3979310919142456,0.49827832441128633,0,0,0,0,3.8948168572434017,23.47071693684243,0.167025262622986,0,1.385542168674699,0.45,17.650142460943556
Justin Herbert,QB,LAC,GB,35.95906485312406,23.089350627312513,255.42551210793846,1.6451952716872777,0.3035538618754683,0.08460562702958348,0.059828391275021216,0.6865457106043822,0.0043056271531289585,3.674981868555364,17.48681417561754,0.0973013733384795,0,1.7491785323110625,0.45,18.051139896400535
Jordan Love,QB,GB,LAC,34.156419331621386,20.60419859319653,240.29798026669317,1.5037760387878056,0.6288190537073235,0,0,0,0,2.8229027967007956,13.950533275606828,0.1118684256084192,0,1.385542168674699,0.45,16.164468193322822
Will Levis,QB,TEN,JAC,33.86906191502857,20.293356330051694,222.97906666057398,1.28991312032474,0.8646716285827301,0,0,0,0,1.1231928941723177,2.943607420459518,0.03848342038270045,0.007,0.21,0,13.739404783481342
Trevor Lawrence,QB,JAC,TEN,33.98131790507021,23.32793623900075,247.1335262890802,1.2356798776205267,0.4365466053165082,0,0,0,0,3.5210340159195788,17.433552580881102,0.12918627869726382,0,1.9309967141292443,0.45,16.0099868870005
Baker Mayfield,QB,TB,SF,34.80618844460729,22.433336698380877,232.10812119118032,1.3973715426372508,0.4752977766071981,0,0,0,0,3.0090233116258895,11.916236987412766,0.07866843784455552,0,1.5219058050383354,0.45,15.162147567397627
Brock Purdy,QB,SF,TB,30.503059130206644,20.328531661471047,256.89406573513094,1.507364454057964,0.47649039966197526,0,0,0,0,2.9938127941948176,18.941152619874522,0.10769029647358178,0,1.385542168674699,0.45,17.46898708680406
Zach Wilson,QB,NYJ,BUF,32.217476024719126,19.042928390348244,204.23680144755363,0.8940360158454408,0.7097355827938979,0.00602414596891691,0.0036609704323597625,0.03827357087971691,1.9104084487060947e-4,3.6660782533179908,34.762162249626144,0.12351098972757775,0,1.4309967141292443,0.45,14.359966789191466
Josh Allen,QB,BUF,NYJ,34.963015359781636,23.27281939726749,249.13232600901426,1.7390679083882064,0.5242323064503869,0,0,0,0,7.179760276460228,33.785600511787436,0.31225667334654816,0,1.97645125958379,0.45,20.749432458721042
Geno Smith,QB,SEA,LAR,33.51220594193251,22.295586007919944,243.60568841436992,1.3806372383753,0.4945555930572399,0.08029438510888093,0.05807443212482232,0.39234203040777343,0.0029966765726535567,2.206513594477804,10.73500390036363,0.0891150752492447,0,1.7491785323110625,0.45,15.566663217089696
Matthew Stafford,QB,LAR,SEA,35.98519094718158,22.87313168779254,264.1459497455307,1.3097534834796587,0.5185962527628398,0,0,0,0,0.7398039153258414,6.81487241316186,0.0321717771019408,0,1.6128148959474262,0.40320372398685655,15.354366126931138
Joshua Dobbs,QB,MIN,DEN,31.619519254187626,19.898956979099477,216.19922872492884,1.3543021844689336,0.47263989851019395,0,0,0,0,6.9734272033769535,41.750007387642775,0.3794210008230963,0,1.5673603504928808,0.45,19.14406473206555
Russell Wilson,QB,DEN,MIN,30.935658738871926,20.805536109903194,215.43663593354245,1.6434893748068724,0.2819356315387799,0.004240188523572516,0.0029021557548848612,0.030215152142618915,2.279077858987479e-4,5.004053495439116,23.36369894456277,0.11672761031657952,0,1.6582694414019716,0.45,17.052062901193256
