player,Position,Team,player_games,pl_rus_att,pl_rus_yds,pl_rus_tds,rus_att_per,rus_yds_per,rus_tds_per,Pick,tot_rus_att_per,tot_rus_yds_per,tot_rus_tds_per,adj_rus_att_per,adj_rus_yds_per,adj_rus_tds_per
Derrick Henry,RB,BAL,17,280,1167,12,0.6306306306306306,0.632177681473456,0.6904700203995979,NA,1.549526205792615,1.709824135880258,1.5561815590348165,0.40698287532868793,0.3697325755364869,0.44369502799393473
Lamar Jackson,QB,BAL,16,148,821,5,0.29066543438077636,0.3278137918075911,0.2512110144715312,NA,1.549526205792615,1.709824135880258,1.5561815590348165,0.18758342601382139,0.19172368954706842,0.1614278314847393
Mark Andrews,TE,BAL,10,1,0,0,0.00314232902033271,0,0.001256931608133084,NA,1.549526205792615,1.709824135880258,1.5561815590348165,0.0020279289298791455,0,8.077024180344774e-4
Justice Hill,RB,BAL,16,84,387,3,0.16497227356746766,0.15452367531003383,0.14273935388106737,NA,1.549526205792615,1.709824135880258,1.5561815590348165,0.10646626881865538,0.09037401687541473,0.09172410060532908
Deonte Harty,WR,BAL,16,4,0,0,0.00830078125,0,0.0033203125000000003,NA,1.549526205792615,1.709824135880258,1.5561815590348165,0.005356980229807715,0,0.002133627969514909
Rashod Bateman,WR,BAL,16,1,18,0,0.00196395563770794,0.00718714768883878,0.0015042970239670542,NA,1.549526205792615,1.709824135880258,1.5561815590348165,0.0012674555811744636,0.004203442645368125,9.666590734438837e-4
Zay Flowers,WR,BAL,16,8,56,1,0.01571164510166358,0.02236001503194288,0.028953351851552026,NA,1.549526205792615,1.709824135880258,1.5561815590348165,0.010139644649395747,0.01307737711892306,0.018605381668646448
Keaton Mitchell,RB,BAL,8,47,396,2,0.1846118299445471,0.31623449830890643,0.18719895103947876,NA,1.549526205792615,1.709824135880258,1.5561815590348165,0.11914082463040004,0.18495147639619758,0.12029377289086006
Rasheen Ali,RB,BAL,NA,NA,NA,NA,0.249527326259489,0.249527326259489,0.249527326259489,165,1.549526205792615,1.709824135880258,1.5561815590348165,0.16103459581817822,0.1459374218805412,0.16034589589549708
Patrick Mahomes,QB,KC,16,75,389,0,0.19109712230215825,0.23167741031390135,0.09960658995225344,NA,1.3098251658842017,1.247310236129308,1.2463462751517966,0.14589513721333758,0.18574160910668858,0.07991887322014263
Clyde Edwards Helaire,RB,KC,15,70,223,1,0.19024780175859313,0.14166666666666666,0.15322875033306688,NA,1.3098251658842017,1.247310236129308,1.2463462751517966,0.1452467143812783,0.11357773115555524,0.122942358306005
Kadarius Toney,WR,KC,13,11,31,0,0.034495480538646,0.02272335288030355,0.016070527503488755,NA,1.3098251658842017,1.247310236129308,1.2463462751517966,0.02633594271748452,0.018217883748648907,0.012894111230469615
Noah Gray,TE,KC,17,1,1,0,0.00239808153477218,5.605381165919282e-4,0.001015286425568065,NA,1.3098251658842017,1.247310236129308,1.2463462751517966,0.0018308409375791365,4.493975118262539e-4,8.146102297649262e-4
Skyy Moore,WR,KC,14,3,23,0,0.00873586844809866,0.01565502882767457,0.005059850262006921,NA,1.3098251658842017,1.247310236129308,1.2463462751517966,0.00666949198689543,0.012551030508861806,0.004059746767719641
Keaontay Ingram,RB,KC,8,35,74,0,0.15790870488322717,0.06649048625792811,0.06981253057908368,NA,1.3098251658842017,1.247310236129308,1.2463462751517966,0.12055708578223139,0.053307095806624225,0.05601375153191755
Isiah Pacheco,RB,KC,14,205,935,7,0.5969510106200753,0.6364109545163358,0.7746437219218859,NA,1.3098251658842017,1.247310236129308,1.2463462751517966,0.45574861910452114,0.5102266750341647,0.6215317021969191
Rashee Rice,WR,KC,16,1,-3,0,0.00254796163069544,-0.00178671524663677,8.405131276144989e-4,NA,1.3098251658842017,1.247310236129308,1.2463462751517966,0.0019452684961778317,-0.0014324545689461832,6.74381706249437e-4
Mecole Hardman,WR,KC,11,1,3,0,0.00338590616558574,0.00242080108936049,0.0015964425751703452,NA,1.3098251658842017,1.247310236129308,1.2463462751517966,0.0025850061930212443,0.0019408171433538423,0.001280898099507626
Josh Jacobs,RB,GB,13,233,805,6,0.7377537716520768,0.6826798363763344,0.7200128489418208,NA,1.874616324871426,1.8203500465750693,1.917911698219401,0.3935492089042151,0.37502668108300097,0.37541501499275715
Jordan Love,QB,GB,17,50,247,4,0.11337868480725624,0.12965879265091862,0.25831735318799437,NA,1.874616324871426,1.8203500465750693,1.917911698219401,0.06048100792839971,0.07122739546433254,0.13468678116297925
AJ Dillon,RB,GB,15,178,613,2,0.45744520030234315,0.3646894138232721,0.3327803548365978,NA,1.874616324871426,1.8203500465750693,1.917911698219401,0.24402070665511666,0.2003402667027826,0.1735118228568879
Christian Watson,WR,GB,9,4,11,0,0.01713277903754094,0.01090696996208807,0.007943808611225183,NA,1.874616324871426,1.8203500465750693,1.917911698219401,0.009139352309180398,0.005991688237440478,0.004141905291364694
Bo Melton,WR,GB,5,3,21,0,0.02312925170068027,0.03748031496062992,0.012999732176335101,NA,1.874616324871426,1.8203500465750693,1.917911698219401,0.01233812561739354,0.020589619579568192,0.006778066054033727
Dontayvion Wicks,WR,GB,15,1,1,0,0.00256991685563114,5.94925634295713e-4,0.0010874593056820273,NA,1.874616324871426,1.8203500465750693,1.917911698219401,0.0013709028463770592,3.2681935840584434e-4,5.670017585750324e-4
Emanuel Wilson,RB,GB,7,14,85,0,0.07709750566893424,0.10836145481814773,0.04167514774938847,NA,1.874616324871426,1.8203500465750693,1.917911698219401,0.041127085391311796,0.05952781170963593,0.02172944030117752
MarShawn Lloyd,RB,GB,NA,NA,NA,NA,0.41960694727326725,0.41960694727326725,0.41960694727326725,88,1.874616324871426,1.8203500465750693,1.917911698219401,0.22383617474474238,0.23050893319268148,0.21878324620619002
Saquon Barkley,RB,PHI,14,247,962,6,0.6606356198867211,0.6233419728617167,0.6908741595265744,NA,1.6727573356489036,1.5486740409981865,1.7387050023451684,0.3949381095557679,0.4025004335062956,0.3973498428972839
Dallas Goedert,TE,PHI,14,1,1,0,0.00238095238095238,5.544683626875408e-4,0.001007827788649706,NA,1.6727573356489036,1.5486740409981865,1.7387050023451684,0.001423369863763742,3.58027801854393e-4,5.796427728052466e-4
Jalen Hurts,QB,PHI,17,157,605,15,0.3078431372549019,0.2762557077625571,0.49167191658730736,NA,1.6727573356489036,1.5486740409981865,1.7387050023451684,0.1840333506207474,0.17838208715921816,0.28278052684275906
Kenneth Gainwell,RB,PHI,16,84,364,2,0.175,0.17659817351598175,0.1359552718970527,NA,1.6727573356489036,1.5486740409981865,1.7387050023451684,0.10461768498663507,0.11403185489062417,0.07819340929811323
Tyrion Davis Price,RB,PHI,1,6,21,0,0.20440881763527055,0.14943491000418585,0.0967070180545268,NA,1.6727573356489036,1.5486740409981865,1.7387050023451684,0.12219872738204156,0.09649216429550836,0.05562014138343664
Will Shipley,RB,PHI,NA,NA,NA,NA,0.3224888084910576,0.3224888084910576,0.3224888084910576,127,1.6727573356489036,1.5486740409981865,1.7387050023451684,0.1927887575910443,0.20823543234649933,0.18547643680560194
Jayden Reed,WR,GB,16,11,119,2,0.02650226757369614,0.06637139107611548,0.12348804613709,NA,1.874616324871426,1.8203500465750693,1.917911698219401,0.014137435603263427,0.036460784672152004,0.06438672137603463
Adam Thielen,WR,CAR,17,1,6,0,0.00224719101123595,0.00339174674957603,0.0012380510794519832,NA,1.000749063670412,1.00337996985114,1.0051019081675645,0.0022455089820359233,0.0033803213652742383,0.0012317667187689617
Miles Sanders,RB,CAR,16,129,432,1,0.3080056179775281,0.2594686263425664,0.22504196696812503,NA,1.000749063670412,1.00337996985114,1.0051019081675645,0.3077750748502994,0.2585945844434793,0.22389965150738467
Chuba Hubbard,RB,CAR,17,238,902,5,0.5348314606741573,0.5098925946862635,0.6220647008811464,NA,1.000749063670412,1.00337996985114,1.0051019081675645,0.534431137724551,0.5081749785795608,0.6189070937247088
Ihmir Smith Marsette,WR,CAR,17,8,74,1,0.01797752808988764,0.04183154324477105,0.08280273698900359,NA,1.000749063670412,1.00337996985114,1.0051019081675645,0.017964071856287425,0.04169063017171562,0.08238242939958604
Raheem Blackshear,RB,CAR,12,14,46,0,0.04456928838951311,0.03683813830789523,0.02151152918659477,NA,1.000749063670412,1.00337996985114,1.0051019081675645,0.04453592814371258,0.03671404593950633,0.021402336431549682
Bryce Young,QB,CAR,16,39,253,0,0.0931179775280899,0.15195732052006783,0.05244292306324275,NA,1.000749063670412,1.00337996985114,1.0051019081675645,0.09304827844311378,0.1514454395004636,0.05217672221800198
Derek Carr,QB,NO,17,32,40,0,0.06666666666666667,0.02296211251435132,0.0289628779181018,NA,1.2911975388140022,1.2752670651272906,1.1909731776596317,0.05163165562405091,0.01800572848014338,0.024318665156688443
Alvin Kamara,RB,NO,13,180,694,5,0.4903846153846154,0.5209750066236863,0.4997306367570432,NA,1.2911975388140022,1.2752670651272906,1.1909731776596317,0.3797905437730668,0.40852227809371466,0.4195985653841998
Jamaal Williams,RB,NO,13,106,306,1,0.28878205128205126,0.22970944096087612,0.1887796225970738,NA,1.2911975388140022,1.2752670651272906,1.1909731776596317,0.22365443133302818,0.18012653760328054,0.1585087104715847
Taysom Hill,TE,NO,16,81,401,4,0.179296875,0.24458237657864523,0.25963852611940297,NA,1.2911975388140022,1.2752670651272906,1.1909731776596317,0.13886091756702754,0.19178914226427723,0.21800535141321636
James Robinson,RB,NO,1,1,2,0,0.03854875283446712,0.01784776902887139,0.017204278036673987,NA,1.2911975388140022,1.2752670651272906,1.1909731776596317,0.02985503896628794,0.013995318719447928,0.01444556297269593
Adam Prentice,RB,NO,13,2,12,0,0.00544871794871794,0.00900821337101475,0.0030803085165886507,NA,1.2911975388140022,1.2752670651272906,1.1909731776596317,0.004219894930811846,0.007063785788363942,0.00258637942009889
Rashid Shaheed,WR,NO,15,7,37,0,0.01652777777777778,0.02407194795254497,0.00901830590636561,NA,1.2911975388140022,1.2752670651272906,1.1909731776596317,0.012800347956795955,0.018876005356683646,0.007572215794219131
Kendre Miller,RB,NO,8,41,156,1,0.18151041666666667,0.19029850746268656,0.17336478664370458,NA,1.2911975388140022,1.2752670651272906,1.1909731776596317,0.14057524988266987,0.14922247477918826,0.14556565159962864
DeAndre Hopkins,WR,TEN,17,2,9,0,0.0045045045045045,0.00487540628385698,0.0022893424301874982,NA,0.9215453782396531,0.8715293050197049,0.7915845738613239,0.004887989903556413,0.005594081869394798,0.002892100864245194
Tyler Boyd,WR,TEN,17,2,11,0,0.0052219321148825,0.00720366732154551,0.002809139578107551,NA,0.9215453782396531,0.8715293050197049,0.7915845738613239,0.0056664948229217926,0.008265548020077923,0.003548754827806534
Calvin Ridley,WR,TEN,17,9,23,0,0.01986754966887417,0.01397326852976913,0.009344346720526583,NA,0.9215453782396531,0.8715293050197049,0.7915845738613239,0.021558948846149496,0.01603304495819931,0.01180460942403812
Tony Pollard,RB,TEN,17,252,1005,6,0.5384615384615384,0.5234375,0.4820140796703297,NA,0.9215453782396531,0.8715293050197049,0.7915845738613239,0.5843027930866671,0.600596557092438,0.6089230330993954
Treylon Burks,WR,TEN,11,5,18,0,0.0174037674037674,0.01506943760464887,0.008468450721971848,NA,0.9215453782396531,0.8715293050197049,0.7915845738613239,0.018885415536467973,0.01729079850540213,0.010698099737673031
Chigoziem Okonkwo,TE,TEN,17,2,6,0,0.0045045045045045,0.00325027085590465,0.002126828887392265,NA,0.9215453782396531,0.8715293050197049,0.7915845738613239,0.004887989903556413,0.0037293879129298617,0.0026867993106758797
Will Levis,QB,TEN,9,25,57,1,0.10635635635635636,0.05832430480317804,0.10740275080063813,NA,0.9215453782396531,0.8715293050197049,0.7915845738613239,0.11541087272285987,0.06692179421535269,0.1356807021601381
Tyjae Spears,RB,TEN,17,100,453,2,0.22522522522522528,0.24539544962080173,0.17712963505217028,NA,0.9215453782396531,0.8715293050197049,0.7915845738613239,0.24439949517782095,0.2815687874262053,0.22376590057602774
Keenan Allen,WR,CHI,13,2,6,0,0.00606817776191326,0.00477841281738967,0.002905112386504271,NA,1.0807278207231554,1.1233952593966199,0.8559942905925605,0.005614899186969033,0.004253545470679816,0.003393845517933551
D J Moore,WR,CHI,17,4,21,1,0.00749063670411985,0.00875364735306377,0.03512161941695432,NA,1.0807278207231554,1.1233952593966199,0.8559942905925605,0.006931103799204119,0.007792134851775491,0.041030202891471905
Khari Blasingame,RB,CHI,16,8,26,0,0.01591760299625468,0.01151521467278032,0.007518562665779904,NA,1.0807278207231554,1.1233952593966199,0.8559942905925605,0.01472859557330875,0.010250367870490381,0.008783426184507835
D Andre Swift,RB,CHI,16,229,1049,5,0.47708333333333336,0.5089326484018265,0.36246523453715235,NA,1.0807278207231554,1.1233952593966199,0.8559942905925605,0.44144633291118485,0.4530307958350975,0.4234435188653378
Cole Kmet,TE,CHI,17,3,2,0,0.00561797752808988,8.336807002917882e-4,0.0023305590812651308,NA,1.0807278207231554,1.1233952593966199,0.8559942905925605,0.005198327849403082,7.421080811214759e-4,0.002722633908751664
Khalil Herbert,RB,CHI,12,132,611,2,0.350187265917603,0.3608100597471168,0.26469757900841956,NA,1.0807278207231554,1.1233952593966199,0.8559942905925605,0.32402910261279255,0.32117819327536534,0.3092282062128979
Velus Jones,WR,CHI,14,8,51,0,0.01819154628143392,0.02581432739832073,0.009858051252405641,NA,1.0807278207231554,1.1233952593966199,0.8559942905925605,0.01683268065521,0.0229788466547257,0.011516491827978693
Tyler Scott,WR,CHI,17,7,41,0,0.01310861423220973,0.01709045435598166,0.006952491128482058,NA,1.0807278207231554,1.1233952593966199,0.8559942905925605,0.0121294316486072,0.015213215662990255,0.00812212324882355
Roschon Johnson,RB,CHI,15,81,352,2,0.1719101123595506,0.16629151035153533,0.1562265293123071,NA,1.0807278207231554,1.1233952593966199,0.8559942905925605,0.15906883219173454,0.14802582524769703,0.1825088450112904
DeAndre Carter,WR,CHI,17,3,18,0,0.0072639225181598,0.01167315175097276,0.004072884182361196,NA,1.0807278207231554,1.1233952593966199,0.8559942905925605,0.006721324628526022,0.010390956925741752,0.004758074004841492
Gerald Everett,TE,CHI,15,3,10,0,0.00788863109048724,0.00690215184734064,0.00384566762092896,NA,1.0807278207231554,1.1233952593966199,0.8559942905925605,0.007299368943059744,0.006144010124315295,0.00449263232616517
Robert Woods,WR,HOU,14,1,7,0,0.00273487773487773,0.00516089860352155,0.0016100409543032472,NA,1.7974594023150647,1.6378883910387307,1.9423522614125404,0.0015215240641069854,0.0031509464452877433,8.289129558468319e-4
Stefon Diggs,WR,HOU,17,1,5,0,0.001953125,0.00226039783001808,0.0010072897830018081,NA,1.7974594023150647,1.6378883910387307,1.9423522614125404,0.0010866031229881707,0.001380068289381159,5.185927408807272e-4
Joe Mixon,RB,HOU,17,257,1034,9,0.671018276762402,0.6771447282252783,0.7111217835274887,NA,1.7974594023150647,1.6378883910387307,1.9423522614125404,0.37331484421742933,0.4134254396881344,0.36611370535349663
Noah Brown,WR,WAS,10,1,-1,0,0.00382882882882882,-0.00103217972070431,0.001428313559461097,NA,1.258626995738494,1.1880909051077648,1.194021460567746,0.0030420679373576215,-8.68771670809724e-4,0.001196221011623985
Steven Sims,WR,HOU,3,1,1,0,0.01276276276276276,0.00344059906901436,0.00544916501200654,NA,1.7974594023150647,1.6378883910387307,1.9423522614125404,0.0071004456324992755,0.002100630963525158,0.002805446324161475
Andrew Beck,RB,HOU,15,5,3,1,0.01276276276276276,0.00206435944140862,0.06197820771591262,NA,1.7974594023150647,1.6378883910387307,1.9423522614125404,0.0071004456324992755,0.0012603785781150974,0.03190884009414446
Nico Collins,WR,HOU,15,1,7,0,0.00255255255255255,0.00481683869662011,0.0015027048906830313,NA,1.7974594023150647,1.6378883910387307,1.9423522614125404,0.0014200891264998542,0.002940883348935225,7.736520921237101e-4
Ben Skowronek,WR,HOU,17,2,9,0,0.00419287211740041,0.00440097799511002,0.0021172466464711662,NA,1.7974594023150647,1.6378883910387307,1.9423522614125404,0.0023326658237733423,0.002686982836674829,0.0010900425677325065
John Metchie,WR,HOU,16,1,4,0,0.00239301801801801,0.00258044930176077,0.001215252137383281,NA,1.7974594023150647,1.6378883910387307,1.9423522614125404,0.00133133355609361,0.0015754732226438686,6.256600110731258e-4
Dameon Pierce,RB,HOU,14,145,416,2,0.3965572715572716,0.30670483129499526,0.3107219631809796,NA,1.7974594023150647,1.6378883910387307,1.9423522614125404,0.2206209892955133,0.18725624589138606,0.15997199341947002
C J Stroud,QB,HOU,15,39,167,3,0.09954954954954956,0.11491600890507994,0.22131142071032783,NA,1.7974594023150647,1.6378883910387307,1.9423522614125404,0.05538347593349437,0.07016107418174047,0.11393989911458344
Tank Dell,WR,HOU,11,11,51,0,0.03828828828828828,0.04785560523265442,0.020100875838580754,NA,1.7974594023150647,1.6378883910387307,1.9423522614125404,0.021301336897497827,0.02921786703812274,0.010348728311497296
Xavier Hutchinson,WR,HOU,16,5,49,0,0.01196509009009009,0.03161050394656952,0.007947086430692987,NA,1.7974594023150647,1.6378883910387307,1.9423522614125404,0.006656667780468072,0.019299546977387446,0.004091475366529866
Jawhar Jordan,RB,HOU,NA,NA,NA,NA,0.1904840441431957,0.1904840441431957,0.1904840441431957,205,1.7974594023150647,1.6378883910387307,1.9423522614125404,0.10597404530965146,0.11629854951373873,0.09806874269277481
Jonathan Taylor,RB,IND,10,169,741,7,0.5997912317327766,0.6118018455560951,0.6142545719855622,NA,1.0250869867780097,1.115955503133745,1.282156660814052,0.5851125216387767,0.5482313979706877,0.4790791880264981
Trey Sermon,RB,IND,14,35,160,0,0.08872651356993737,0.0943592590022896,0.04492653132820391,NA,1.0250869867780097,1.115955503133745,1.282156660814052,0.08655510675129834,0.08455467869222097,0.035039814323219814
Kylen Granson,TE,IND,15,1,2,0,0.00236604036186499,0.00110085802169337,0.001056501946915333,NA,1.0250869867780097,1.115955503133745,1.282156660814052,0.002308136180034616,9.86471251409237e-4,8.240037892440937e-4
Tyler Goodson,RB,IND,6,13,87,0,0.07689631176061239,0.11971830985915492,0.04273035569016045,NA,1.0250869867780097,1.115955503133745,1.282156660814052,0.07501442585112522,0.10727874859075535,0.03332693811615079
Anthony Richardson,QB,IND,4,25,136,4,0.22181628392484343,0.28071879553181156,0.5641668141757501,NA,1.0250869867780097,1.115955503133745,1.282156660814052,0.21638776687824582,0.2515501691093574,0.44001394791924714
Evan Hull,RB,IND,1,1,1,0,0.03549060542797495,0.00825643516270033,0.015021885687460013,NA,1.0250869867780097,1.115955503133745,1.282156660814052,0.034622042700519336,0.0073985343855693265,0.011716107825640037
Dare Ogunbowale,RB,HOU,12,8,35,0,0.02552552552552552,0.03010524185387573,0.013220734395597782,NA,1.7974594023150647,1.6378883910387307,1.9423522614125404,0.014200891264998551,0.018380520930845183,0.006806558551837164
Cam Akers,RB,HOU,7,60,167,2,0.3192425813266564,0.21176245719786763,0.31422282232339765,NA,1.7974594023150647,1.6378883910387307,1.9423522614125404,0.17760767276049913,0.129289918871438,0.16177437458995456
Nick Bawden,RB,HOU,16,2,4,1,0.00547680412371134,0.00258044930176077,0.07834162372251777,NA,1.7974594023150647,1.6378883910387307,1.9423522614125404,0.0030469695819874475,0.0015754732226438686,0.04033337581389343
Chris Moore,WR,ARI,17,2,39,0,0.0045045045045045,0.02112676056338027,0.003914477858139827,NA,1.6580881068093605,1.7041707776399597,1.7705527039339446,0.0027166858540300766,0.012397091207395251,0.002210879037626133
James Conner,RB,ARI,13,208,1040,7,0.5774946921443737,0.5750528541226215,0.5577339315007809,NA,1.6580881068093605,1.7041707776399597,1.7705527039339446,0.3482895087255887,0.33743851359720534,0.31500555180400247
Kyler Murray,QB,ARI,8,44,244,3,0.19851380042462843,0.21923890063424947,0.2888294102332763,NA,1.6580881068093605,1.7041707776399597,1.7705527039339446,0.11972451862442111,0.12864843330893455,0.16312951859130417
Greg Dortch,WR,ARI,16,1,5,0,0.00225583864118895,0.00224630021141649,0.0011269654776172291,NA,1.6580881068093605,1.7041707776399597,1.7705527039339446,0.0013605058934593253,0.0013181191937390831,6.365049033068906e-4
DeeJay Dallas,RB,ARI,17,10,36,0,0.02617801047120419,0.02278481012658228,0.012749685201139904,NA,1.6580881068093605,1.7041707776399597,1.7705527039339446,0.01578806962289732,0.013370027479368048,0.007200963390026014
Tony Jones,RB,ARI,7,26,95,2,0.13833845190821778,0.120463673256272,0.2327312921618626,NA,1.6580881068093605,1.7041707776399597,1.7705527039339446,0.0834325096115796,0.07068755950803093,0.13144556027322038
Michael Carter,RB,ARI,15,30,187,0,0.07448993564288649,0.1106575075736562,0.04086172501452022,NA,1.6580881068093605,1.7041707776399597,1.7705527039339446,0.044925197483158236,0.06493334413755264,0.023078513801781005
Emari Demercado,RB,ARI,14,58,284,2,0.14952987564452533,0.14581697372395044,0.1458222190587766,NA,1.6580881068093605,1.7041707776399597,1.7705527039339446,0.09018210493787565,0.08556476594786278,0.08235971667761036
Curtis Samuel,WR,BUF,16,7,39,1,0.02071727019498607,0.02602858040201005,0.04883619468962401,NA,1.2925493194655668,1.349871014113423,1.3191513357839568,0.01602822413271788,0.01928227225406812,0.03702091895362499
Josh Allen,QB,BUF,17,111,524,15,0.216796875,0.23688969258589512,0.45131681016768044,NA,1.2925493194655668,1.349871014113423,1.3191513357839568,0.16772812590984107,0.1754906136283555,0.3421266369710856
Ty Johnson,RB,BUF,10,30,132,0,0.099609375,0.10144665461121156,0.04998841546112116,NA,1.2925493194655668,1.349871014113423,1.3191513357839568,0.07706427406668374,0.07515285056908964,0.03789437504637298
James Cook,RB,BUF,17,237,1122,2,0.462890625,0.5072332730560578,0.28133412276015124,NA,1.2925493194655668,1.349871014113423,1.3191513357839568,0.3581222147804715,0.3757642528454482,0.21326902769116898
Khalil Shakir,WR,BUF,17,1,10,0,0.001953125,0.00452079566003616,0.001233329566003616,NA,1.2925493194655668,1.349871014113423,1.3191513357839568,0.0015110641973859558,0.003349057511991512,9.349416799632486e-4
Darrynton Evans,RB,BUF,7,32,121,1,0.1702627100408834,0.15343267856851486,0.16612312390967898,NA,1.2925493194655668,1.349871014113423,1.3191513357839568,0.1317262772698548,0.11366469608156404,0.12593181646664814
Ray Davis,RB,BUF,NA,NA,NA,NA,0.3203193392296974,0.3203193392296974,0.32031933922969746,128,1.2925493194655668,1.349871014113423,1.3191513357839568,0.24781981964304506,0.23729625710948304,0.24282228319113613
Trey Benson,RB,ARI,NA,NA,NA,NA,0.4867829974278311,0.4867829974278311,0.4867829974278311,66,1.6580881068093605,1.7041707776399597,1.7705527039339446,0.29358089924698993,0.28564214561991147,0.2749327915211226
Jacoby Brissett,QB,NE,3,3,19,0,0.04735376044568245,0.06762981574539363,0.025704485752812346,NA,0.9586130416830655,1.033840852999188,1.0757016564704993,0.04939820176297836,0.06541607980493178,0.02389555282191506
Kendrick Bourne,WR,NE,8,1,4,0,0.00512048192771084,0.00522433927473878,0.002570626698558214,NA,0.9586130416830655,1.033840852999188,1.0757016564704993,0.005341552540032897,0.0050533302679836,0.002389720870183221
Jalen Reagor,WR,NE,11,1,17,0,0.00372398685651697,0.01614795775828351,0.003104390518435139,NA,0.9586130416830655,1.033840852999188,1.0757016564704993,0.0038847654836602842,0.015619384464676587,0.002885921481817738
Rhamondre Stevenson,RB,NE,12,156,619,4,0.5325301204819277,0.5389776685105512,0.5817246298586409,NA,0.9586130416830655,1.033840852999188,1.0757016564704993,0.5555214641634216,0.5213352393136417,0.5407862174046904
Tyquan Thornton,WR,NE,9,3,51,0,0.01365461847389558,0.05920917844703954,0.011382765234262186,NA,0.9586130416830655,1.033840852999188,1.0757016564704993,0.0142441401067544,0.057271076370480824,0.010581712099998383
Kevin Harris,RB,NE,4,16,65,1,0.163855421686747,0.16979102642901045,0.31863238242871095,NA,0.9586130416830655,1.033840852999188,1.0757016564704993,0.17092968128105282,0.16423323370946707,0.2962088795830067
Trayveon Williams,RB,CIN,17,15,69,0,0.03916449086161879,0.04518664047151276,0.020184460391798796,NA,0.8198182465089014,0.786462958636611,0.5663480305574472,0.04777216295001498,0.05745552282569924,0.03563967614036118
Joe Burrow,QB,CIN,10,31,88,0,0.13759791122715403,0.097969875573019,0.06483615204816352,NA,0.8198182465089014,0.786462958636611,0.5663480305574472,0.16783953249771932,0.12457023499600883,0.11448111152491577
Zack Moss,RB,CIN,14,183,794,5,0.46391291380852967,0.46825782279886213,0.3921653838935236,NA,0.8198182465089014,0.786462958636611,0.5663480305574472,0.5658728819272414,0.595397173708753,0.6924459214725645
Ja Marr Chase,WR,CIN,16,3,-6,0,0.00832245430809399,-0.00417485265225933,0.002911496458011663,NA,0.8198182465089014,0.786462958636611,0.5663480305574472,0.01015158462687818,-0.005308390695852645,0.005140825607084612
Charlie Jones,WR,CIN,11,2,13,0,0.00807025872300023,0.0131571113889385,0.004543814628093942,NA,0.8198182465089014,0.786462958636611,0.5663480305574472,0.009843960850306109,0.01672947370814168,0.008023007731873876
Chase Brown,RB,CIN,12,44,179,0,0.16275021758050476,0.16606636105653785,0.0817067231378557,NA,0.8198182465089014,0.786462958636611,0.5663480305574472,0.19851987714784003,0.21115598545724976,0.14426945752320017
Antonio Gibson,RB,NE,16,65,265,1,0.19237465181058497,0.17686086683417088,0.13258237597907965,NA,0.9586130416830655,1.033840852999188,1.0757016564704993,0.20068019466209958,0.17107165606881833,0.1232519957383887
Christian Kirk,WR,JAC,12,1,6,0,0.00312729948491537,0.0051640340218712,0.001767323196153268,NA,1.2635441578630342,1.2594629506350947,1.2618075711627927,0.0024750219178761488,0.004100187321323896,0.0014006281437387697
D Ernest Johnson,RB,JAC,17,41,108,0,0.09050772626931566,0.06561360874848116,0.042764451382574384,NA,1.2635441578630342,1.2594629506350947,1.2618075711627927,0.07163004609382756,0.05209649772976247,0.03389142081558893
Devin Duvernay,WR,JAC,13,4,15,0,0.00966870467794682,0.00737143352701413,0.004604625223880141,NA,1.2635441578630342,1.2594629506350947,1.2618075711627927,0.007652051270055328,0.005852838722486456,0.0036492293509039924
Gabriel Davis,WR,JAC,17,1,-2,0,0.001953125,-9.041591320072332e-4,6.908340867992767e-4,NA,1.2635441578630342,1.2594629506350947,1.2618075711627927,0.0015457512805118086,-7.178925998190764e-4,5.474955948811218e-4
Trevor Lawrence,QB,JAC,16,70,339,4,0.1641832229580574,0.2188259416767922,0.2125558833509022,NA,1.2635441578630342,1.2594629506350947,1.2618075711627927,0.1299386506884982,0.17374543774110018,0.168453485466905
Travis Etienne,RB,JAC,17,267,1008,11,0.5894039735099337,0.6123936816524909,0.6205303693339285,NA,1.2635441578630342,1.2594629506350947,1.2618075711627927,0.4664688367573648,0.48623397881111646,0.49177892375625193
Tank Bigsby,RB,JAC,17,50,132,2,0.11037527593818984,0.08019441069258809,0.11099308085629944,NA,1.2635441578630342,1.2594629506350947,1.2618075711627927,0.08735371474857019,0.06367349722526525,0.08796355592795822
Keilan Robinson,RB,JAC,NA,NA,NA,NA,0.2461813435551978,0.2461813435551978,0.24618134355519783,167,1.2635441578630342,1.2594629506350947,1.2618075711627927,0.19483398504374502,0.19546533181548437,0.1951021290261672
Raheem Mostert,RB,MIA,15,209,1012,18,0.5194444444444445,0.4969381860196419,0.6352493741575198,NA,1.63873093317729,1.7273103367811775,1.6040034788477582,0.31697970296887484,0.2876947908189332,0.3960398980018756
Tyreek Hill,WR,MIA,16,6,15,0,0.01398026315789473,0.00690532928942807,0.006282638192100699,NA,1.63873093317729,1.7273103367811775,1.6040034788477582,0.008531152292822584,0.003997735173805576,0.003916848233155863
Jonnu Smith,TE,MIA,17,1,0,0,0.00191570881226053,0,7.662835249042121e-4,NA,1.63873093317729,1.7273103367811775,1.6040034788477582,0.0011690197417255164,0,4.777318347555422e-4
Braxton Berrios,WR,MIA,16,1,11,0,0.00233004385964912,0.00506390814558059,0.0014384083584177071,NA,1.63873093317729,1.7273103367811775,1.6040034788477582,0.0014218587154704297,0.0029316724607907595,8.967613707739543e-4
Jeff Wilson,RB,MIA,10,41,188,0,0.15285087719298243,0.13847487001733105,0.07498783787892607,NA,1.63873093317729,1.7273103367811775,1.6040034788477582,0.09327393173486029,0.08016791601871459,0.04675042097339705
Alec Ingold,RB,MIA,17,2,0,0,0.0043859649122807,0,0.00175438596491228,NA,1.63873093317729,1.7273103367811775,1.6040034788477582,0.002676439935003164,0,0.0010937544637824289
Tua Tagovailoa,QB,MIA,17,35,74,0,0.07675438596491227,0.03206239168110918,0.03390799355407583,NA,1.63873093317729,1.7273103367811775,1.6040034788477582,0.04683769886255538,0.01856203312072865,0.021139601005375475
Jaylen Waddle,WR,MIA,14,3,12,0,0.00798872180451127,0.00631344392176281,0.003826833113980789,NA,1.63873093317729,1.7273103367811775,1.6040034788477582,0.0048749441673271885,0.003655072158907958,0.0023858010063231338
Erik Ezukanma,WR,MIA,2,5,22,0,0.09320175438596492,0.08102253032928944,0.04538295478731491,NA,1.63873093317729,1.7273103367811775,1.6040034788477582,0.056874348618817266,0.04690675937265215,0.028293551345609253
De Von Achane,RB,MIA,11,103,800,8,0.3490829346092504,0.5356861509374509,0.42215801789367424,NA,1.63873093317729,1.7273103367811775,1.6040034788477582,0.21302028755411553,0.31012733469522086,0.26319021340086685
Chris Brooks,RB,MIA,9,19,106,0,0.0787037037037037,0.08675139611014829,0.04015662109249631,NA,1.63873093317729,1.7273103367811775,1.6040034788477582,0.0480272277225568,0.050223398924253815,0.02503524563509237
Jaylen Wright,RB,MIA,NA,NA,NA,NA,0.3380921303294353,0.3380921303294353,0.33809213032943536,120,1.63873093317729,1.7273103367811775,1.6040034788477582,0.20631338768587096,0.19573328725599246,0.21078017272899252
Gary Brightwell,RB,JAC,7,9,19,0,0.04814348646947766,0.02462265589266656,0.021719660177057717,NA,1.2635441578630342,1.2594629506350947,1.2618075711627927,0.03810194219955099,0.01955012323328001,0.017213131917604846
C J Ham,RB,MIN,17,1,7,0,0.00254452926208651,0.00450740502253702,0.001468552207088306,NA,0.8508518302575336,0.8433126845972113,0.824984650875385,0.0029905668314967816,0.005344879906187913,0.0017800964000118504
Aaron Jones,RB,MIN,11,142,656,2,0.4976293547722119,0.5321880219518015,0.40681599864951945,NA,0.8508518302575336,0.8433126845972113,0.824984650875385,0.5848601802050432,0.6310684419575506,0.49311947588097554
Sam Darnold,QB,MIN,10,21,15,1,0.0715430861723447,0.01067392214315613,0.06116610816473498,NA,0.8508518302575336,0.8433126845972113,0.824984650875385,0.08408407154826267,0.012657134581408888,0.07414211658342017
Brandon Powell,WR,MIN,17,5,17,0,0.01272264631043257,0.01094655505473277,0.006183714029646305,NA,0.8508518302575336,0.8433126845972113,0.824984650875385,0.014952834157483932,0.012980422629313513,0.007495550399737514
Justin Jefferson,WR,MIN,10,1,-12,0,0.00432569974554707,-0.01313586606567933,4.1669329165089494e-4,NA,0.8508518302575336,0.8433126845972113,0.824984650875385,0.005083963613544532,-0.01557650715517622,5.050921749983406e-4
Kene Nwangwu,RB,NO,9,5,13,0,0.0240316652530393,0.015811690634614,0.01119383516467712,NA,1.2911975388140022,1.2752670651272906,1.1909731776596317,0.01861191996626093,0.01239872891490047,0.009398897787668066
Ty Chandler,RB,MIN,17,102,461,3,0.2595419847328244,0.29684481648422406,0.34778698982726647,NA,0.8508518302575336,0.8433126845972113,0.824984650875385,0.3050378168126722,0.35199851953609007,0.4215678309387118
Jordan Addison,WR,MIN,17,1,2,0,0.00254452926208651,0.00128783000643915,0.001146594705478519,NA,0.8508518302575336,0.8433126845972113,0.824984650875385,0.0029905668314967816,0.0015271085446251196,0.0013898376221446983
Isaiah McKenzie,WR,NYG,13,3,14,0,0.00819013971414806,0.00889154555983113,0.004165210441642337,NA,1.3118514807797403,1.4461889318401238,1.282526254029817,0.006243191271377757,0.006148259998448177,0.003247660957079715
Daniel Jones,QB,NYG,6,40,206,1,0.24963289280469897,0.3114549982212736,0.27266532361067364,NA,1.3118514807797403,1.4461889318401238,1.282526254029817,0.19029051417948759,0.21536259292551754,0.21260018869316225
Devin Singletary,RB,NYG,17,216,898,4,0.48648648648648646,0.5452337583485125,0.4491179704294459,NA,1.3118514807797403,1.4461889318401238,1.282526254029817,0.37083960617045447,0.37701419665462366,0.3501822820533111
Wan Dale Robinson,WR,NYG,15,9,87,1,0.0224669603524229,0.05261472785485592,0.07091492359312142,NA,1.3118514807797403,1.4461889318401238,1.282526254029817,0.01712614627615388,0.03638164191168937,0.05529315549705132
Eric Gray,RB,NYG,13,17,48,0,0.04896645205015249,0.0334947869633035,0.022936059516391348,NA,1.3118514807797403,1.4461889318401238,1.282526254029817,0.03732621624289949,0.023160726946433542,0.01788350097654852
Tyrone Tracy,RB,NYG,NA,NA,NA,NA,0.2478486885829683,0.2478486885829683,0.24784868858296832,166,1.3118514807797403,1.4461889318401238,1.282526254029817,0.18893044846483048,0.17138057353793107,0.1932503820519889
Joshua Kelley,RB,NYG,17,107,405,2,0.2482598607888631,0.2466504263093788,0.21487807785557403,NA,1.3118514807797403,1.4461889318401238,1.282526254029817,0.18924387739479626,0.1705520080253567,0.16754282977085816
Russell Wilson,QB,PIT,15,80,341,3,0.20103473762010343,0.21351749539594844,0.31426564458763623,NA,1.4952762178536108,1.5187472708330276,1.368735214224747,0.13444655590702706,0.14058790392349796,0.2296029511928913
Van Jefferson,WR,PIT,17,1,4,0,0.00219088046008489,0.00208853427317375,0.001085205611351331,NA,1.4952762178536108,1.5187472708330276,1.368735214224747,0.001465201167467093,0.0013751690707751504,7.928528469737607e-4
Najee Harris,RB,PIT,17,255,1035,8,0.5236139630390143,0.5149253731343284,0.5109381225290386,NA,1.4952762178536108,1.5187472708330276,1.368735214224747,0.3501787541238596,0.3390461224347706,0.37329215849716735
George Pickens,WR,PIT,17,3,18,0,0.00616016427104722,0.00895522388059701,0.003359588096478589,NA,1.4952762178536108,1.5187472708330276,1.368735214224747,0.004119750048515991,0.005896454303213399,0.0024545201011588373
Calvin Austin,WR,PIT,17,11,57,1,0.02258726899383983,0.02835820895522388,0.04312072849305832,NA,1.4952762178536108,1.5187472708330276,1.368735214224747,0.015105750177891982,0.018672105293509104,0.03150406889873286
Connor Heyward,TE,PIT,17,1,0,0,0.00205338809034907,0,8.21355236139628e-4,NA,1.4952762178536108,1.5187472708330276,1.368735214224747,0.0013732500161719946,0,6.000833671871621e-4
Jaylen Warren,RB,PIT,17,149,784,4,0.30595482546201236,0.3900497512437811,0.2863869053091831,NA,1.4952762178536108,1.5187472708330276,1.368735214224747,0.20461425240962783,0.25682334298440596,0.2092347024704796
Kirk Cousins,QB,ATL,8,14,25,0,0.07569974554707379,0.03420798454603992,0.033700696673433506,NA,1.075125759182232,1.037467884948792,0.9277860493350336,0.07041013100146809,0.03297257201144918,0.036323780356028845
Ray Ray McCloud,WR,ATL,12,3,30,0,0.00851703406813627,0.01778987023859355,0.005185800651113863,NA,1.075125759182232,1.037467884948792,0.9277860493350336,0.007921895643738033,0.01714739366556068,0.005589435899397981
KhaDarel Hodge,WR,ATL,17,1,0,0,0.00191570881226053,0,7.662835249042121e-4,NA,1.075125759182232,1.037467884948792,0.9277860493350336,0.0017818462592856734,0,8.259269747086904e-4
Darnell Mooney,WR,ATL,15,2,5,0,0.00424469413233458,0.0023620953174934,0.001934087184683172,NA,1.075125759182232,1.037467884948792,0.9277860493350336,0.0039480908127093916,0.002276788854635235,0.0020846262843350343
Kyle Pitts,TE,ATL,17,1,-4,0,0.00191570881226053,-0.00185270958777211,5.810125661270011e-4,NA,1.075125759182232,1.037467884948792,0.9277860493350336,0.0017818462592856734,-0.0017857994590970469,6.26235506066756e-4
Tyler Allgeier,RB,ATL,17,186,683,4,0.3563218390804598,0.31635016211208894,0.3170208947005356,NA,1.075125759182232,1.037467884948792,0.9277860493350336,0.3314234042271364,0.3049252576408219,0.3416961215656908
Bijan Robinson,RB,ATL,17,214,976,4,0.4099616858237547,0.4520611394163965,0.35204793112828436,NA,1.075125759182232,1.037467884948792,0.9277860493350336,0.3813150994871353,0.43573506801968104,0.3794494769355559
Jase McClellan,RB,ATL,NA,NA,NA,NA,0.21654934290595187,0.21654934290595187,0.21654934290595185,186,1.075125759182232,1.037467884948792,0.9277860493350336,0.20141768630924145,0.20872871926694914,0.23340439647821598
Jonathan Ward,RB,PIT,7,3,11,0,0.0164092664092664,0.01447144404890883,0.008010850968597443,NA,1.4952762178536108,1.5187472708330276,1.368735214224747,0.010974070351243216,0.00952853995317555,0.005852739730331843
La Mical Perine,RB,PIT,3,22,77,0,0.298960831334932,0.24458146487294471,0.1440424790212673,NA,1.4952762178536108,1.5187472708330276,1.368735214224747,0.1999368596686934,0.1610415831323882,0.10523765117189089
Cordarrelle Patterson,RB,PIT,14,50,181,0,0.11631089217296114,0.10179977502812149,0.05670433437199661,NA,1.4952762178536108,1.5187472708330276,1.368735214224747,0.07778555612950176,0.06702877890426408,0.04142827172318643
Michael Burton,RB,DEN,17,7,9,0,0.0155210643015521,0.00497237569060773,0.0067056632896816135,NA,0.9982270179540986,0.9852166419939855,0.9004130230410141,0.015548631746476936,0.005046987107875189,0.007447319305793924
Samaje Perine,RB,KC,17,53,238,1,0.11751662971175166,0.13149171270718232,0.1226558231554189,NA,1.3098251658842017,1.247310236129308,1.2463462751517966,0.0897193249699258,0.10542021455322254,0.09841231574305483
Javonte Williams,RB,DEN,16,217,774,3,0.5112250554323725,0.4543508287292818,0.44914385504587717,NA,0.9982270179540986,0.9852166419939855,0.9004130230410141,0.5121330581495843,0.4611684469820958,0.498819812189032
Marvin Mims,WR,DEN,16,9,30,0,0.02120288248337028,0.01761049723756906,0.010242202717105018,NA,0.9982270179540986,0.9852166419939855,0.9004130230410141,0.021240541582240816,0.017874746007057976,0.01137500508656957
Jaleel McLaughlin,RB,DEN,17,76,410,1,0.16851441241685144,0.2265193370165746,0.15255769866839805,NA,0.9982270179540986,0.9852166419939855,0.9004130230410141,0.1688137161046068,0.22991830158098103,0.16943079982690232
Audric Estime,RB,DEN,NA,NA,NA,NA,0.2817636033199523,0.2817636033199523,0.2817636033199523,147,0.9982270179540986,0.9852166419939855,0.9004130230410141,0.2822640524170912,0.28599151832198993,0.3129270635917023
Geno Smith,QB,SEA,15,37,155,1,0.10977312390924958,0.11118143459915612,0.10654254453876698,NA,1.119825185795243,1.1389850668927832,1.1192149446437392,0.09802701823614932,0.09761447961953133,0.09519399740742461
Laviska Shenault,WR,SEA,8,12,55,0,0.05730337078651686,0.06606840022611644,0.02952818833721839,NA,1.119825185795243,1.1389850668927832,1.1192149446437392,0.05117171100757384,0.05800637966778163,0.026382946795459026
Kenneth Walker,RB,SEA,15,219,905,8,0.649738219895288,0.64915611814346,0.7369321118936734,NA,1.119825185795243,1.1389850668927832,1.1192149446437392,0.580213972803154,0.569942606810812,0.6584366259764772
Zach Charbonnet,RB,SEA,16,108,462,1,0.3003926701570681,0.31068037974683543,0.19952056058296533,NA,1.119825185795243,1.1389850668927832,1.1192149446437392,0.26824961071378695,0.2727694934529646,0.17826831346187513
Jake Bobo,WR,SEA,17,1,3,1,0.00261780104712041,0.00189873417721519,0.04669153929111513,NA,1.119825185795243,1.1389850668927832,1.1192149446437392,0.0023376872393358256,0.0016670404489104024,0.04171811635876401
Ameer Abdullah,RB,LV,17,15,89,0,0.03631961259079903,0.05771725032425422,0.020299570068745033,NA,1.078093019393084,1.137898484498379,0.8593526467424274,0.03368875592130749,0.050722670880168866,0.02362193232975449
Alexander Mattison,RB,LV,16,180,700,0,0.4866412213740458,0.4789117836445589,0.24254766691407423,NA,1.078093019393084,1.137898484498379,0.8593526467424274,0.4513907544341601,0.4208739093766155,0.2822446266192425
Gardner Minshew,QB,LV,17,34,100,3,0.0709812108559499,0.04856726566294318,0.11219657932972693,NA,1.078093019393084,1.137898484498379,0.8593526467424274,0.06583959786318717,0.04268154525608067,0.1305594155729126
Jakobi Meyers,WR,LV,16,4,24,2,0.01029055690072639,0.01653696498054474,0.1023608283492541,NA,1.078093019393084,1.137898484498379,0.8593526467424274,0.009545147511037121,0.014532900083643883,0.11911388035782075
Harrison Bryant,TE,LV,17,5,8,0,0.00965250965250965,0.00396628656420426,0.0042576325174242865,NA,1.078093019393084,1.137898484498379,0.8593526467424274,0.00895331801512226,0.0034856242610716913,0.004954464891175719
Zamir White,RB,LV,17,104,451,1,0.25181598062953997,0.2924773022049287,0.17542866792685433,NA,1.078093019393084,1.137898484498379,0.8593526467424274,0.23357537438773196,0.2570328603028782,0.2041404871351206
Tre Tucker,WR,LV,16,10,77,0,0.02572639225181598,0.05305609597924773,0.015596166498651165,NA,1.078093019393084,1.137898484498379,0.8593526467424274,0.023862868777592805,0.04662638776835747,0.018148738539145715
Dylan Laube,RB,LV,NA,NA,NA,NA,0.18666553513769732,0.18666553513769732,0.18666553513769732,208,1.078093019393084,1.137898484498379,0.8593526467424274,0.1731441830898611,0.1640441020711837,0.21721645455482763
Gus Edwards,RB,LAC,17,198,810,13,0.36598890942698703,0.3043968432919955,0.4268352480999944,NA,1.2441162880652765,1.0496754920708877,1.2929270498118868,0.2941758040931494,0.2899913788512447,0.3301309599502125
Justin Herbert,QB,LAC,13,52,228,3,0.1577726218097448,0.18157968706080763,0.25958869575165705,NA,1.2441162880652765,1.0496754920708877,1.2929270498118868,0.12681501184675975,0.17298649766755247,0.2007759801989027
J K Dobbins,RB,LAC,1,8,22,1,0.2513863216266174,0.1405486659150695,0.26460939524215393,NA,1.2441162880652765,1.0496754920708877,1.2929270498118868,0.20206014826600166,0.13389725393872284,0.20465918419809767
Joshua Palmer,WR,LAC,10,1,6,0,0.00394431554524362,0.00621193666260657,0.0021989198843581047,NA,1.2441162880652765,1.0496754920708877,1.2929270498118868,0.0031703752961689934,0.005917959130732052,0.0017007300486736932
Isaiah Spiller,RB,LAC,9,37,96,0,0.16215519463779324,0.11043442955745024,0.07590552081086233,NA,1.2441162880652765,1.0496754920708877,1.2929270498118868,0.13033765106472528,0.10520816232412547,0.058708278105795784
Quentin Johnston,WR,LAC,17,3,9,0,0.00696055684454756,0.00548112058465286,0.00333233479628431,NA,1.2441162880652765,1.0496754920708877,1.2929270498118868,0.005594779934415867,0.0052217286447635795,0.0025773571654867495
Derius Davis,WR,LAC,17,14,101,0,0.03248259860788863,0.06151035322777101,0.019144074765932554,NA,1.2441162880652765,1.0496754920708877,1.2929270498118868,0.026108973027274062,0.058599399235680194,0.014806771015207628
Kimani Vidal,RB,LAC,NA,NA,NA,NA,0.22398261411401807,0.22398261411401807,0.22398261411401807,181,1.2441162880652765,1.0496754920708877,1.2929270498118868,0.1800335035098151,0.2133827223803486,0.17323685365435446
Elijah Dotson,RB,LAC,4,4,6,0,0.0394431554524362,0.01552984165651644,0.017330246346626128,NA,1.2441162880652765,1.0496754920708877,1.2929270498118868,0.03170375296168994,0.014794897826830144,0.013403885663268918
Brandin Cooks,WR,DAL,16,5,35,0,0.01135149572649572,0.01936848958333333,0.006477447248931621,NA,1.1573809553300631,1.1094078936491725,1.100430869909641,0.00980791646364916,0.017458402535450335,0.0058862827516493604
Ezekiel Elliott,RB,DAL,17,184,642,3,0.4433734939759037,0.39459127228027047,0.38347519148505527,NA,1.1573809553300631,1.1094078936491725,1.100430869909641,0.3830834540123066,0.3556773613556529,0.34847731190651104
Dak Prescott,QB,DAL,17,55,242,2,0.11752136752136752,0.12604166666666666,0.1310412851037851,NA,1.1573809553300631,1.1094078936491725,1.100430869909641,0.10154078221189725,0.11361165481893061,0.11908179667346593
Royce Freeman,RB,DAL,14,77,319,2,0.1960167714884696,0.189416695773664,0.16480869563307168,NA,1.1573809553300631,1.1094078936491725,1.100430869909641,0.16936236127418333,0.1707367478255596,0.14976742305184923
Rico Dowdle,RB,DAL,16,89,361,2,0.2020566239316239,0.19977213541666664,0.17669272025717336,NA,1.1573809553300631,1.1094078936491725,1.100430869909641,0.17458091305295514,0.1800709518656449,0.16056685166573165
Peyton Hendershot,TE,KC,8,1,0,0,0.00454059829059829,0,0.001816239316239316,NA,1.3098251658842017,1.247310236129308,1.2463462751517966,0.003466568217547679,0,0.0014572509682496625
KaVontae Turpin,WR,DAL,16,11,110,1,0.02497329059829059,0.06087239583333333,0.05402298439407815,NA,1.1573809553300631,1.1094078936491725,1.100430869909641,0.021577416220028157,0.05486926511141535,0.04909257443724212
Deuce Vaughn,RB,DAL,7,23,40,0,0.11935286935286936,0.05059523809523809,0.05280067155067156,NA,1.1573809553300631,1.1094078936491725,1.100430869909641,0.10312323596065409,0.04560562294974782,0.04798181602721409
Hunter Luepke,RB,DAL,17,6,19,1,0.01282051282051282,0.00989583333333333,0.04183207417582418,NA,1.1573809553300631,1.1094078936491725,1.100430869909641,0.011077176241297882,0.008919923312230085,0.038014268155944324
Deshaun Watson,QB,CLE,6,26,142,1,0.14221364221364222,0.19947116179143945,0.17127701750904525,NA,1.5223955324276353,1.8081292374287121,1.2869933589361475,0.09341438488515935,0.11031908431230368,0.13308306241038104
D Onta Foreman,RB,CLE,9,109,425,4,0.3855597170203912,0.33463016997823164,0.4237980149170908,NA,1.5223955324276353,1.8081292374287121,1.2869933589361475,0.25325857098750926,0.18506982966223115,0.3292930860710968
Nick Chubb,RB,CLE,2,28,170,0,0.4594594594594595,0.7164105106593952,0.25542483484972334,NA,1.5223955324276353,1.8081292374287121,1.2869933589361475,0.30180032039820714,0.3962164295723583,0.1984663192519208
Elijah Moore,WR,CLE,17,9,11,0,0.01737451737451737,0.00545364402578086,0.0074951713523850345,NA,1.5223955324276353,1.8081292374287121,1.2869933589361475,0.011412617157915394,0.0030161804327307534,0.005823784015933603
Pierre Strong,RB,CLE,17,63,291,1,0.12162162162162164,0.1442736737729301,0.096409349359275,NA,1.5223955324276353,1.8081292374287121,1.2869933589361475,0.07988832010540778,0.07979168235678634,0.07491052590898274
Jerome Ford,RB,CLE,17,204,813,4,0.3938223938223938,0.4030738720872583,0.3311696780710167,NA,1.5223955324276353,1.8081292374287121,1.2869933589361475,0.25868598891274897,0.2229231538009185,0.2573204249824317
Cedric Tillman,WR,CLE,14,1,8,0,0.00234418091560948,0.0048162051136766,0.0014192928776114522,NA,1.5223955324276353,1.8081292374287121,1.2869933589361475,0.0015397975530520728,0.0026636398626713126,0.0011027973592534043
CeeDee Lamb,WR,DAL,17,14,113,2,0.02991452991452991,0.05885416666666667,0.08927980006105006,NA,1.1573809553300631,1.1094078936491725,1.100430869909641,0.025846744563028386,0.05305007022536843,0.08113167533039221
Austin Ekeler,RB,WAS,14,179,628,5,0.5043089161418628,0.4644162171567774,0.5241392141464489,NA,1.258626995738494,1.1880909051077648,1.194021460567746,0.40068178884559974,0.3908928308096533,0.4389696763885849
Dyami Brown,WR,WAS,17,1,0,0,0.00278551532033426,0,0.0011142061281337041,NA,1.258626995738494,1.1880909051077648,1.194021460567746,0.002213138070107793,0,9.331541893760516e-4
Brian Robinson,RB,WAS,15,178,733,5,0.5619312906220985,0.5218174204355109,0.4793352106733429,NA,1.258626995738494,1.1880909051077648,1.194021460567746,0.44646372000974577,0.4392066450404987,0.401446059809866
Chris Rodriguez,RB,WAS,13,51,247,2,0.1857724448253696,0.2028894472361809,0.18800451606035934,NA,1.258626995738494,1.1880909051077648,1.194021460567746,0.14759928513718903,0.17076929582065775,0.15745488860054907
Chris Godwin,WR,TB,17,4,38,1,0.00911161731207289,0.02518223989396951,0.06866287091422611,NA,1.3087731333970483,1.3104205425247022,1.3179872710545133,0.006961953206070788,0.019216914781763513,0.05209676331645402
Baker Mayfield,QB,TB,17,62,163,1,0.14123006833712984,0.1080185553346587,0.1297938828683178,NA,1.3087731333970483,1.3104205425247022,1.3179872710545133,0.10791027469409724,0.08243045024809087,0.0984788591808406
Chase Edmonds,RB,TB,13,49,176,0,0.14596110040301383,0.1525207727991028,0.07363651744111581,NA,1.3087731333970483,1.3104205425247022,1.3179872710545133,0.11152513501263397,0.11639070653246243,0.05587043142093451
Rachaad White,RB,TB,17,272,990,6,0.6195899772209567,0.6560636182902584,0.6884423527174085,NA,1.3087731333970483,1.3104205425247022,1.3179872710545133,0.4734128180128136,0.5006512008933126,0.5223437037950982
Trey Palmer,WR,TB,17,3,22,0,0.00683371298405467,0.0145791915175613,0.004191404345377998,NA,1.3087731333970483,1.3104205425247022,1.3179872710545133,0.0052214649045530925,0.011125582242073615,0.0031801554062236745
Rakim Jarrett,WR,TB,10,1,0,0,0.00387243735763098,0,0.001548974943052392,NA,1.3087731333970483,1.3104205425247022,1.3179872710545133,0.002958830112580086,0,0.0011752578929029162
Sean Tucker,RB,TB,11,15,23,0,0.05280596396769517,0.02355563588167961,0.02347794917524603,NA,1.3087731333970483,1.3104205425247022,1.3179872710545133,0.0403476833533648,0.017975630812606537,0.017813487042603583
Bucky Irving,RB,TB,NA,NA,NA,NA,0.32687192688644734,0.32687192688644734,0.32687192688644734,125,1.3087731333970483,1.3104205425247022,1.3179872710545133,0.24975445976493985,0.2494404782885076,0.2480084095386742
Sterling Shepard,WR,TB,15,1,6,0,0.00249632892804698,0.00362860192102454,0.001361391763321246,NA,1.3087731333970483,1.3104205425247022,1.3179872710545133,0.0019073809389466261,0.0027690362011828264,0.0010329324062682374
Matthew Stafford,QB,LAR,15,21,65,0,0.04989517819706499,0.03602281988590056,0.023560353267416054,NA,1.405784190211053,1.5114863597598054,1.4026897204666504,0.03549277232202628,0.02383271251725027,0.016796553737898595
Demarcus Robinson,WR,LAR,16,1,23,0,0.00222746331236897,0.01194987775061124,0.002085973100008712,NA,1.405784190211053,1.5114863597598054,1.4026897204666504,0.0015844987643761712,0.007906044056203211,0.0014871236807201703
Cooper Kupp,WR,LAR,12,1,-3,0,0.00296995108315863,-0.00207823960880195,9.80156472383257e-4,NA,1.405784190211053,1.5114863597598054,1.4026897204666504,0.0021126650191682305,-0.0013749641836875123,6.9876927026825e-4
Boston Scott,RB,LAR,15,20,86,0,0.04444444444444444,0.04450532724505327,0.022228310502283105,NA,1.405784190211053,1.5114863597598054,1.4026897204666504,0.03161541063978811,0.029444742890121573,0.01584691908548965
Tutu Atwell,WR,LAR,16,5,31,0,0.01113731656184486,0.01610635696821516,0.0060655623215594605,NA,1.405784190211053,1.5114863597598054,1.4026897204666504,0.007922493821880863,0.01065597242357825,0.004324236666924139
Kyren Williams,RB,LAR,12,228,1144,12,0.6771488469601677,0.7925020374898125,0.8223319647552706,NA,1.405784190211053,1.5114863597598054,1.4026897204666504,0.48168762437035667,0.5243196753795061,0.5862536473723462
Ronnie Rivers,RB,LAR,9,32,129,0,0.12671791288143489,0.1191524042379788,0.06260240557637184,NA,1.405784190211053,1.5114863597598054,1.4026897204666504,0.09014037415117784,0.07883127986475091,0.044630259039429694
Puka Nacua,WR,LAR,17,12,89,0,0.02515723270440251,0.04352078239608802,0.014414971321369806,NA,1.405784190211053,1.5114863597598054,1.4026897204666504,0.017895515456483834,0.02879336761133857,0.010276664262267636
Zach Evans,RB,LAR,10,9,19,0,0.03207547169811321,0.01579462102689486,0.01440965078193477,NA,1.405784190211053,1.5114863597598054,1.4026897204666504,0.022816782207016894,0.010449727796025118,0.010272871164366223
Blake Corum,RB,LAR,NA,NA,NA,NA,0.43401037236805284,0.43401037236805284,0.43401037236805284,83,1.405784190211053,1.5114863597598054,1.4026897204666504,0.3087318632477251,0.28714144164491345,0.30941295572028943
Jared Goff,QB,DET,17,32,21,2,0.064,0.00908697533535266,0.06354573457057232,NA,1.503922208621337,1.5265354074260187,1.4941103480442826,0.04255539258155483,0.005952679047697127,0.04253081752211313
Kalif Raymond,WR,DET,17,7,75,0,0.014,0.03245348334054522,0.008845348334054523,NA,1.503922208621337,1.5265354074260187,1.4941103480442826,0.009308992127215119,0.021259568027489746,0.005920143947622511
David Montgomery,RB,DET,14,219,1015,13,0.5318571428571429,0.5333189095629598,0.5584027904271955,NA,1.503922208621337,1.5265354074260187,1.4941103480442826,0.3536467111185907,0.34936556791841483,0.37373597683606
Craig Reynolds,RB,DET,17,41,179,1,0.082,0.07745564690610125,0.059064083209128655,NA,1.503922208621337,1.5265354074260187,1.4941103480442826,0.05452409674511713,0.05073950235894219,0.03953127243007229
Amon Ra St Brown,WR,DET,16,4,24,0,0.0085,0.01103418433578537,0.004503418433578537,NA,1.503922208621337,1.5265354074260187,1.4941103480442826,0.005651888077237751,0.007228253129346511,0.0030141136760569874
Jake Funk,RB,DET,4,2,10,0,0.01774530271398747,0.02064108790675085,0.009162229876270073,NA,1.503922208621337,1.5265354074260187,1.4941103480442826,0.011799348804254175,0.01352152580696114,0.006132231055265084
Jameson Williams,WR,DET,12,3,29,1,0.0085,0.01777729698543199,0.03141229759977777,NA,1.503922208621337,1.5265354074260187,1.4941103480442826,0.005651888077237751,0.011645518930613826,0.021024081414665878
Zonovan Knight,RB,DET,2,3,13,0,0.051,0.04781479878840329,0.02518147987884033,NA,1.503922208621337,1.5265354074260187,1.4941103480442826,0.0339113284634265,0.03132243022716823,0.01685382870937321
Jahmyr Gibbs,RB,DET,15,182,945,10,0.41253333333333336,0.4634357421029857,0.42123345075350843,NA,1.503922208621337,1.5265354074260187,1.4941103480442826,0.27430496801527215,0.30358663143255354,0.28192927738227797
Sam LaPorta,TE,DET,17,1,4,0,0.002,0.00173085244482907,9.730852444829071e-4,NA,1.503922208621337,1.5265354074260187,1.4941103480442826,0.0013298560181735884,0.001133843628132781,6.512807074501747e-4
Sione Vaki,RB,DET,NA,NA,NA,NA,0.3117864297168734,0.3117864297168734,0.3117864297168734,132,1.503922208621337,1.5265354074260187,1.4941103480442826,0.20731552997192032,0.20424447949268004,0.20867697631904272
Mike Williams,WR,NYJ,3,1,3,0,0.01314771848414539,0.01035322777101096,0.0062944101707592525,NA,NA,NA,NA,NA,NA,NA
Tyler Conklin,TE,NYJ,17,1,0,0,0.00257731958762886,0,0.001030927835051544,NA,NA,NA,NA,NA,NA,NA
Garrett Wilson,WR,NYJ,17,4,0,0,0.01030927835051546,0,0.004123711340206184,NA,NA,NA,NA,NA,NA,NA
Breece Hall,RB,NYJ,17,223,994,5,0.5747422680412371,0.6035215543412265,0.6473919197934747,NA,NA,NA,NA,NA,NA,NA
Israel Abanikanda,RB,NYJ,6,22,70,0,0.1606529209621993,0.12042096741550294,0.07630326512643001,NA,NA,NA,NA,NA,NA,NA
Xavier Gipson,WR,NYJ,17,8,68,1,0.02061855670103092,0.04128718882817243,0.08380471299180103,NA,NA,NA,NA,NA,NA,NA
Braelon Allen,RB,NYJ,NA,NA,NA,NA,0.3076055970325186,0.3076055970325186,0.3076055970325186,134,NA,NA,NA,NA,NA,NA
Isaiah Davis,RB,NYJ,NA,NA,NA,NA,0.23641020034778912,0.23641020034778912,0.23641020034778915,173,NA,NA,NA,NA,NA,NA
Kyle Juszczyk,RB,SF,17,5,6,0,0.01002004008016032,0.00251151109250732,0.00425916714131486,NA,1.6979731943085283,1.5768287673075876,1.4735638143504202,0.005901176834679547,0.0015927608276678571,0.002890385268582614
Christian McCaffrey,RB,SF,16,272,1459,14,0.5791583166332666,0.6488855169526999,0.5720148413115396,NA,1.6979731943085283,1.5768287673075876,1.4735638143504202,0.34108802104447783,0.41151298759006194,0.388184641710747
George Kittle,TE,SF,16,1,2,0,0.00212925851703406,8.894935119296777e-4,9.406527580065918e-4,NA,1.6979731943085283,1.5768287673075876,1.4735638143504202,0.0012540000773693988,5.641027931323672e-4,6.383522375115139e-4
Trent Taylor,WR,SF,17,1,-2,0,0.00187265917602996,-8.336807002917882e-4,6.656956003828052e-4,NA,1.6979731943085283,1.5768287673075876,1.4735638143504202,0.0011028791162940412,-5.287071859522743e-4,4.517589220771268e-4
Patrick Taylor,RB,SF,11,32,141,0,0.11214182642754073,0.11438797423049392,0.05629552799406569,NA,1.6979731943085283,1.5768287673075876,1.4735638143504202,0.06604452108162322,0.07254305388264176,0.03820365799283828
Elijah Mitchell,RB,SF,11,75,281,2,0.23228274731280743,0.1817801286198105,0.16833016902616127,NA,1.6979731943085283,1.5768287673075876,1.4735638143504202,0.13680000844029858,0.11528209808741469,0.11423337583813088
Brock Purdy,QB,SF,16,39,144,2,0.08304108216432866,0.0640435328589368,0.07897263800347701,NA,1.6979731943085283,1.5768287673075876,1.4735638143504202,0.04890600301740675,0.04061540110553044,0.05359295419336143
Jordan Mason,RB,SF,17,40,206,3,0.08016032064128258,0.08622854750941816,0.0962425385630104,NA,1.6979731943085283,1.5768287673075876,1.4735638143504202,0.04720941467743638,0.05468478841659654,0.06531277276609583
Isaac Guerendo,RB,SF,NA,NA,NA,NA,0.3181644645736446,0.3181644645736446,0.31816446457364467,129,1.6979731943085283,1.5768287673075876,1.4735638143504202,0.18737896784242924,0.2017748985623251,0.21591495493793642
Matt Breida,RB,SF,17,55,151,1,0.1211453744493392,0.08057630736392743,0.10651578051612844,NA,1.6979731943085283,1.5768287673075876,1.4735638143504202,0.0713470476774362,0.051100226628608705,0.0722844708039217
Deon Jackson,RB,NYJ,4,14,16,0,NA,NA,NA,NA,NA,NA,NA,NA,NA,NA
Ke Shawn Vaughn,RB,SF,6,24,42,0,0.15489749430523916,0.07886017229953611,0.06984501495204928,NA,1.6979731943085283,1.5768287673075876,1.4735638143504202,0.09122493501336965,0.05001188076634898,0.047398703925719377
Logan Thomas,TE,SF,16,1,2,0,0.00295961002785515,0.00133479899497487,0.0013173239106395473,NA,1.6979731943085283,1.5768287673075876,1.4735638143504202,0.0017430251771791974,8.465085256238825e-4,8.939714030778185e-4
